language,sent_id,tok_id,token,upos,lemma
en,12,0,There,PRON,there
en,12,1,was,VERB,be
en,12,2,a,DET,a
en,12,3,little,ADJ,little
en,12,4,laughter,NOUN,laughter
en,12,5,in,ADP,in
en,12,6,the,DET,the
en,12,7,neighbouring,ADJ,neighbouring
en,12,8,room,NOUN,room
en,12,9,",",PUNCT,","
en,12,10,it,PRON,it
en,12,11,was,AUX,be
en,12,12,not,PART,not
en,12,13,clear,ADJ,clear
en,12,14,from,ADP,from
en,12,15,the,DET,the
en,12,16,sound,NOUN,sound
en,12,17,of,ADP,of
en,12,18,it,PRON,it
en,12,19,whether,SCONJ,whether
en,12,20,there,PRON,there
en,12,21,were,VERB,be
en,12,22,several,ADJ,several
en,12,23,people,NOUN,people
en,12,24,laughing,VERB,laugh
en,12,25,.,PUNCT,.
en,14,0,"""",PUNCT,""""
en,14,1,It,PRON,it
en,14,2,would,AUX,would
en,14,3,be,AUX,be
en,14,4,the,DET,the
en,14,5,first,ADJ,first
en,14,6,time,NOUN,time
en,14,7,that,PRON,that
en,14,8,'s,AUX,be
en,14,9,happened,VERB,happen
en,14,10,",",PUNCT,","
en,14,11,"""",PUNCT,""""
en,14,12,said,VERB,say
en,14,13,K.,PROPN,K.
en,14,14,",",PUNCT,","
en,14,15,as,SCONJ,as
en,14,16,he,PRON,he
en,14,17,jumped,VERB,jump
en,14,18,out,ADP,out
en,14,19,of,ADP,of
en,14,20,bed,NOUN,bed
en,14,21,and,CCONJ,and
en,14,22,quickly,ADV,quickly
en,14,23,pulled,VERB,pull
en,14,24,on,ADP,on
en,14,25,his,PRON,his
en,14,26,trousers,NOUN,trouser
en,14,27,.,PUNCT,.
en,17,0,That,PRON,that
en,17,1,",",PUNCT,","
en,17,2,at,ADP,at
en,17,3,least,ADJ,least
en,17,4,",",PUNCT,","
en,17,5,is,AUX,be
en,17,6,how,SCONJ,how
en,17,7,the,DET,the
en,17,8,stranger,NOUN,stranger
en,17,9,took,VERB,take
en,17,10,it,PRON,it
en,17,11,",",PUNCT,","
en,17,12,as,SCONJ,as
en,17,13,he,PRON,he
en,17,14,said,VERB,say
en,17,15,",",PUNCT,","
en,17,16,"""",PUNCT,""""
en,17,17,Do,AUX,do
en,17,18,n't,PART,not
en,17,19,you,PRON,you
en,17,20,think,VERB,think
en,17,21,you,PRON,you
en,17,22,'d,AUX,would
en,17,23,better,ADV,well
en,17,24,stay,VERB,stay
en,17,25,where,SCONJ,where
en,17,26,you,PRON,you
en,17,27,are,AUX,be
en,17,28,?,PUNCT,?
en,17,29,"""",PUNCT,""""
en,26,0,Through,ADP,through
en,26,1,the,DET,the
en,26,2,open,ADJ,open
en,26,3,window,NOUN,window
en,26,4,he,PRON,he
en,26,5,noticed,VERB,notice
en,26,6,the,DET,the
en,26,7,old,ADJ,old
en,26,8,woman,NOUN,woman
en,26,9,again,ADV,again
en,26,10,",",PUNCT,","
en,26,11,who,PRON,who
en,26,12,had,AUX,have
en,26,13,come,VERB,come
en,26,14,close,ADV,close
en,26,15,to,ADP,to
en,26,16,the,DET,the
en,26,17,window,NOUN,window
en,26,18,opposite,ADV,opposite
en,26,19,so,SCONJ,so
en,26,20,that,SCONJ,that
en,26,21,she,PRON,she
en,26,22,could,AUX,could
en,26,23,continue,VERB,continue
en,26,24,to,PART,to
en,26,25,see,VERB,see
en,26,26,everything,PRON,everything
en,26,27,.,PUNCT,.
en,32,0,"""",PUNCT,""""
en,32,1,That,PRON,that
en,32,2,'s,AUX,be
en,32,3,something,PRON,something
en,32,4,we,PRON,we
en,32,5,'re,AUX,be
en,32,6,not,PART,not
en,32,7,allowed,VERB,allow
en,32,8,to,PART,to
en,32,9,tell,VERB,tell
en,32,10,you,PRON,you
en,32,11,.,PUNCT,.
en,33,0,Go,VERB,go
en,33,1,into,ADP,into
en,33,2,your,PRON,your
en,33,3,room,NOUN,room
en,33,4,and,CCONJ,and
en,33,5,wait,VERB,wait
en,33,6,there,ADV,there
en,33,7,.,PUNCT,.
en,51,0,He,PRON,he
en,51,1,was,AUX,be
en,51,2,always,ADV,always
en,51,3,inclined,ADJ,inclined
en,51,4,to,PART,to
en,51,5,take,VERB,take
en,51,6,life,NOUN,life
en,51,7,as,ADV,as
en,51,8,lightly,ADV,lightly
en,51,9,as,SCONJ,as
en,51,10,he,PRON,he
en,51,11,could,AUX,could
en,51,12,",",PUNCT,","
en,51,13,to,PART,to
en,51,14,cross,VERB,cross
en,51,15,bridges,NOUN,bridge
en,51,16,when,SCONJ,when
en,51,17,he,PRON,he
en,51,18,came,VERB,come
en,51,19,to,ADP,to
en,51,20,them,PRON,they
en,51,21,",",PUNCT,","
en,51,22,pay,VERB,pay
en,51,23,no,DET,no
en,51,24,heed,NOUN,heed
en,51,25,for,ADP,for
en,51,26,the,DET,the
en,51,27,future,NOUN,future
en,51,28,",",PUNCT,","
en,51,29,even,ADV,even
en,51,30,when,SCONJ,when
en,51,31,everything,PRON,everything
en,51,32,seemed,VERB,seem
en,51,33,under,ADP,under
en,51,34,threat,NOUN,threat
en,51,35,.,PUNCT,.
en,52,0,But,CCONJ,but
en,52,1,here,ADV,here
en,52,2,that,PRON,that
en,52,3,did,AUX,do
en,52,4,not,PART,not
en,52,5,seem,VERB,seem
en,52,6,the,DET,the
en,52,7,right,ADJ,right
en,52,8,thing,NOUN,thing
en,52,9,to,PART,to
en,52,10,do,VERB,do
en,52,11,.,PUNCT,.
en,70,0,And,CCONJ,and
en,70,1,how,SCONJ,how
en,70,2,come,VERB,come
en,70,3,it,PRON,it
en,70,4,'s,AUX,be
en,70,5,like,ADP,like
en,70,6,this,PRON,this
en,70,7,?,PUNCT,?
en,70,8,"""",PUNCT,""""
en,93,0,But,CCONJ,but
en,93,1,the,DET,the
en,93,2,policeman,NOUN,policeman
en,93,3,just,ADV,just
en,93,4,said,VERB,say
en,93,5,dismissively,ADV,dismissively
en,93,6,",",PUNCT,","
en,93,7,"""",PUNCT,""""
en,93,8,You,PRON,you
en,93,9,'ll,AUX,will
en,93,10,find,VERB,find
en,93,11,out,ADP,out
en,93,12,when,SCONJ,when
en,93,13,it,PRON,it
en,93,14,affects,VERB,affect
en,93,15,you,PRON,you
en,93,16,.,PUNCT,.
en,93,17,"""",PUNCT,""""
en,109,0,Perhaps,ADV,perhaps
en,109,1,",",PUNCT,","
en,109,2,if,SCONJ,if
en,109,3,he,PRON,he
en,109,4,opened,VERB,open
en,109,5,the,DET,the
en,109,6,door,NOUN,door
en,109,7,of,ADP,of
en,109,8,the,DET,the
en,109,9,next,ADJ,next
en,109,10,room,NOUN,room
en,109,11,or,CCONJ,or
en,109,12,even,ADV,even
en,109,13,the,DET,the
en,109,14,front,ADJ,front
en,109,15,door,NOUN,door
en,109,16,",",PUNCT,","
en,109,17,the,DET,the
en,109,18,two,NUM,two
en,109,19,of,ADP,of
en,109,20,them,PRON,they
en,109,21,would,AUX,would
en,109,22,not,PART,not
en,109,23,dare,VERB,dare
en,109,24,to,PART,to
en,109,25,stand,VERB,stand
en,109,26,in,ADP,in
en,109,27,his,PRON,his
en,109,28,way,NOUN,way
en,109,29,",",PUNCT,","
en,109,30,perhaps,ADV,perhaps
en,109,31,that,PRON,that
en,109,32,would,AUX,would
en,109,33,be,AUX,be
en,109,34,the,DET,the
en,109,35,simplest,ADJ,simple
en,109,36,way,NOUN,way
en,109,37,to,PART,to
en,109,38,settle,VERB,settle
en,109,39,the,DET,the
en,109,40,whole,ADJ,whole
en,109,41,thing,NOUN,thing
en,109,42,",",PUNCT,","
en,109,43,by,ADP,by
en,109,44,bringing,VERB,bring
en,109,45,it,PRON,it
en,109,46,to,ADP,to
en,109,47,a,DET,a
en,109,48,head,NOUN,head
en,109,49,.,PUNCT,.
en,120,0,Because,SCONJ,because
en,120,1,those,DET,those
en,120,2,two,NUM,two
en,120,3,were,AUX,be
en,120,4,sitting,VERB,sit
en,120,5,there,ADV,there
en,120,6,in,ADP,in
en,120,7,the,DET,the
en,120,8,next,ADJ,next
en,120,9,room,NOUN,room
en,120,10,and,CCONJ,and
en,120,11,had,AUX,have
en,120,12,taken,VERB,take
en,120,13,his,PRON,his
en,120,14,breakfast,NOUN,breakfast
en,120,15,",",PUNCT,","
en,120,16,perhaps,ADV,perhaps
en,120,17,.,PUNCT,.
en,134,0,"""",PUNCT,""""
en,134,1,Let,VERB,let
en,134,2,go,VERB,go
en,134,3,of,ADP,of
en,134,4,me,PRON,I
en,134,5,for,ADP,for
en,134,6,God,PROPN,God
en,134,7,'s,PART,'s
en,134,8,sake,NOUN,sake
en,134,9,!,PUNCT,!
en,134,10,"""",PUNCT,""""
en,139,0,They,PRON,they
en,139,1,shook,VERB,shake
en,139,2,their,PRON,their
en,139,3,heads,NOUN,head
en,139,4,.,PUNCT,.
en,144,0,He,PRON,he
en,144,1,secretly,ADV,secretly
en,144,2,told,VERB,tell
en,144,3,himself,PRON,himself
en,144,4,that,SCONJ,that
en,144,5,he,PRON,he
en,144,6,had,AUX,have
en,144,7,succeeded,VERB,succeed
en,144,8,in,ADP,in
en,144,9,speeding,VERB,speed
en,144,10,things,NOUN,thing
en,144,11,up,ADP,up
en,144,12,by,ADP,by
en,144,13,letting,VERB,let
en,144,14,the,DET,the
en,144,15,policemen,NOUN,policeman
en,144,16,forget,VERB,forget
en,144,17,to,PART,to
en,144,18,make,VERB,make
en,144,19,him,PRON,he
en,144,20,have,VERB,have
en,144,21,a,DET,a
en,144,22,bath,NOUN,bath
en,144,23,.,PUNCT,.
en,149,0,Now,ADV,now
en,149,1,",",PUNCT,","
en,149,2,her,PRON,her
en,149,3,bedside,NOUN,bedside
en,149,4,table,NOUN,table
en,149,5,had,AUX,have
en,149,6,been,AUX,be
en,149,7,pulled,VERB,pull
en,149,8,into,ADP,into
en,149,9,the,DET,the
en,149,10,middle,NOUN,middle
en,149,11,of,ADP,of
en,149,12,the,DET,the
en,149,13,room,NOUN,room
en,149,14,to,PART,to
en,149,15,be,AUX,be
en,149,16,used,VERB,use
en,149,17,as,ADP,as
en,149,18,a,DET,a
en,149,19,desk,NOUN,desk
en,149,20,for,ADP,for
en,149,21,these,DET,these
en,149,22,proceedings,NOUN,proceeding
en,149,23,",",PUNCT,","
en,149,24,and,CCONJ,and
en,149,25,the,DET,the
en,149,26,supervisor,NOUN,supervisor
en,149,27,sat,VERB,sit
en,149,28,behind,ADP,behind
en,149,29,it,PRON,it
en,149,30,.,PUNCT,.
en,170,0,"""",PUNCT,""""
en,170,1,Quite,ADV,quite
en,170,2,right,ADV,right
en,170,3,",",PUNCT,","
en,170,4,"""",PUNCT,""""
en,170,5,said,VERB,say
en,170,6,the,DET,the
en,170,7,supervisor,NOUN,supervisor
en,170,8,",",PUNCT,","
en,170,9,looking,VERB,look
en,170,10,to,PART,to
en,170,11,see,VERB,see
en,170,12,how,SCONJ,how
en,170,13,many,ADJ,many
en,170,14,matches,NOUN,match
en,170,15,were,AUX,be
en,170,16,left,VERB,leave
en,170,17,in,ADP,in
en,170,18,the,DET,the
en,170,19,box,NOUN,box
en,170,20,.,PUNCT,.
en,179,0,"""",PUNCT,""""
en,179,1,You,PRON,you
en,179,2,'re,AUX,be
en,179,3,making,VERB,make
en,179,4,a,DET,a
en,179,5,big,ADJ,big
en,179,6,mistake,NOUN,mistake
en,179,7,",",PUNCT,","
en,179,8,"""",PUNCT,""""
en,179,9,he,PRON,he
en,179,10,said,VERB,say
en,179,11,.,PUNCT,.
en,183,0,You,PRON,you
en,183,1,'re,AUX,be
en,183,2,under,ADP,under
en,183,3,arrest,NOUN,arrest
en,183,4,",",PUNCT,","
en,183,5,you,PRON,you
en,183,6,'re,AUX,be
en,183,7,quite,ADV,quite
en,183,8,right,ADJ,right
en,183,9,about,ADP,about
en,183,10,that,PRON,that
en,183,11,",",PUNCT,","
en,183,12,but,CCONJ,but
en,183,13,I,PRON,I
en,183,14,do,AUX,do
en,183,15,n't,PART,not
en,183,16,know,VERB,know
en,183,17,any,PRON,any
en,183,18,more,ADJ,more
en,183,19,than,ADP,than
en,183,20,that,PRON,that
en,183,21,.,PUNCT,.
en,184,0,Maybe,ADV,maybe
en,184,1,these,DET,these
en,184,2,officers,NOUN,officer
en,184,3,have,AUX,have
en,184,4,been,AUX,be
en,184,5,chit,NOUN,chit
en,184,6,-,PUNCT,-
en,184,7,chatting,NOUN,chatting
en,184,8,with,ADP,with
en,184,9,you,PRON,you
en,184,10,",",PUNCT,","
en,184,11,well,INTJ,well
en,184,12,if,SCONJ,if
en,184,13,they,PRON,they
en,184,14,have,VERB,have
en,184,15,that,PRON,that
en,184,16,'s,AUX,be
en,184,17,all,PRON,all
en,184,18,it,PRON,it
en,184,19,is,AUX,be
en,184,20,",",PUNCT,","
en,184,21,chit,NOUN,chit
en,184,22,-,PUNCT,-
en,184,23,chat,PROPN,chat
en,184,24,.,PUNCT,.
en,188,0,Almost,ADV,almost
en,188,1,everything,PRON,everything
en,188,2,you,PRON,you
en,188,3,'ve,AUX,have
en,188,4,said,VERB,say
en,188,5,so,ADV,so
en,188,6,far,ADV,far
en,188,7,has,AUX,have
en,188,8,been,AUX,be
en,188,9,things,NOUN,thing
en,188,10,we,PRON,we
en,188,11,could,AUX,could
en,188,12,have,AUX,have
en,188,13,taken,VERB,take
en,188,14,from,ADP,from
en,188,15,your,PRON,your
en,188,16,behaviour,NOUN,behaviour
en,188,17,",",PUNCT,","
en,188,18,even,ADV,even
en,188,19,if,SCONJ,if
en,188,20,you,PRON,you
en,188,21,'d,AUX,have
en,188,22,said,VERB,say
en,188,23,no,PRON,no
en,188,24,more,ADJ,more
en,188,25,than,ADP,than
en,188,26,a,DET,a
en,188,27,few,ADJ,few
en,188,28,words,NOUN,word
en,188,29,.,PUNCT,.
en,196,0,He,PRON,he
en,196,1,finally,ADV,finally
en,196,2,came,VERB,come
en,196,3,again,ADV,again
en,196,4,to,ADP,to
en,196,5,a,DET,a
en,196,6,halt,NOUN,halt
en,196,7,in,ADP,in
en,196,8,front,NOUN,front
en,196,9,of,ADP,of
en,196,10,the,DET,the
en,196,11,supervisor,NOUN,supervisor
en,196,12,'s,PART,'s
en,196,13,desk,NOUN,desk
en,196,14,.,PUNCT,.
en,211,0,"""",PUNCT,""""
en,211,1,Go,VERB,go
en,211,2,away,ADV,away
en,211,3,",",PUNCT,","
en,211,4,"""",PUNCT,""""
en,211,5,he,PRON,he
en,211,6,then,ADV,then
en,211,7,called,VERB,call
en,211,8,across,ADP,across
en,211,9,to,ADP,to
en,211,10,them,PRON,they
en,211,11,.,PUNCT,.
en,229,0,No,INTJ,no
en,229,1,",",PUNCT,","
en,229,2,why,SCONJ,why
en,229,3,should,AUX,should
en,229,4,you,PRON,you
en,229,5,think,VERB,think
en,229,6,that,PRON,that
en,229,7,?,PUNCT,?
en,240,0,"""",PUNCT,""""
en,240,1,It,PRON,it
en,240,2,'s,AUX,be
en,240,3,true,ADJ,true
en,240,4,that,SCONJ,that
en,240,5,you,PRON,you
en,240,6,'re,AUX,be
en,240,7,under,ADP,under
en,240,8,arrest,NOUN,arrest
en,240,9,",",PUNCT,","
en,240,10,but,CCONJ,but
en,240,11,that,PRON,that
en,240,12,should,AUX,should
en,240,13,n't,PART,not
en,240,14,stop,VERB,stop
en,240,15,you,PRON,you
en,240,16,from,ADP,from
en,240,17,carrying,VERB,carry
en,240,18,out,ADP,out
en,240,19,your,PRON,your
en,240,20,job,NOUN,job
en,240,21,.,PUNCT,.
en,251,0,As,SCONJ,as
en,251,1,you,PRON,you
en,251,2,'re,AUX,be
en,251,3,paying,VERB,pay
en,251,4,close,ADJ,close
en,251,5,attention,NOUN,attention
en,251,6,to,ADP,to
en,251,7,every,DET,every
en,251,8,word,NOUN,word
en,251,9,I,PRON,I
en,251,10,'ll,AUX,will
en,251,11,add,VERB,add
en,251,12,this,PRON,this
en,251,13,:,PUNCT,:
en,251,14,I,PRON,I
en,251,15,'m,AUX,be
en,251,16,not,PART,not
en,251,17,forcing,VERB,force
en,251,18,you,PRON,you
en,251,19,to,PART,to
en,251,20,go,VERB,go
en,251,21,to,ADP,to
en,251,22,the,DET,the
en,251,23,bank,NOUN,bank
en,251,24,",",PUNCT,","
en,251,25,I,PRON,I
en,251,26,'d,AUX,would
en,251,27,just,ADV,just
en,251,28,assumed,VERB,assume
en,251,29,you,PRON,you
en,251,30,wanted,VERB,want
en,251,31,to,PART,to
en,251,32,.,PUNCT,.
en,256,0,How,SCONJ,how
en,256,1,occupied,VERB,occupy
en,256,2,he,PRON,he
en,256,3,must,AUX,must
en,256,4,have,AUX,have
en,256,5,been,AUX,be
en,256,6,with,ADP,with
en,256,7,the,DET,the
en,256,8,supervisor,NOUN,supervisor
en,256,9,and,CCONJ,and
en,256,10,the,DET,the
en,256,11,policemen,NOUN,policeman
en,256,12,not,PART,not
en,256,13,to,PART,to
en,256,14,have,AUX,have
en,256,15,recognised,VERB,recognise
en,256,16,these,DET,these
en,256,17,three,NUM,three
en,256,18,!,PUNCT,!
en,263,0,Kaminer,PROPN,Kaminer
en,263,1,got,VERB,get
en,263,2,to,ADP,to
en,263,3,the,DET,the
en,263,4,hat,NOUN,hat
en,263,5,and,CCONJ,and
en,263,6,K.,PROPN,K.
en,263,7,",",PUNCT,","
en,263,8,as,SCONJ,as
en,263,9,he,PRON,he
en,263,10,often,ADV,often
en,263,11,had,VERB,have
en,263,12,to,PART,to
en,263,13,do,VERB,do
en,263,14,at,ADP,at
en,263,15,the,DET,the
en,263,16,bank,NOUN,bank
en,263,17,",",PUNCT,","
en,263,18,forcibly,ADV,forcibly
en,263,19,reminded,VERB,remind
en,263,20,himself,PRON,himself
en,263,21,that,SCONJ,that
en,263,22,the,DET,the
en,263,23,grin,NOUN,grin
en,263,24,was,AUX,be
en,263,25,not,PART,not
en,263,26,deliberate,ADJ,deliberate
en,263,27,",",PUNCT,","
en,263,28,that,SCONJ,that
en,263,29,he,PRON,he
en,263,30,in,ADP,in
en,263,31,fact,NOUN,fact
en,263,32,was,AUX,be
en,263,33,n't,PART,not
en,263,34,able,ADJ,able
en,263,35,to,PART,to
en,263,36,grin,VERB,grin
en,263,37,deliberately,ADV,deliberately
en,263,38,.,PUNCT,.
en,270,0,"""",PUNCT,""""
en,270,1,Do,AUX,do
en,270,2,n't,PART,not
en,270,3,look,VERB,look
en,270,4,at,ADP,at
en,270,5,him,PRON,he
en,270,6,!,PUNCT,!
en,270,7,"""",PUNCT,""""
en,279,0,That,DET,that
en,279,1,spring,NOUN,spring
en,279,2,",",PUNCT,","
en,279,3,whenever,SCONJ,whenever
en,279,4,possible,ADJ,possible
en,279,5,",",PUNCT,","
en,279,6,K.,PROPN,K.
en,279,7,usually,ADV,usually
en,279,8,spent,VERB,spend
en,279,9,his,PRON,his
en,279,10,evenings,NOUN,evening
en,279,11,after,ADP,after
en,279,12,work,NOUN,work
en,279,13,--,PUNCT,--
en,279,14,he,PRON,he
en,279,15,usually,ADV,usually
en,279,16,stayed,VERB,stay
en,279,17,in,ADP,in
en,279,18,the,DET,the
en,279,19,office,NOUN,office
en,279,20,until,ADP,until
en,279,21,nine,NUM,nine
en,279,22,o'clock,NOUN,o'clock
en,279,23,--,PUNCT,--
en,279,24,with,ADP,with
en,279,25,a,DET,a
en,279,26,short,ADJ,short
en,279,27,walk,NOUN,walk
en,279,28,",",PUNCT,","
en,279,29,either,CCONJ,either
en,279,30,by,ADP,by
en,279,31,himself,PRON,himself
en,279,32,or,CCONJ,or
en,279,33,in,ADP,in
en,279,34,the,DET,the
en,279,35,company,NOUN,company
en,279,36,of,ADP,of
en,279,37,some,PRON,some
en,279,38,of,ADP,of
en,279,39,the,DET,the
en,279,40,bank,NOUN,bank
en,279,41,officials,NOUN,official
en,279,42,",",PUNCT,","
en,279,43,and,CCONJ,and
en,279,44,then,ADV,then
en,279,45,he,PRON,he
en,279,46,would,AUX,would
en,279,47,go,VERB,go
en,279,48,into,ADP,into
en,279,49,a,DET,a
en,279,50,pub,NOUN,pub
en,279,51,where,SCONJ,where
en,279,52,he,PRON,he
en,279,53,would,AUX,would
en,279,54,sit,VERB,sit
en,279,55,at,ADP,at
en,279,56,the,DET,the
en,279,57,regulars,NOUN,regular
en,279,58,',PART,'
en,279,59,table,NOUN,table
en,279,60,with,ADP,with
en,279,61,mostly,ADV,mostly
en,279,62,older,ADJ,old
en,279,63,men,NOUN,man
en,279,64,until,ADP,until
en,279,65,eleven,NUM,eleven
en,279,66,.,PUNCT,.
en,291,0,"""",PUNCT,""""
en,291,1,The,DET,the
en,291,2,landlord,NOUN,landlord
en,291,3,'s,PART,'s
en,291,4,son,NOUN,son
en,291,5,?,PUNCT,?
en,291,6,"""",PUNCT,""""
en,291,7,asked,VERB,ask
en,291,8,K.,PROPN,K.
en,291,9,",",PUNCT,","
en,291,10,and,CCONJ,and
en,291,11,impatiently,ADV,impatiently
en,291,12,knocked,VERB,knock
en,291,13,on,ADP,on
en,291,14,the,DET,the
en,291,15,ground,NOUN,ground
en,291,16,with,ADP,with
en,291,17,his,PRON,his
en,291,18,stick,NOUN,stick
en,291,19,.,PUNCT,.
en,298,0,K.,PROPN,K.
en,298,1,apologised,VERB,apologise
en,298,2,",",PUNCT,","
en,298,3,a,DET,a
en,298,4,little,ADJ,little
en,298,5,embarrassed,ADJ,embarrassed
en,298,6,at,ADP,at
en,298,7,coming,VERB,come
en,298,8,so,ADV,so
en,298,9,late,ADV,late
en,298,10,",",PUNCT,","
en,298,11,but,CCONJ,but
en,298,12,Mrs.,PROPN,Mrs.
en,298,13,Grubach,PROPN,Grubach
en,298,14,was,AUX,be
en,298,15,very,ADV,very
en,298,16,friendly,ADJ,friendly
en,298,17,and,CCONJ,and
en,298,18,did,AUX,do
en,298,19,not,PART,not
en,298,20,want,VERB,want
en,298,21,to,PART,to
en,298,22,hear,VERB,hear
en,298,23,any,DET,any
en,298,24,apology,NOUN,apology
en,298,25,",",PUNCT,","
en,298,26,she,PRON,she
en,298,27,was,AUX,be
en,298,28,always,ADV,always
en,298,29,ready,ADJ,ready
en,298,30,to,PART,to
en,298,31,speak,VERB,speak
en,298,32,to,ADP,to
en,298,33,him,PRON,he
en,298,34,",",PUNCT,","
en,298,35,he,PRON,he
en,298,36,knew,VERB,know
en,298,37,very,ADV,very
en,298,38,well,ADV,well
en,298,39,that,SCONJ,that
en,298,40,he,PRON,he
en,298,41,was,AUX,be
en,298,42,her,PRON,her
en,298,43,best,ADJ,good
en,298,44,and,CCONJ,and
en,298,45,her,PRON,her
en,298,46,favourite,ADJ,favourite
en,298,47,tenant,NOUN,tenant
en,298,48,.,PUNCT,.
en,299,0,K.,PROPN,K.
en,299,1,looked,VERB,look
en,299,2,round,ADP,round
en,299,3,the,DET,the
en,299,4,room,NOUN,room
en,299,5,",",PUNCT,","
en,299,6,it,PRON,it
en,299,7,looked,VERB,look
en,299,8,exactly,ADV,exactly
en,299,9,as,SCONJ,as
en,299,10,it,PRON,it
en,299,11,usually,ADV,usually
en,299,12,did,VERB,do
en,299,13,",",PUNCT,","
en,299,14,the,DET,the
en,299,15,breakfast,NOUN,breakfast
en,299,16,dishes,NOUN,dish
en,299,17,",",PUNCT,","
en,299,18,which,PRON,which
en,299,19,had,AUX,have
en,299,20,been,AUX,be
en,299,21,on,ADP,on
en,299,22,the,DET,the
en,299,23,table,NOUN,table
en,299,24,by,ADP,by
en,299,25,the,DET,the
en,299,26,window,NOUN,window
en,299,27,that,DET,that
en,299,28,morning,NOUN,morning
en,299,29,",",PUNCT,","
en,299,30,had,AUX,have
en,299,31,already,ADV,already
en,299,32,been,AUX,be
en,299,33,cleared,VERB,clear
en,299,34,away,ADV,away
en,299,35,.,PUNCT,.
en,315,0,"""",PUNCT,""""
en,315,1,Do,AUX,do
en,315,2,you,PRON,you
en,315,3,mean,VERB,mean
en,315,4,that,SCONJ,that
en,315,5,seriously,ADV,seriously
en,315,6,?,PUNCT,?
en,315,7,"""",PUNCT,""""
en,315,8,asked,VERB,ask
en,315,9,K.,PROPN,K.
en,315,10,"""",PUNCT,""""
en,315,11,Yes,INTJ,yes
en,315,12,",",PUNCT,","
en,315,13,"""",PUNCT,""""
en,315,14,she,PRON,she
en,315,15,said,VERB,say
en,315,16,",",PUNCT,","
en,315,17,more,ADV,more
en,315,18,gently,ADV,gently
en,315,19,",",PUNCT,","
en,315,20,"""",PUNCT,""""
en,315,21,but,CCONJ,but
en,315,22,the,DET,the
en,315,23,important,ADJ,important
en,315,24,thing,NOUN,thing
en,315,25,is,AUX,be
en,315,26,you,PRON,you
en,315,27,must,AUX,must
en,315,28,n't,PART,not
en,315,29,take,VERB,take
en,315,30,it,PRON,it
en,315,31,too,ADV,too
en,315,32,hard,ADV,hard
en,315,33,.,PUNCT,.
en,322,0,You,PRON,you
en,322,1,have,AUX,have
en,322,2,been,AUX,be
en,322,3,arrested,VERB,arrest
en,322,4,",",PUNCT,","
en,322,5,but,CCONJ,but
en,322,6,it,PRON,it
en,322,7,'s,AUX,be
en,322,8,not,PART,not
en,322,9,in,ADP,in
en,322,10,the,DET,the
en,322,11,same,ADJ,same
en,322,12,way,NOUN,way
en,322,13,as,ADP,as
en,322,14,when,SCONJ,when
en,322,15,they,PRON,they
en,322,16,arrest,VERB,arrest
en,322,17,a,DET,a
en,322,18,thief,NOUN,thief
en,322,19,.,PUNCT,.
en,323,0,If,SCONJ,if
en,323,1,you,PRON,you
en,323,2,'re,AUX,be
en,323,3,arrested,VERB,arrest
en,323,4,in,ADP,in
en,323,5,the,DET,the
en,323,6,same,ADJ,same
en,323,7,way,NOUN,way
en,323,8,as,ADP,as
en,323,9,a,DET,a
en,323,10,thief,NOUN,thief
en,323,11,",",PUNCT,","
en,323,12,then,ADV,then
en,323,13,it,PRON,it
en,323,14,'s,AUX,be
en,323,15,bad,ADJ,bad
en,323,16,",",PUNCT,","
en,323,17,but,CCONJ,but
en,323,18,an,DET,an
en,323,19,arrest,NOUN,arrest
en,323,20,like,ADP,like
en,323,21,this,PRON,this
en,323,22,....,PUNCT,....
en,326,0,I,PRON,I
en,326,1,was,AUX,be
en,326,2,just,ADV,just
en,326,3,caught,VERB,catch
en,326,4,unawares,ADP,unawares
en,326,5,",",PUNCT,","
en,326,6,that,PRON,that
en,326,7,'s,AUX,be
en,326,8,what,PRON,what
en,326,9,happened,VERB,happen
en,326,10,.,PUNCT,.
en,352,0,"""",PUNCT,""""
en,352,1,Miss,PROPN,Miss
en,352,2,Bürstner,PROPN,Bürstner
en,352,3,often,ADV,often
en,352,4,comes,VERB,come
en,352,5,home,ADV,home
en,352,6,late,ADV,late
en,352,7,",",PUNCT,","
en,352,8,"""",PUNCT,""""
en,352,9,said,VERB,say
en,352,10,K.,PROPN,K.
en,352,11,",",PUNCT,","
en,352,12,looking,VERB,look
en,352,13,at,ADP,at
en,352,14,Mrs.,PROPN,Mrs.
en,352,15,Grubach,PROPN,Grubach
en,352,16,as,SCONJ,as
en,352,17,if,SCONJ,if
en,352,18,that,PRON,that
en,352,19,were,AUX,be
en,352,20,her,PRON,her
en,352,21,responsibility,NOUN,responsibility
en,352,22,.,PUNCT,.
en,355,0,"""",PUNCT,""""
en,355,1,Yes,INTJ,yes
en,355,2,",",PUNCT,","
en,355,3,it,PRON,it
en,355,4,can,AUX,can
en,355,5,be,AUX,be
en,355,6,",",PUNCT,","
en,355,7,"""",PUNCT,""""
en,355,8,said,VERB,say
en,355,9,Mrs.,PROPN,Mrs.
en,355,10,Grubach,PROPN,Grubach
en,355,11,",",PUNCT,","
en,355,12,"""",PUNCT,""""
en,355,13,you,PRON,you
en,355,14,'re,AUX,be
en,355,15,so,ADV,so
en,355,16,right,ADJ,right
en,355,17,",",PUNCT,","
en,355,18,Mr.,PROPN,Mr.
en,355,19,K.,PROPN,K.
en,359,0,I,PRON,I
en,359,1,really,ADV,really
en,359,2,do,AUX,do
en,359,3,n't,PART,not
en,359,4,like,VERB,like
en,359,5,saying,VERB,say
en,359,6,this,PRON,this
en,359,7,",",PUNCT,","
en,359,8,you,PRON,you
en,359,9,'re,AUX,be
en,359,10,the,DET,the
en,359,11,only,ADJ,only
en,359,12,one,NUM,one
en,359,13,I,PRON,I
en,359,14,'ve,AUX,have
en,359,15,said,VERB,say
en,359,16,this,PRON,this
en,359,17,to,ADP,to
en,359,18,",",PUNCT,","
en,359,19,Mr.,PROPN,Mr.
en,359,20,K.,PROPN,K.
en,359,21,",",PUNCT,","
en,359,22,I,PRON,I
en,359,23,swear,VERB,swear
en,359,24,to,ADP,to
en,359,25,God,PROPN,God
en,359,26,",",PUNCT,","
en,359,27,but,CCONJ,but
en,359,28,I,PRON,I
en,359,29,'m,AUX,be
en,359,30,going,VERB,go
en,359,31,to,PART,to
en,359,32,have,VERB,have
en,359,33,no,DET,no
en,359,34,choice,NOUN,choice
en,359,35,but,SCONJ,but
en,359,36,to,PART,to
en,359,37,have,VERB,have
en,359,38,a,DET,a
en,359,39,few,ADJ,few
en,359,40,words,NOUN,word
en,359,41,with,ADP,with
en,359,42,Miss,PROPN,Miss
en,359,43,Bürstner,PROPN,Bürstner
en,359,44,about,ADP,about
en,359,45,it,PRON,it
en,359,46,myself,PRON,myself
en,359,47,.,PUNCT,.
en,367,0,And,CCONJ,and
en,367,1,it,PRON,it
en,367,2,is,AUX,be
en,367,3,",",PUNCT,","
en,367,4,after,ADP,after
en,367,5,all,DET,all
en,367,6,something,PRON,something
en,367,7,that,PRON,that
en,367,8,everyone,PRON,everyone
en,367,9,who,PRON,who
en,367,10,lets,VERB,let
en,367,11,rooms,NOUN,room
en,367,12,has,VERB,have
en,367,13,to,PART,to
en,367,14,do,VERB,do
en,367,15,if,SCONJ,if
en,367,16,she,PRON,she
en,367,17,'s,AUX,be
en,367,18,to,PART,to
en,367,19,keep,VERB,keep
en,367,20,the,DET,the
en,367,21,house,NOUN,house
en,367,22,decent,ADJ,decent
en,367,23,",",PUNCT,","
en,367,24,that,PRON,that
en,367,25,'s,AUX,be
en,367,26,all,PRON,all
en,367,27,I,PRON,I
en,367,28,'m,AUX,be
en,367,29,trying,VERB,try
en,367,30,to,PART,to
en,367,31,do,VERB,do
en,367,32,.,PUNCT,.
en,367,33,"""",PUNCT,""""
en,388,0,It,PRON,it
en,388,1,sounded,VERB,sound
en,388,2,like,SCONJ,like
en,388,3,he,PRON,he
en,388,4,was,AUX,be
en,388,5,pleading,VERB,plead
en,388,6,with,ADP,with
en,388,7,her,PRON,she
en,388,8,",",PUNCT,","
en,388,9,not,PART,not
en,388,10,calling,VERB,call
en,388,11,to,ADP,to
en,388,12,her,PRON,she
en,388,13,.,PUNCT,.
en,394,0,"""",PUNCT,""""
en,394,1,I,PRON,I
en,394,2,wanted,VERB,want
en,394,3,to,PART,to
en,394,4,have,VERB,have
en,394,5,a,DET,a
en,394,6,word,NOUN,word
en,394,7,with,ADP,with
en,394,8,you,PRON,you
en,394,9,",",PUNCT,","
en,394,10,if,SCONJ,if
en,394,11,you,PRON,you
en,394,12,would,AUX,would
en,394,13,allow,VERB,allow
en,394,14,me,PRON,I
en,394,15,?,PUNCT,?
en,394,16,"""",PUNCT,""""
en,403,0,Wait,VERB,wait
en,403,1,here,ADV,here
en,403,2,till,SCONJ,till
en,403,3,I,PRON,I
en,403,4,'ve,AUX,have
en,403,5,put,VERB,put
en,403,6,the,DET,the
en,403,7,light,NOUN,light
en,403,8,on,ADP,on
en,403,9,in,ADP,in
en,403,10,my,PRON,my
en,403,11,room,NOUN,room
en,403,12,",",PUNCT,","
en,403,13,and,CCONJ,and
en,403,14,then,ADV,then
en,403,15,turn,VERB,turn
en,403,16,the,DET,the
en,403,17,light,NOUN,light
en,403,18,down,ADP,down
en,403,19,out,ADV,out
en,403,20,here,ADV,here
en,403,21,.,PUNCT,.
en,403,22,"""",PUNCT,""""
en,409,0,"""",PUNCT,""""
en,409,1,I,PRON,I
en,409,2,expect,VERB,expect
en,409,3,you,PRON,you
en,409,4,'ll,AUX,will
en,409,5,say,VERB,say
en,409,6,",",PUNCT,","
en,409,7,"""",PUNCT,""""
en,409,8,K.,PROPN,K.
en,409,9,began,VERB,begin
en,409,10,",",PUNCT,","
en,409,11,"""",PUNCT,""""
en,409,12,that,SCONJ,that
en,409,13,the,DET,the
en,409,14,matter,NOUN,matter
en,409,15,really,ADV,really
en,409,16,is,AUX,be
en,409,17,n't,PART,not
en,409,18,all,DET,all
en,409,19,that,ADV,that
en,409,20,urgent,ADJ,urgent
en,409,21,and,CCONJ,and
en,409,22,we,PRON,we
en,409,23,do,AUX,do
en,409,24,n't,PART,not
en,409,25,need,VERB,need
en,409,26,to,PART,to
en,409,27,talk,VERB,talk
en,409,28,about,ADP,about
en,409,29,it,PRON,it
en,409,30,right,ADV,right
en,409,31,now,ADV,now
en,409,32,",",PUNCT,","
en,409,33,but,CCONJ,but
en,409,34,....,PUNCT,....
en,409,35,"""",PUNCT,""""
en,415,0,"""",PUNCT,""""
en,415,1,No,INTJ,no
en,415,2,",",PUNCT,","
en,415,3,"""",PUNCT,""""
en,415,4,said,VERB,say
en,415,5,K.,PROPN,K.
en,416,0,"""",PUNCT,""""
en,416,1,Well,INTJ,well
en,416,2,then,ADV,then
en,416,3,",",PUNCT,","
en,416,4,"""",PUNCT,""""
en,416,5,said,VERB,say
en,416,6,Miss,PROPN,Miss
en,416,7,Bürstner,PROPN,Bürstner
en,416,8,",",PUNCT,","
en,416,9,"""",PUNCT,""""
en,416,10,I,PRON,I
en,416,11,do,AUX,do
en,416,12,n't,PART,not
en,416,13,want,VERB,want
en,416,14,to,PART,to
en,416,15,force,VERB,force
en,416,16,my,PRON,my
en,416,17,way,NOUN,way
en,416,18,into,ADP,into
en,416,19,any,DET,any
en,416,20,secrets,NOUN,secret
en,416,21,",",PUNCT,","
en,416,22,if,SCONJ,if
en,416,23,you,PRON,you
en,416,24,insist,VERB,insist
en,416,25,that,SCONJ,that
en,416,26,it,PRON,it
en,416,27,'s,AUX,be
en,416,28,of,ADP,of
en,416,29,no,DET,no
en,416,30,interest,NOUN,interest
en,416,31,I,PRON,I
en,416,32,wo,AUX,will
en,416,33,n't,PART,not
en,416,34,insist,VERB,insist
en,416,35,.,PUNCT,.
en,439,0,There,PRON,there
en,439,1,'s,VERB,be
en,439,2,something,PRON,something
en,439,3,peculiarly,ADV,peculiarly
en,439,4,attractive,ADJ,attractive
en,439,5,about,ADP,about
en,439,6,the,DET,the
en,439,7,law,NOUN,law
en,439,8,",",PUNCT,","
en,439,9,is,AUX,be
en,439,10,n't,PART,not
en,439,11,there,ADV,there
en,439,12,.,PUNCT,.
en,444,0,"""",PUNCT,""""
en,444,1,I,PRON,I
en,444,2,mean,VERB,mean
en,444,3,it,PRON,it
en,444,4,quite,ADV,quite
en,444,5,seriously,ADV,seriously
en,444,6,",",PUNCT,","
en,444,7,"""",PUNCT,""""
en,444,8,said,VERB,say
en,444,9,K.,PROPN,K.
en,444,10,",",PUNCT,","
en,444,11,"""",PUNCT,""""
en,444,12,or,CCONJ,or
en,444,13,at,ADP,at
en,444,14,least,ADJ,least
en,444,15,",",PUNCT,","
en,444,16,half,ADV,half
en,444,17,seriously,ADV,seriously
en,444,18,",",PUNCT,","
en,444,19,as,SCONJ,as
en,444,20,you,PRON,you
en,444,21,do,VERB,do
en,444,22,.,PUNCT,.
en,451,0,Please,INTJ,please
en,451,1,believe,VERB,believe
en,451,2,me,PRON,I
en,451,3,!,PUNCT,!
en,458,0,"""",PUNCT,""""
en,458,1,That,PRON,that
en,458,2,'s,AUX,be
en,458,3,too,ADV,too
en,458,4,vague,ADJ,vague
en,458,5,",",PUNCT,","
en,458,6,"""",PUNCT,""""
en,458,7,said,VERB,say
en,458,8,Miss,PROPN,Miss
en,458,9,Bürstner,PROPN,Bürstner
en,458,10,.,PUNCT,.
en,464,0,"""",PUNCT,""""
en,464,1,Now,ADV,now
en,464,2,you,PRON,you
en,464,3,'ve,AUX,have
en,464,4,started,VERB,start
en,464,5,telling,VERB,tell
en,464,6,me,PRON,I
en,464,7,off,ADP,off
en,464,8,.,PUNCT,.
en,466,0,"""",PUNCT,""""
en,466,1,Oh,INTJ,oh
en,466,2,",",PUNCT,","
en,466,3,there,PRON,there
en,466,4,was,VERB,be
en,466,5,a,DET,a
en,466,6,point,NOUN,point
en,466,7,",",PUNCT,","
en,466,8,you,PRON,you
en,466,9,'ll,AUX,will
en,466,10,see,VERB,see
en,466,11,now,ADV,now
en,466,12,how,SCONJ,how
en,466,13,important,ADJ,important
en,466,14,a,DET,a
en,466,15,point,NOUN,point
en,466,16,it,PRON,it
en,466,17,was,AUX,be
en,466,18,",",PUNCT,","
en,466,19,"""",PUNCT,""""
en,466,20,said,VERB,say
en,466,21,K.,PROPN,K.
en,466,22,"""",PUNCT,""""
en,466,23,May,AUX,may
en,466,24,I,PRON,I
en,466,25,move,VERB,move
en,466,26,this,DET,this
en,466,27,table,NOUN,table
en,466,28,away,ADV,away
en,466,29,from,ADP,from
en,466,30,your,PRON,your
en,466,31,bedside,NOUN,bedside
en,466,32,and,CCONJ,and
en,466,33,put,VERB,put
en,466,34,it,PRON,it
en,466,35,here,ADV,here
en,466,36,?,PUNCT,?
en,466,37,"""",PUNCT,""""
en,487,0,"""",PUNCT,""""
en,487,1,Do,AUX,do
en,487,2,n't,PART,not
en,487,3,be,AUX,be
en,487,4,afraid,ADJ,afraid
en,487,5,",",PUNCT,","
en,487,6,"""",PUNCT,""""
en,487,7,he,PRON,he
en,487,8,whispered,VERB,whisper
en,487,9,",",PUNCT,","
en,487,10,"""",PUNCT,""""
en,487,11,I,PRON,I
en,487,12,'ll,AUX,will
en,487,13,put,VERB,put
en,487,14,everything,PRON,everything
en,487,15,right,ADJ,right
en,487,16,.,PUNCT,.
en,496,0,"""",PUNCT,""""
en,496,1,Go,VERB,go
en,496,2,away,ADV,away
en,496,3,",",PUNCT,","
en,496,4,go,VERB,go
en,496,5,away,ADV,away
en,496,6,",",PUNCT,","
en,496,7,"""",PUNCT,""""
en,496,8,she,PRON,she
en,496,9,said,VERB,say
en,496,10,",",PUNCT,","
en,496,11,hurriedly,ADV,hurriedly
en,496,12,sitting,VERB,sit
en,496,13,back,ADV,back
en,496,14,up,ADV,up
en,496,15,",",PUNCT,","
en,496,16,"""",PUNCT,""""
en,496,17,get,VERB,get
en,496,18,out,ADP,out
en,496,19,of,ADP,of
en,496,20,here,ADV,here
en,496,21,",",PUNCT,","
en,496,22,go,VERB,go
en,496,23,",",PUNCT,","
en,496,24,what,PRON,what
en,496,25,is,AUX,be
en,496,26,it,PRON,it
en,496,27,you,PRON,you
en,496,28,want,VERB,want
en,496,29,",",PUNCT,","
en,496,30,he,PRON,he
en,496,31,'s,AUX,be
en,496,32,listening,VERB,listen
en,496,33,at,ADP,at
en,496,34,the,DET,the
en,496,35,door,NOUN,door
en,496,36,",",PUNCT,","
en,496,37,he,PRON,he
en,496,38,can,AUX,can
en,496,39,hear,VERB,hear
en,496,40,everything,PRON,everything
en,496,41,.,PUNCT,.
en,502,0,You,PRON,you
en,502,1,know,VERB,know
en,502,2,how,SCONJ,how
en,502,3,much,ADJ,much
en,502,4,esteem,VERB,esteem
en,502,5,Mrs.,PROPN,Mrs.
en,502,6,Grubach,PROPN,Grubach
en,502,7,has,VERB,have
en,502,8,for,ADP,for
en,502,9,me,PRON,I
en,502,10,",",PUNCT,","
en,502,11,she,PRON,she
en,502,12,'s,AUX,be
en,502,13,the,DET,the
en,502,14,one,NOUN,one
en,502,15,who,PRON,who
en,502,16,will,AUX,will
en,502,17,make,VERB,make
en,502,18,all,DET,all
en,502,19,the,DET,the
en,502,20,decisions,NOUN,decision
en,502,21,in,ADP,in
en,502,22,this,PRON,this
en,502,23,",",PUNCT,","
en,502,24,especially,ADV,especially
en,502,25,as,SCONJ,as
en,502,26,the,DET,the
en,502,27,captain,NOUN,captain
en,502,28,is,AUX,be
en,502,29,her,PRON,her
en,502,30,nephew,NOUN,nephew
en,502,31,",",PUNCT,","
en,502,32,but,CCONJ,but
en,502,33,she,PRON,she
en,502,34,believes,VERB,believe
en,502,35,everything,PRON,everything
en,502,36,I,PRON,I
en,502,37,say,VERB,say
en,502,38,without,ADP,without
en,502,39,question,NOUN,question
en,502,40,.,PUNCT,.
en,512,0,I,PRON,I
en,512,1,can,AUX,can
en,512,2,bear,VERB,bear
en,512,3,the,DET,the
en,512,4,responsibility,NOUN,responsibility
en,512,5,for,ADP,for
en,512,6,anything,PRON,anything
en,512,7,that,PRON,that
en,512,8,happens,VERB,happen
en,512,9,in,ADP,in
en,512,10,my,PRON,my
en,512,11,room,NOUN,room
en,512,12,myself,PRON,myself
en,512,13,",",PUNCT,","
en,512,14,and,CCONJ,and
en,512,15,I,PRON,I
en,512,16,can,AUX,can
en,512,17,do,VERB,do
en,512,18,so,ADV,so
en,512,19,with,ADP,with
en,512,20,anyone,PRON,anyone
en,512,21,.,PUNCT,.
en,535,0,Cross,PROPN,Cross
en,535,1,-,NOUN,-
en,535,2,examinations,NOUN,examination
en,535,3,could,AUX,could
en,535,4,even,ADV,even
en,535,5,be,AUX,be
en,535,6,held,VERB,hold
en,535,7,in,ADP,in
en,535,8,the,DET,the
en,535,9,night,NOUN,night
en,535,10,",",PUNCT,","
en,535,11,for,ADP,for
en,535,12,instance,NOUN,instance
en,535,13,",",PUNCT,","
en,535,14,but,CCONJ,but
en,535,15,K.,PROPN,K.
en,535,16,would,AUX,would
en,535,17,probably,ADV,probably
en,535,18,not,PART,not
en,535,19,be,AUX,be
en,535,20,fresh,ADJ,fresh
en,535,21,enough,ADV,enough
en,535,22,at,ADP,at
en,535,23,that,DET,that
en,535,24,time,NOUN,time
en,535,25,.,PUNCT,.
en,539,0,Once,SCONJ,once
en,539,1,he,PRON,he
en,539,2,had,AUX,have
en,539,3,received,VERB,receive
en,539,4,this,DET,this
en,539,5,notice,NOUN,notice
en,539,6,",",PUNCT,","
en,539,7,K.,PROPN,K.
en,539,8,hung,VERB,hang
en,539,9,up,ADP,up
en,539,10,the,DET,the
en,539,11,receiver,NOUN,receiver
en,539,12,without,ADP,without
en,539,13,giving,VERB,give
en,539,14,an,DET,an
en,539,15,answer,NOUN,answer
en,539,16,;,PUNCT,;
en,539,17,he,PRON,he
en,539,18,had,AUX,have
en,539,19,decided,VERB,decide
en,539,20,immediately,ADV,immediately
en,539,21,to,PART,to
en,539,22,go,VERB,go
en,539,23,there,ADV,there
en,539,24,that,SCONJ,that
en,539,25,Sunday,PROPN,Sunday
en,539,26,",",PUNCT,","
en,539,27,it,PRON,it
en,539,28,was,AUX,be
en,539,29,certainly,ADV,certainly
en,539,30,necessary,ADJ,necessary
en,539,31,",",PUNCT,","
en,539,32,proceedings,NOUN,proceeding
en,539,33,had,AUX,have
en,539,34,begun,VERB,begin
en,539,35,and,CCONJ,and
en,539,36,he,PRON,he
en,539,37,had,VERB,have
en,539,38,to,PART,to
en,539,39,face,VERB,face
en,539,40,up,ADP,up
en,539,41,to,ADP,to
en,539,42,it,PRON,it
en,539,43,",",PUNCT,","
en,539,44,and,CCONJ,and
en,539,45,this,DET,this
en,539,46,first,ADJ,first
en,539,47,examination,NOUN,examination
en,539,48,would,AUX,would
en,539,49,probably,ADV,probably
en,539,50,also,ADV,also
en,539,51,be,AUX,be
en,539,52,the,DET,the
en,539,53,last,ADJ,last
en,539,54,.,PUNCT,.
en,565,0,The,DET,the
en,565,1,first,ADJ,first
en,565,2,two,NUM,two
en,565,3,were,AUX,be
en,565,4,travelling,VERB,travel
en,565,5,in,ADP,in
en,565,6,a,DET,a
en,565,7,tram,NOUN,tram
en,565,8,that,PRON,that
en,565,9,went,VERB,go
en,565,10,across,ADP,across
en,565,11,K.,PROPN,K.
en,565,12,'s,PART,'s
en,565,13,route,NOUN,route
en,565,14,",",PUNCT,","
en,565,15,but,CCONJ,but
en,565,16,Kaminer,PROPN,Kaminer
en,565,17,sat,VERB,sit
en,565,18,on,ADP,on
en,565,19,the,DET,the
en,565,20,terrace,NOUN,terrace
en,565,21,of,ADP,of
en,565,22,a,DET,a
en,565,23,café,NOUN,café
en,565,24,and,CCONJ,and
en,565,25,leant,NOUN,leant
en,565,26,curiously,ADV,curiously
en,565,27,over,ADP,over
en,565,28,the,DET,the
en,565,29,wall,NOUN,wall
en,565,30,as,SCONJ,as
en,565,31,K.,PROPN,K.
en,565,32,came,VERB,come
en,565,33,over,ADP,over
en,565,34,.,PUNCT,.
en,595,0,It,PRON,it
en,595,1,turned,VERB,turn
en,595,2,out,ADP,out
en,595,3,",",PUNCT,","
en,595,4,though,ADV,though
en,595,5,",",PUNCT,","
en,595,6,that,SCONJ,that
en,595,7,that,PRON,that
en,595,8,was,AUX,be
en,595,9,mostly,ADV,mostly
en,595,10,possible,ADJ,possible
en,595,11,without,ADP,without
en,595,12,further,ADJ,further
en,595,13,ado,NOUN,ado
en,595,14,",",PUNCT,","
en,595,15,as,SCONJ,as
en,595,16,almost,ADV,almost
en,595,17,all,DET,all
en,595,18,the,DET,the
en,595,19,doors,NOUN,door
en,595,20,were,AUX,be
en,595,21,left,VERB,leave
en,595,22,open,ADJ,open
en,595,23,and,CCONJ,and
en,595,24,the,DET,the
en,595,25,children,NOUN,child
en,595,26,ran,VERB,run
en,595,27,in,ADP,in
en,595,28,and,CCONJ,and
en,595,29,out,ADV,out
en,595,30,.,PUNCT,.
en,606,0,There,PRON,there
en,606,1,were,VERB,be
en,606,2,many,ADJ,many
en,606,3,who,PRON,who
en,606,4,thought,VERB,think
en,606,5,it,PRON,it
en,606,6,must,AUX,must
en,606,7,be,AUX,be
en,606,8,very,ADV,very
en,606,9,important,ADJ,important
en,606,10,for,SCONJ,for
en,606,11,K.,PROPN,K.
en,606,12,to,PART,to
en,606,13,find,VERB,find
en,606,14,Lanz,PROPN,Lanz
en,606,15,the,DET,the
en,606,16,joiner,NOUN,joiner
en,606,17,and,CCONJ,and
en,606,18,thought,VERB,think
en,606,19,long,ADV,long
en,606,20,about,ADP,about
en,606,21,it,PRON,it
en,606,22,",",PUNCT,","
en,606,23,naming,VERB,name
en,606,24,a,DET,a
en,606,25,joiner,NOUN,joiner
en,606,26,who,PRON,who
en,606,27,was,AUX,be
en,606,28,not,PART,not
en,606,29,called,VERB,call
en,606,30,Lanz,PROPN,Lanz
en,606,31,or,CCONJ,or
en,606,32,giving,VERB,give
en,606,33,a,DET,a
en,606,34,name,NOUN,name
en,606,35,that,PRON,that
en,606,36,had,VERB,have
en,606,37,some,DET,some
en,606,38,vague,ADJ,vague
en,606,39,similarity,NOUN,similarity
en,606,40,with,ADP,with
en,606,41,Lanz,PROPN,Lanz
en,606,42,",",PUNCT,","
en,606,43,or,CCONJ,or
en,606,44,they,PRON,they
en,606,45,asked,VERB,ask
en,606,46,neighbours,NOUN,neighbour
en,606,47,or,CCONJ,or
en,606,48,accompanied,VERB,accompany
en,606,49,K.,PROPN,K.
en,606,50,to,ADP,to
en,606,51,a,DET,a
en,606,52,door,NOUN,door
en,606,53,a,DET,a
en,606,54,long,ADJ,long
en,606,55,way,NOUN,way
en,606,56,away,ADV,away
en,606,57,where,SCONJ,where
en,606,58,they,PRON,they
en,606,59,thought,VERB,think
en,606,60,someone,PRON,someone
en,606,61,of,ADP,of
en,606,62,that,DET,that
en,606,63,sort,NOUN,sort
en,606,64,might,AUX,might
en,606,65,live,VERB,live
en,606,66,in,ADP,in
en,606,67,the,DET,the
en,606,68,back,ADJ,back
en,606,69,part,NOUN,part
en,606,70,of,ADP,of
en,606,71,the,DET,the
en,606,72,building,NOUN,building
en,606,73,or,CCONJ,or
en,606,74,where,SCONJ,where
en,606,75,someone,PRON,someone
en,606,76,would,AUX,would
en,606,77,be,AUX,be
en,606,78,who,PRON,who
en,606,79,could,AUX,could
en,606,80,advise,VERB,advise
en,606,81,K.,PROPN,K.
en,606,82,better,ADV,well
en,606,83,than,SCONJ,than
en,606,84,they,PRON,they
en,606,85,could,AUX,could
en,606,86,themselves,PRON,themselves
en,606,87,.,PUNCT,.
en,643,0,K.,PROPN,K.
en,643,1,had,AUX,have
en,643,2,decided,VERB,decide
en,643,3,he,PRON,he
en,643,4,would,AUX,would
en,643,5,do,VERB,do
en,643,6,more,ADJ,more
en,643,7,watching,NOUN,watching
en,643,8,than,ADP,than
en,643,9,talking,VERB,talk
en,643,10,",",PUNCT,","
en,643,11,so,ADV,so
en,643,12,he,PRON,he
en,643,13,did,AUX,do
en,643,14,not,PART,not
en,643,15,defend,VERB,defend
en,643,16,himself,PRON,himself
en,643,17,for,ADP,for
en,643,18,supposedly,ADV,supposedly
en,643,19,having,AUX,having
en,643,20,come,VERB,come
en,643,21,late,ADV,late
en,643,22,",",PUNCT,","
en,643,23,and,CCONJ,and
en,643,24,simply,ADV,simply
en,643,25,said,VERB,say
en,643,26,",",PUNCT,","
en,643,27,"""",PUNCT,""""
en,643,28,Well,INTJ,well
en,643,29,maybe,ADV,maybe
en,643,30,I,PRON,I
en,643,31,have,AUX,have
en,643,32,arrived,VERB,arrive
en,643,33,late,ADV,late
en,643,34,",",PUNCT,","
en,643,35,I,PRON,I
en,643,36,'m,AUX,be
en,643,37,here,ADV,here
en,643,38,now,ADV,now
en,643,39,.,PUNCT,.
en,643,40,"""",PUNCT,""""
en,651,0,He,PRON,he
en,651,1,stood,VERB,stand
en,651,2,pressed,VERB,press
en,651,3,closely,ADV,closely
en,651,4,against,ADP,against
en,651,5,the,DET,the
en,651,6,table,NOUN,table
en,651,7,",",PUNCT,","
en,651,8,the,DET,the
en,651,9,press,NOUN,press
en,651,10,of,ADP,of
en,651,11,the,DET,the
en,651,12,crowd,NOUN,crowd
en,651,13,behind,ADP,behind
en,651,14,him,PRON,he
en,651,15,was,AUX,be
en,651,16,so,ADV,so
en,651,17,great,ADJ,great
en,651,18,that,SCONJ,that
en,651,19,he,PRON,he
en,651,20,had,VERB,have
en,651,21,to,PART,to
en,651,22,press,VERB,press
en,651,23,back,ADV,back
en,651,24,against,ADP,against
en,651,25,it,PRON,it
en,651,26,if,SCONJ,if
en,651,27,he,PRON,he
en,651,28,did,AUX,do
en,651,29,not,PART,not
en,651,30,want,VERB,want
en,651,31,to,PART,to
en,651,32,push,VERB,push
en,651,33,the,DET,the
en,651,34,judge,NOUN,judge
en,651,35,'s,PART,'s
en,651,36,desk,NOUN,desk
en,651,37,down,ADP,down
en,651,38,off,ADP,off
en,651,39,the,DET,the
en,651,40,podium,NOUN,podium
en,651,41,and,CCONJ,and
en,651,42,perhaps,ADV,perhaps
en,651,43,the,DET,the
en,651,44,judge,NOUN,judge
en,651,45,along,ADP,along
en,651,46,with,ADP,with
en,651,47,it,PRON,it
en,651,48,.,PUNCT,.
en,658,0,The,DET,the
en,658,1,people,NOUN,people
en,658,2,supported,VERB,support
en,658,3,themselves,PRON,themselves
en,658,4,with,ADP,with
en,658,5,their,PRON,their
en,658,6,hands,NOUN,hand
en,658,7,on,ADP,on
en,658,8,their,PRON,their
en,658,9,knees,NOUN,knee
en,658,10,and,CCONJ,and
en,658,11,shook,VERB,shake
en,658,12,as,SCONJ,as
en,658,13,if,SCONJ,if
en,658,14,suffering,VERB,suffer
en,658,15,a,DET,a
en,658,16,serious,ADJ,serious
en,658,17,attack,NOUN,attack
en,658,18,of,ADP,of
en,658,19,coughing,VERB,cough
en,658,20,.,PUNCT,.
en,671,0,K.,PROPN,K.
en,671,1,stopped,VERB,stop
en,671,2,speaking,VERB,speak
en,671,3,and,CCONJ,and
en,671,4,looked,VERB,look
en,671,5,down,ADP,down
en,671,6,into,ADP,into
en,671,7,the,DET,the
en,671,8,hall,NOUN,hall
en,671,9,.,PUNCT,.
en,695,0,Again,ADV,again
en,695,1,I,PRON,I
en,695,2,say,VERB,say
en,695,3,",",PUNCT,","
en,695,4,Bravo,PROPN,Bravo
en,695,5,!,PUNCT,!
en,695,6,"""",PUNCT,""""
en,702,0,They,PRON,they
en,702,1,came,VERB,come
en,702,2,for,ADP,for
en,702,3,me,PRON,I
en,702,4,in,ADP,in
en,702,5,the,DET,the
en,702,6,morning,NOUN,morning
en,702,7,when,SCONJ,when
en,702,8,I,PRON,I
en,702,9,was,AUX,be
en,702,10,still,ADV,still
en,702,11,in,ADP,in
en,702,12,bed,NOUN,bed
en,702,13,.,PUNCT,.
en,707,0,And,CCONJ,and
en,707,1,even,ADV,even
en,707,2,that,PRON,that
en,707,3,was,AUX,be
en,707,4,not,PART,not
en,707,5,enough,ADJ,enough
en,707,6,.,PUNCT,.
en,720,0,As,SCONJ,as
en,720,1,he,PRON,he
en,720,2,did,VERB,do
en,720,3,so,ADV,so
en,720,4,he,PRON,he
en,720,5,thought,VERB,think
en,720,6,he,PRON,he
en,720,7,saw,VERB,see
en,720,8,the,DET,the
en,720,9,judge,NOUN,judge
en,720,10,use,VERB,use
en,720,11,a,DET,a
en,720,12,movement,NOUN,movement
en,720,13,of,ADP,of
en,720,14,his,PRON,his
en,720,15,eyes,NOUN,eye
en,720,16,to,PART,to
en,720,17,give,VERB,give
en,720,18,a,DET,a
en,720,19,sign,NOUN,sign
en,720,20,to,ADP,to
en,720,21,someone,PRON,someone
en,720,22,in,ADP,in
en,720,23,the,DET,the
en,720,24,crowd,NOUN,crowd
en,720,25,.,PUNCT,.
en,723,0,I,PRON,I
en,723,1,do,AUX,do
en,723,2,n't,PART,not
en,723,3,know,VERB,know
en,723,4,whether,SCONJ,whether
en,723,5,the,DET,the
en,723,6,sign,NOUN,sign
en,723,7,is,AUX,be
en,723,8,meant,VERB,mean
en,723,9,to,PART,to
en,723,10,produce,VERB,produce
en,723,11,booing,VERB,boo
en,723,12,or,CCONJ,or
en,723,13,applause,NOUN,applause
en,723,14,",",PUNCT,","
en,723,15,but,CCONJ,but
en,723,16,I,PRON,I
en,723,17,'ll,AUX,will
en,723,18,resist,VERB,resist
en,723,19,trying,VERB,try
en,723,20,to,PART,to
en,723,21,guess,VERB,guess
en,723,22,what,PRON,what
en,723,23,its,PRON,its
en,723,24,meaning,NOUN,meaning
en,723,25,is,AUX,be
en,723,26,too,ADV,too
en,723,27,soon,ADV,soon
en,723,28,.,PUNCT,.
en,746,0,That,PRON,that
en,746,1,is,AUX,be
en,746,2,why,SCONJ,why
en,746,3,policemen,NOUN,policeman
en,746,4,try,VERB,try
en,746,5,to,PART,to
en,746,6,steal,VERB,steal
en,746,7,the,DET,the
en,746,8,clothes,NOUN,clothe
en,746,9,off,ADP,off
en,746,10,the,DET,the
en,746,11,back,NOUN,back
en,746,12,of,ADP,of
en,746,13,those,PRON,those
en,746,14,they,PRON,they
en,746,15,arrest,VERB,arrest
en,746,16,",",PUNCT,","
en,746,17,that,PRON,that
en,746,18,is,AUX,be
en,746,19,why,SCONJ,why
en,746,20,supervisors,NOUN,supervisor
en,746,21,break,VERB,break
en,746,22,into,ADP,into
en,746,23,the,DET,the
en,746,24,homes,NOUN,home
en,746,25,of,ADP,of
en,746,26,people,NOUN,people
en,746,27,they,PRON,they
en,746,28,do,AUX,do
en,746,29,not,PART,not
en,746,30,know,VERB,know
en,746,31,",",PUNCT,","
en,746,32,that,PRON,that
en,746,33,is,AUX,be
en,746,34,why,SCONJ,why
en,746,35,innocent,ADJ,innocent
en,746,36,people,NOUN,people
en,746,37,are,AUX,be
en,746,38,humiliated,VERB,humiliate
en,746,39,in,ADP,in
en,746,40,front,NOUN,front
en,746,41,of,ADP,of
en,746,42,crowds,NOUN,crowd
en,746,43,rather,ADV,rather
en,746,44,than,ADP,than
en,746,45,being,AUX,be
en,746,46,given,VERB,give
en,746,47,a,DET,a
en,746,48,proper,ADJ,proper
en,746,49,trial,NOUN,trial
en,746,50,.,PUNCT,.
en,757,0,Now,ADV,now
en,757,1,he,PRON,he
en,757,2,stood,VERB,stand
en,757,3,face,NOUN,face
en,757,4,to,ADP,to
en,757,5,face,NOUN,face
en,757,6,with,ADP,with
en,757,7,the,DET,the
en,757,8,crowd,NOUN,crowd
en,757,9,.,PUNCT,.
en,763,0,But,CCONJ,but
en,763,1,underneath,ADP,underneath
en,763,2,those,DET,those
en,763,3,beards,NOUN,beard
en,763,4,--,PUNCT,--
en,763,5,and,CCONJ,and
en,763,6,this,PRON,this
en,763,7,was,AUX,be
en,763,8,the,DET,the
en,763,9,real,ADJ,real
en,763,10,discovery,NOUN,discovery
en,763,11,made,VERB,make
en,763,12,by,ADP,by
en,763,13,K.--there,PROPN,K.--there
en,763,14,were,AUX,be
en,763,15,badges,NOUN,badge
en,763,16,of,ADP,of
en,763,17,various,ADJ,various
en,763,18,sizes,NOUN,size
en,763,19,and,CCONJ,and
en,763,20,colours,NOUN,colour
en,763,21,shining,VERB,shin
en,763,22,on,ADP,on
en,763,23,the,DET,the
en,763,24,collars,NOUN,collar
en,763,25,of,ADP,of
en,763,26,their,PRON,their
en,763,27,coats,NOUN,coat
en,763,28,.,PUNCT,.
en,779,0,So,ADV,so
en,779,1,on,ADP,on
en,779,2,Sunday,PROPN,Sunday
en,779,3,",",PUNCT,","
en,779,4,he,PRON,he
en,779,5,set,VERB,set
en,779,6,out,ADP,out
en,779,7,once,ADV,once
en,779,8,more,ADJ,more
en,779,9,in,ADP,in
en,779,10,the,DET,the
en,779,11,same,ADJ,same
en,779,12,direction,NOUN,direction
en,779,13,",",PUNCT,","
en,779,14,going,VERB,go
en,779,15,without,ADP,without
en,779,16,hesitation,NOUN,hesitation
en,779,17,up,ADP,up
en,779,18,the,DET,the
en,779,19,steps,NOUN,step
en,779,20,and,CCONJ,and
en,779,21,through,ADP,through
en,779,22,the,DET,the
en,779,23,corridors,NOUN,corridor
en,779,24,;,PUNCT,;
en,779,25,some,PRON,some
en,779,26,of,ADP,of
en,779,27,the,DET,the
en,779,28,people,NOUN,people
en,779,29,remembered,VERB,remember
en,779,30,him,PRON,he
en,779,31,and,CCONJ,and
en,779,32,greeted,VERB,greet
en,779,33,him,PRON,he
en,779,34,from,ADP,from
en,779,35,their,PRON,their
en,779,36,doorways,NOUN,doorway
en,779,37,",",PUNCT,","
en,779,38,but,CCONJ,but
en,779,39,he,PRON,he
en,779,40,no,ADV,no
en,779,41,longer,ADV,long
en,779,42,needed,VERB,need
en,779,43,to,PART,to
en,779,44,ask,VERB,ask
en,779,45,anyone,PRON,anyone
en,779,46,the,DET,the
en,779,47,way,NOUN,way
en,779,48,and,CCONJ,and
en,779,49,soon,ADV,soon
en,779,50,arrived,VERB,arrive
en,779,51,at,ADP,at
en,779,52,the,DET,the
en,779,53,right,ADJ,right
en,779,54,door,NOUN,door
en,779,55,.,PUNCT,.
en,790,0,"""",PUNCT,""""
en,790,1,I,PRON,I
en,790,2,see,VERB,see
en,790,3,",",PUNCT,","
en,790,4,"""",PUNCT,""""
en,790,5,said,VERB,say
en,790,6,K.,PROPN,K.
en,790,7,",",PUNCT,","
en,790,8,and,CCONJ,and
en,790,9,nodded,VERB,nod
en,790,10,",",PUNCT,","
en,790,11,"""",PUNCT,""""
en,790,12,those,DET,those
en,790,13,books,NOUN,book
en,790,14,must,AUX,must
en,790,15,be,AUX,be
en,790,16,law,NOUN,law
en,790,17,books,NOUN,book
en,790,18,",",PUNCT,","
en,790,19,and,CCONJ,and
en,790,20,that,PRON,that
en,790,21,'s,AUX,be
en,790,22,how,SCONJ,how
en,790,23,this,DET,this
en,790,24,court,NOUN,court
en,790,25,does,VERB,do
en,790,26,things,NOUN,thing
en,790,27,",",PUNCT,","
en,790,28,not,PART,not
en,790,29,only,ADV,only
en,790,30,to,PART,to
en,790,31,try,VERB,try
en,790,32,people,NOUN,people
en,790,33,who,PRON,who
en,790,34,are,AUX,be
en,790,35,innocent,ADJ,innocent
en,790,36,but,CCONJ,but
en,790,37,even,ADV,even
en,790,38,to,PART,to
en,790,39,try,VERB,try
en,790,40,them,PRON,they
en,790,41,without,ADP,without
en,790,42,letting,VERB,let
en,790,43,them,PRON,they
en,790,44,know,VERB,know
en,790,45,what,PRON,what
en,790,46,'s,AUX,be
en,790,47,going,VERB,go
en,790,48,on,ADP,on
en,790,49,.,PUNCT,.
en,790,50,"""",PUNCT,""""
en,793,0,asked,VERB,ask
en,793,1,the,DET,the
en,793,2,woman,NOUN,woman
en,793,3,.,PUNCT,.
en,805,0,"""",PUNCT,""""
en,805,1,There,PRON,there
en,805,2,'s,VERB,be
en,805,3,no,DET,no
en,805,4,-,PUNCT,-
en,805,5,one,NOUN,one
en,805,6,I,PRON,I
en,805,7,know,VERB,know
en,805,8,who,PRON,who
en,805,9,'d,AUX,would
en,805,10,hold,VERB,hold
en,805,11,it,PRON,it
en,805,12,against,ADP,against
en,805,13,me,PRON,I
en,805,14,",",PUNCT,","
en,805,15,"""",PUNCT,""""
en,805,16,said,VERB,say
en,805,17,the,DET,the
en,805,18,woman,NOUN,woman
en,805,19,.,PUNCT,.
en,813,0,"""",PUNCT,""""
en,813,1,That,PRON,that
en,813,2,'s,AUX,be
en,813,3,what,PRON,what
en,813,4,I,PRON,I
en,813,5,thought,VERB,think
en,813,6,when,SCONJ,when
en,813,7,I,PRON,I
en,813,8,heard,VERB,hear
en,813,9,you,PRON,you
en,813,10,speak,VERB,speak
en,813,11,",",PUNCT,","
en,813,12,I,PRON,I
en,813,13,really,ADV,really
en,813,14,liked,VERB,like
en,813,15,what,PRON,what
en,813,16,you,PRON,you
en,813,17,said,VERB,say
en,813,18,.,PUNCT,.
en,820,0,And,CCONJ,and
en,820,1,I,PRON,I
en,820,2,will,AUX,will
en,820,3,be,AUX,be
en,820,4,glad,ADJ,glad
en,820,5,to,PART,to
en,820,6,do,VERB,do
en,820,7,so,ADV,so
en,820,8,not,PART,not
en,820,9,only,ADV,only
en,820,10,for,ADP,for
en,820,11,the,DET,the
en,820,12,sake,NOUN,sake
en,820,13,of,ADP,of
en,820,14,charity,NOUN,charity
en,820,15,but,CCONJ,but
en,820,16,also,ADV,also
en,820,17,because,SCONJ,because
en,820,18,you,PRON,you
en,820,19,can,AUX,can
en,820,20,be,AUX,be
en,820,21,of,ADP,of
en,820,22,some,DET,some
en,820,23,help,NOUN,help
en,820,24,to,ADP,to
en,820,25,me,PRON,I
en,820,26,.,PUNCT,.
en,820,27,"""",PUNCT,""""
en,841,0,With,ADP,with
en,841,1,that,PRON,that
en,841,2,",",PUNCT,","
en,841,3,K.,PROPN,K.
en,841,4,stood,VERB,stand
en,841,5,up,ADP,up
en,841,6,in,ADP,in
en,841,7,silence,NOUN,silence
en,841,8,as,SCONJ,as
en,841,9,if,SCONJ,if
en,841,10,he,PRON,he
en,841,11,had,AUX,have
en,841,12,spoken,VERB,speak
en,841,13,his,PRON,his
en,841,14,thoughts,NOUN,thought
en,841,15,out,ADV,out
en,841,16,loud,ADV,loud
en,841,17,and,CCONJ,and
en,841,18,thus,ADV,thus
en,841,19,explained,VERB,explain
en,841,20,his,PRON,his
en,841,21,action,NOUN,action
en,841,22,to,ADP,to
en,841,23,the,DET,the
en,841,24,woman,NOUN,woman
en,841,25,.,PUNCT,.
en,865,0,And,CCONJ,and
en,865,1,I,PRON,I
en,865,2,will,AUX,will
en,865,3,make,VERB,make
en,865,4,quite,ADV,quite
en,865,5,sure,ADJ,sure
en,865,6,it,PRON,it
en,865,7,is,AUX,be
en,865,8,a,DET,a
en,865,9,blow,NOUN,blow
en,865,10,against,ADP,against
en,865,11,them,PRON,they
en,865,12,.,PUNCT,.
en,872,0,Last,ADJ,last
en,872,1,Sunday,PROPN,Sunday
en,872,2,",",PUNCT,","
en,872,3,for,ADP,for
en,872,4,instance,NOUN,instance
en,872,5,",",PUNCT,","
en,872,6,that,DET,that
en,872,7,session,NOUN,session
en,872,8,went,VERB,go
en,872,9,on,ADP,on
en,872,10,till,SCONJ,till
en,872,11,the,DET,the
en,872,12,evening,NOUN,evening
en,872,13,.,PUNCT,.
en,882,0,Yesterday,NOUN,yesterday
en,882,1,",",PUNCT,","
en,882,2,he,PRON,he
en,882,3,sent,VERB,send
en,882,4,that,DET,that
en,882,5,student,NOUN,student
en,882,6,to,ADP,to
en,882,7,me,PRON,I
en,882,8,",",PUNCT,","
en,882,9,the,DET,the
en,882,10,one,NOUN,one
en,882,11,he,PRON,he
en,882,12,really,ADV,really
en,882,13,trusts,VERB,trust
en,882,14,and,CCONJ,and
en,882,15,who,PRON,who
en,882,16,he,PRON,he
en,882,17,works,VERB,work
en,882,18,with,ADP,with
en,882,19,",",PUNCT,","
en,882,20,he,PRON,he
en,882,21,sent,VERB,send
en,882,22,him,PRON,he
en,882,23,with,ADP,with
en,882,24,a,DET,a
en,882,25,present,NOUN,present
en,882,26,for,ADP,for
en,882,27,me,PRON,I
en,882,28,",",PUNCT,","
en,882,29,silk,NOUN,silk
en,882,30,stockings,NOUN,stocking
en,882,31,.,PUNCT,.
en,900,0,And,CCONJ,and
en,900,1,maybe,ADV,maybe
en,900,2,there,PRON,there
en,900,3,was,VERB,be
en,900,4,no,DET,no
en,900,5,better,ADJ,well
en,900,6,revenge,NOUN,revenge
en,900,7,against,ADP,against
en,900,8,the,DET,the
en,900,9,examining,VERB,examine
en,900,10,judge,NOUN,judge
en,900,11,and,CCONJ,and
en,900,12,his,PRON,his
en,900,13,cronies,NOUN,crony
en,900,14,than,SCONJ,than
en,900,15,to,PART,to
en,900,16,take,VERB,take
en,900,17,this,DET,this
en,900,18,woman,NOUN,woman
en,900,19,from,ADP,from
en,900,20,him,PRON,he
en,900,21,and,CCONJ,and
en,900,22,have,VERB,have
en,900,23,her,PRON,she
en,900,24,for,ADP,for
en,900,25,himself,PRON,himself
en,900,26,.,PUNCT,.
en,906,0,K.,PROPN,K.
en,906,1,saw,VERB,see
en,906,2,this,PRON,this
en,906,3,as,ADP,as
en,906,4,confirmation,NOUN,confirmation
en,906,5,of,ADP,of
en,906,6,the,DET,the
en,906,7,tyranny,NOUN,tyranny
en,906,8,the,DET,the
en,906,9,student,NOUN,student
en,906,10,held,VERB,hold
en,906,11,over,ADP,over
en,906,12,the,DET,the
en,906,13,woman,NOUN,woman
en,906,14,and,CCONJ,and
en,906,15,which,PRON,which
en,906,16,she,PRON,she
en,906,17,had,AUX,have
en,906,18,already,ADV,already
en,906,19,complained,VERB,complain
en,906,20,about,ADP,about
en,906,21,",",PUNCT,","
en,906,22,he,PRON,he
en,906,23,stood,VERB,stand
en,906,24,up,ADP,up
en,906,25,and,CCONJ,and
en,906,26,walked,VERB,walk
en,906,27,up,ADV,up
en,906,28,and,CCONJ,and
en,906,29,down,ADP,down
en,906,30,the,DET,the
en,906,31,room,NOUN,room
en,906,32,.,PUNCT,.
en,908,0,You,PRON,you
en,908,1,could,AUX,could
en,908,2,have,AUX,have
en,908,3,gone,VERB,go
en,908,4,earlier,ADV,early
en,908,5,",",PUNCT,","
en,908,6,no,DET,no
en,908,7,-,PUNCT,-
en,908,8,one,NOUN,one
en,908,9,would,AUX,would
en,908,10,have,AUX,have
en,908,11,missed,VERB,miss
en,908,12,you,PRON,you
en,908,13,.,PUNCT,.
en,928,0,Let,VERB,let
en,928,1,go,VERB,go
en,928,2,of,ADP,of
en,928,3,him,PRON,he
en,928,4,",",PUNCT,","
en,928,5,please,INTJ,please
en,928,6,just,ADV,just
en,928,7,let,VERB,let
en,928,8,go,VERB,go
en,928,9,of,ADP,of
en,928,10,him,PRON,he
en,928,11,.,PUNCT,.
en,930,0,"""",PUNCT,""""
en,930,1,Let,VERB,let
en,930,2,him,PRON,he
en,930,3,take,VERB,take
en,930,4,you,PRON,you
en,930,5,then,ADV,then
en,930,6,",",PUNCT,","
en,930,7,and,CCONJ,and
en,930,8,I,PRON,I
en,930,9,want,VERB,want
en,930,10,to,PART,to
en,930,11,see,VERB,see
en,930,12,nothing,PRON,nothing
en,930,13,more,ADJ,more
en,930,14,of,ADP,of
en,930,15,you,PRON,you
en,930,16,",",PUNCT,","
en,930,17,"""",PUNCT,""""
en,930,18,said,VERB,say
en,930,19,K.,PROPN,K.
en,930,20,",",PUNCT,","
en,930,21,enraged,VERB,enrage
en,930,22,by,ADP,by
en,930,23,his,PRON,his
en,930,24,disappointment,NOUN,disappointment
en,930,25,and,CCONJ,and
en,930,26,giving,VERB,give
en,930,27,the,DET,the
en,930,28,student,NOUN,student
en,930,29,a,DET,a
en,930,30,thump,NOUN,thump
en,930,31,in,ADP,in
en,930,32,the,DET,the
en,930,33,back,NOUN,back
en,930,34,so,SCONJ,so
en,930,35,that,SCONJ,that
en,930,36,he,PRON,he
en,930,37,briefly,ADV,briefly
en,930,38,stumbled,VERB,stumble
en,930,39,and,CCONJ,and
en,930,40,then,ADV,then
en,930,41,",",PUNCT,","
en,930,42,glad,ADJ,glad
en,930,43,that,SCONJ,that
en,930,44,he,PRON,he
en,930,45,had,AUX,have
en,930,46,not,PART,not
en,930,47,fallen,VERB,fall
en,930,48,",",PUNCT,","
en,930,49,immediately,ADV,immediately
en,930,50,jumped,VERB,jump
en,930,51,up,ADP,up
en,930,52,all,DET,all
en,930,53,the,DET,the
en,930,54,higher,ADJ,high
en,930,55,with,ADP,with
en,930,56,his,PRON,his
en,930,57,burden,NOUN,burden
en,930,58,.,PUNCT,.
en,935,0,And,CCONJ,and
en,935,1,he,PRON,he
en,935,2,imagined,VERB,imagine
en,935,3,the,DET,the
en,935,4,most,ADV,most
en,935,5,laughable,ADJ,laughable
en,935,6,scene,NOUN,scene
en,935,7,possible,ADJ,possible
en,935,8,as,ADP,as
en,935,9,an,DET,an
en,935,10,example,NOUN,example
en,935,11,of,ADP,of
en,935,12,this,PRON,this
en,935,13,",",PUNCT,","
en,935,14,if,SCONJ,if
en,935,15,this,DET,this
en,935,16,contemptible,ADJ,contemptible
en,935,17,student,NOUN,student
en,935,18,",",PUNCT,","
en,935,19,this,DET,this
en,935,20,inflated,ADJ,inflated
en,935,21,child,NOUN,child
en,935,22,",",PUNCT,","
en,935,23,this,DET,this
en,935,24,knock,NOUN,knock
en,935,25,-,PUNCT,-
en,935,26,kneed,NOUN,kneed
en,935,27,redbeard,NOUN,redbeard
en,935,28,",",PUNCT,","
en,935,29,if,SCONJ,if
en,935,30,he,PRON,he
en,935,31,were,AUX,be
en,935,32,kneeling,VERB,kneel
en,935,33,at,ADP,at
en,935,34,Elsa,PROPN,Elsa
en,935,35,'s,PART,'s
en,935,36,bed,NOUN,bed
en,935,37,wringing,VERB,wring
en,935,38,his,PRON,his
en,935,39,hands,NOUN,hand
en,935,40,and,CCONJ,and
en,935,41,begging,VERB,beg
en,935,42,for,ADP,for
en,935,43,forgiveness,NOUN,forgiveness
en,935,44,.,PUNCT,.
en,981,0,"""",PUNCT,""""
en,981,1,Course,NOUN,course
en,981,2,she,PRON,she
en,981,3,does,VERB,do
en,981,4,",",PUNCT,","
en,981,5,"""",PUNCT,""""
en,981,6,said,VERB,say
en,981,7,the,DET,the
en,981,8,usher,PROPN,usher
en,981,9,",",PUNCT,","
en,981,10,"""",PUNCT,""""
en,981,11,it,PRON,it
en,981,12,'s,AUX,be
en,981,13,more,ADV,more
en,981,14,her,PRON,her
en,981,15,fault,NOUN,fault
en,981,16,than,ADP,than
en,981,17,theirs,PRON,theirs
en,981,18,.,PUNCT,.
en,1004,0,No,PRON,no
en,1004,1,-,ADJ,-
en,1004,2,one,NOUN,one
en,1004,3,will,AUX,will
en,1004,4,take,VERB,take
en,1004,5,any,DET,any
en,1004,6,notice,NOUN,notice
en,1004,7,of,ADP,of
en,1004,8,you,PRON,you
en,1004,9,.,PUNCT,.
en,1004,10,"""",PUNCT,""""
en,1006,0,"""",PUNCT,""""
en,1006,1,Well,INTJ,well
en,1006,2,",",PUNCT,","
en,1006,3,"""",PUNCT,""""
en,1006,4,said,VERB,say
en,1006,5,the,DET,the
en,1006,6,usher,PROPN,usher
en,1006,7,",",PUNCT,","
en,1006,8,"""",PUNCT,""""
en,1006,9,I,PRON,I
en,1006,10,thought,VERB,think
en,1006,11,you,PRON,you
en,1006,12,'d,AUX,would
en,1006,13,be,AUX,be
en,1006,14,interested,ADJ,interested
en,1006,15,in,ADP,in
en,1006,16,it,PRON,it
en,1006,17,.,PUNCT,.
en,1006,18,"""",PUNCT,""""
en,1009,0,At,ADP,at
en,1009,1,the,DET,the
en,1009,2,entrance,NOUN,entrance
en,1009,3,he,PRON,he
en,1009,4,nearly,ADV,nearly
en,1009,5,fell,VERB,fall
en,1009,6,over,ADV,over
en,1009,7,",",PUNCT,","
en,1009,8,as,ADP,as
en,1009,9,behind,ADP,behind
en,1009,10,the,DET,the
en,1009,11,door,NOUN,door
en,1009,12,there,PRON,there
en,1009,13,was,VERB,be
en,1009,14,another,DET,another
en,1009,15,step,NOUN,step
en,1009,16,.,PUNCT,.
en,1014,0,The,DET,the
en,1014,1,light,NOUN,light
en,1014,2,made,VERB,make
en,1014,3,its,PRON,its
en,1014,4,way,NOUN,way
en,1014,5,in,ADV,in
en,1014,6,through,ADP,through
en,1014,7,them,PRON,they
en,1014,8,",",PUNCT,","
en,1014,9,and,CCONJ,and
en,1014,10,it,PRON,it
en,1014,11,was,AUX,be
en,1014,12,also,ADV,also
en,1014,13,possible,ADJ,possible
en,1014,14,to,PART,to
en,1014,15,see,VERB,see
en,1014,16,individual,ADJ,individual
en,1014,17,officials,NOUN,official
en,1014,18,through,ADP,through
en,1014,19,them,PRON,they
en,1014,20,as,SCONJ,as
en,1014,21,they,PRON,they
en,1014,22,sat,VERB,sit
en,1014,23,writing,VERB,write
en,1014,24,at,ADP,at
en,1014,25,their,PRON,their
en,1014,26,desks,NOUN,desk
en,1014,27,or,CCONJ,or
en,1014,28,stood,VERB,stand
en,1014,29,up,ADP,up
en,1014,30,at,ADP,at
en,1014,31,the,DET,the
en,1014,32,wooden,ADJ,wooden
en,1014,33,frameworks,NOUN,framework
en,1014,34,and,CCONJ,and
en,1014,35,watched,VERB,watch
en,1014,36,the,DET,the
en,1014,37,people,NOUN,people
en,1014,38,on,ADP,on
en,1014,39,the,DET,the
en,1014,40,corridor,NOUN,corridor
en,1014,41,through,ADP,through
en,1014,42,the,DET,the
en,1014,43,gaps,NOUN,gap
en,1014,44,.,PUNCT,.
en,1032,0,The,DET,the
en,1032,1,voice,NOUN,voice
en,1032,2,of,ADP,of
en,1032,3,the,DET,the
en,1032,4,usher,PROPN,usher
en,1032,5,was,AUX,be
en,1032,6,probably,ADV,probably
en,1032,7,familiar,ADJ,familiar
en,1032,8,to,ADP,to
en,1032,9,him,PRON,he
en,1032,10,",",PUNCT,","
en,1032,11,and,CCONJ,and
en,1032,12,had,VERB,have
en,1032,13,a,DET,a
en,1032,14,better,ADJ,well
en,1032,15,effect,NOUN,effect
en,1032,16,than,ADP,than
en,1032,17,K.,PROPN,K.
en,1032,18,'s,PART,'s
en,1032,19,.,PUNCT,.
en,1044,0,"""",PUNCT,""""
en,1044,1,I,PRON,I
en,1044,2,do,AUX,do
en,1044,3,n't,PART,not
en,1044,4,really,ADV,really
en,1044,5,know,VERB,know
en,1044,6,",",PUNCT,","
en,1044,7,exactly,ADV,exactly
en,1044,8,",",PUNCT,","
en,1044,9,"""",PUNCT,""""
en,1044,10,said,VERB,say
en,1044,11,the,DET,the
en,1044,12,man,NOUN,man
en,1044,13,",",PUNCT,","
en,1044,14,once,ADV,once
en,1044,15,more,ADV,more
en,1044,16,totally,ADV,totally
en,1044,17,unsure,ADJ,unsure
en,1044,18,of,ADP,of
en,1044,19,himself,PRON,himself
en,1044,20,;,PUNCT,;
en,1044,21,he,PRON,he
en,1044,22,clearly,ADV,clearly
en,1044,23,thought,VERB,think
en,1044,24,K.,PROPN,K.
en,1044,25,was,AUX,be
en,1044,26,joking,VERB,joke
en,1044,27,with,ADP,with
en,1044,28,him,PRON,he
en,1044,29,and,CCONJ,and
en,1044,30,therefore,ADV,therefore
en,1044,31,probably,ADV,probably
en,1044,32,thought,VERB,think
en,1044,33,it,PRON,it
en,1044,34,best,ADJ,good
en,1044,35,to,PART,to
en,1044,36,repeat,VERB,repeat
en,1044,37,his,PRON,his
en,1044,38,earlier,ADJ,early
en,1044,39,answer,NOUN,answer
en,1044,40,in,ADP,in
en,1044,41,order,NOUN,order
en,1044,42,to,PART,to
en,1044,43,avoid,VERB,avoid
en,1044,44,making,VERB,make
en,1044,45,any,DET,any
en,1044,46,new,ADJ,new
en,1044,47,mistakes,NOUN,mistake
en,1044,48,.,PUNCT,.
en,1047,0,"""",PUNCT,""""
en,1047,1,You,PRON,you
en,1047,2,do,AUX,do
en,1047,3,n't,PART,not
en,1047,4,believe,VERB,believe
en,1047,5,me,PRON,I
en,1047,6,then,ADV,then
en,1047,7,?,PUNCT,?
en,1047,8,"""",PUNCT,""""
en,1047,9,asked,VERB,ask
en,1047,10,K.,PROPN,K.
en,1047,11,",",PUNCT,","
en,1047,12,and,CCONJ,and
en,1047,13,took,VERB,take
en,1047,14,hold,NOUN,hold
en,1047,15,of,ADP,of
en,1047,16,his,PRON,his
en,1047,17,arm,NOUN,arm
en,1047,18,",",PUNCT,","
en,1047,19,unconsciously,ADV,unconsciously
en,1047,20,prompted,VERB,prompt
en,1047,21,by,ADP,by
en,1047,22,the,DET,the
en,1047,23,man,NOUN,man
en,1047,24,'s,PART,'s
en,1047,25,humble,ADJ,humble
en,1047,26,demeanour,NOUN,demeanour
en,1047,27,",",PUNCT,","
en,1047,28,and,CCONJ,and
en,1047,29,as,SCONJ,as
en,1047,30,if,SCONJ,if
en,1047,31,he,PRON,he
en,1047,32,wanted,VERB,want
en,1047,33,to,PART,to
en,1047,34,force,VERB,force
en,1047,35,him,PRON,he
en,1047,36,to,PART,to
en,1047,37,believe,VERB,believe
en,1047,38,him,PRON,he
en,1047,39,.,PUNCT,.
en,1058,0,K.,PROPN,K.
en,1058,1,did,AUX,do
en,1058,2,n't,PART,not
en,1058,3,concern,VERB,concern
en,1058,4,himself,PRON,himself
en,1058,5,long,ADJ,long
en,1058,6,with,ADP,with
en,1058,7,the,DET,the
en,1058,8,guard,NOUN,guard
en,1058,9,or,CCONJ,or
en,1058,10,these,DET,these
en,1058,11,people,NOUN,people
en,1058,12,",",PUNCT,","
en,1058,13,especially,ADV,especially
en,1058,14,as,SCONJ,as
en,1058,15,he,PRON,he
en,1058,16,saw,VERB,see
en,1058,17,a,DET,a
en,1058,18,turning,NOUN,turning
en,1058,19,off,ADP,off
en,1058,20,the,DET,the
en,1058,21,corridor,NOUN,corridor
en,1058,22,",",PUNCT,","
en,1058,23,about,ADV,about
en,1058,24,half,ADJ,half
en,1058,25,way,NOUN,way
en,1058,26,along,ADP,along
en,1058,27,it,PRON,it
en,1058,28,on,ADP,on
en,1058,29,the,DET,the
en,1058,30,right,ADJ,right
en,1058,31,hand,NOUN,hand
en,1058,32,side,NOUN,side
en,1058,33,",",PUNCT,","
en,1058,34,where,SCONJ,where
en,1058,35,there,PRON,there
en,1058,36,was,VERB,be
en,1058,37,no,DET,no
en,1058,38,door,NOUN,door
en,1058,39,to,PART,to
en,1058,40,stop,VERB,stop
en,1058,41,him,PRON,he
en,1058,42,going,VERB,go
en,1058,43,that,DET,that
en,1058,44,way,NOUN,way
en,1058,45,.,PUNCT,.
en,1064,0,"""",PUNCT,""""
en,1064,1,You,PRON,you
en,1064,2,have,AUX,have
en,1064,3,n't,PART,not
en,1064,4,got,AUX,got
en,1064,5,lost,VERB,lose
en,1064,6,",",PUNCT,","
en,1064,7,have,VERB,have
en,1064,8,you,PRON,you
en,1064,9,?,PUNCT,?
en,1064,10,"""",PUNCT,""""
en,1064,11,asked,VERB,ask
en,1064,12,the,DET,the
en,1064,13,usher,PROPN,usher
en,1064,14,in,ADP,in
en,1064,15,amazement,NOUN,amazement
en,1064,16,",",PUNCT,","
en,1064,17,"""",PUNCT,""""
en,1064,18,you,PRON,you
en,1064,19,go,VERB,go
en,1064,20,down,ADP,down
en,1064,21,this,DET,this
en,1064,22,way,NOUN,way
en,1064,23,to,ADP,to
en,1064,24,the,DET,the
en,1064,25,corner,NOUN,corner
en,1064,26,",",PUNCT,","
en,1064,27,then,ADV,then
en,1064,28,right,ADV,right
en,1064,29,down,ADP,down
en,1064,30,the,DET,the
en,1064,31,corridor,NOUN,corridor
en,1064,32,straight,ADV,straight
en,1064,33,ahead,ADV,ahead
en,1064,34,as,ADV,as
en,1064,35,far,ADV,far
en,1064,36,as,ADP,as
en,1064,37,the,DET,the
en,1064,38,door,NOUN,door
en,1064,39,.,PUNCT,.
en,1064,40,"""",PUNCT,""""
en,1074,0,In,ADP,in
en,1074,1,the,DET,the
en,1074,2,darkness,NOUN,darkness
en,1074,3,behind,ADP,behind
en,1074,4,her,PRON,she
en,1074,5,there,PRON,there
en,1074,6,was,VERB,be
en,1074,7,also,ADV,also
en,1074,8,a,DET,a
en,1074,9,man,NOUN,man
en,1074,10,approaching,VERB,approach
en,1074,11,.,PUNCT,.
en,1076,0,He,PRON,he
en,1076,1,had,AUX,have
en,1076,2,",",PUNCT,","
en,1076,3,after,ADV,after
en,1076,4,all,ADV,all
en,1076,5,",",PUNCT,","
en,1076,6,said,VERB,say
en,1076,7,that,SCONJ,that
en,1076,8,no,DET,no
en,1076,9,-,PUNCT,-
en,1076,10,one,NOUN,one
en,1076,11,would,AUX,would
en,1076,12,take,VERB,take
en,1076,13,any,DET,any
en,1076,14,notice,NOUN,notice
en,1076,15,of,ADP,of
en,1076,16,K.,PROPN,K.
en,1076,17,",",PUNCT,","
en,1076,18,and,CCONJ,and
en,1076,19,now,ADV,now
en,1076,20,there,PRON,there
en,1076,21,were,VERB,be
en,1076,22,two,NUM,two
en,1076,23,people,NOUN,people
en,1076,24,coming,VERB,come
en,1076,25,",",PUNCT,","
en,1076,26,it,PRON,it
en,1076,27,only,ADV,only
en,1076,28,needed,VERB,need
en,1076,29,a,DET,a
en,1076,30,few,ADJ,few
en,1076,31,and,CCONJ,and
en,1076,32,everyone,PRON,everyone
en,1076,33,in,ADP,in
en,1076,34,the,DET,the
en,1076,35,office,NOUN,office
en,1076,36,would,AUX,would
en,1076,37,become,VERB,become
en,1076,38,aware,ADJ,aware
en,1076,39,of,ADP,of
en,1076,40,him,PRON,he
en,1076,41,and,CCONJ,and
en,1076,42,asking,VERB,ask
en,1076,43,for,ADP,for
en,1076,44,explanations,NOUN,explanation
en,1076,45,as,ADP,as
en,1076,46,to,ADP,to
en,1076,47,why,SCONJ,why
en,1076,48,he,PRON,he
en,1076,49,was,AUX,be
en,1076,50,there,ADV,there
en,1076,51,.,PUNCT,.
en,1078,0,Or,CCONJ,or
en,1078,1,else,ADV,else
en,1078,2,",",PUNCT,","
en,1078,3,an,DET,an
en,1078,4,explanation,NOUN,explanation
en,1078,5,even,ADV,even
en,1078,6,less,ADV,less
en,1078,7,usable,ADJ,usable
en,1078,8,",",PUNCT,","
en,1078,9,he,PRON,he
en,1078,10,could,AUX,could
en,1078,11,say,VERB,say
en,1078,12,that,SCONJ,that
en,1078,13,he,PRON,he
en,1078,14,wanted,VERB,want
en,1078,15,to,PART,to
en,1078,16,ascertain,VERB,ascertain
en,1078,17,that,SCONJ,that
en,1078,18,the,DET,the
en,1078,19,court,NOUN,court
en,1078,20,was,AUX,be
en,1078,21,as,ADP,as
en,1078,22,revolting,VERB,revolt
en,1078,23,on,ADP,on
en,1078,24,the,DET,the
en,1078,25,inside,NOUN,inside
en,1078,26,as,SCONJ,as
en,1078,27,it,PRON,it
en,1078,28,was,AUX,be
en,1078,29,on,ADP,on
en,1078,30,the,DET,the
en,1078,31,outside,NOUN,outside
en,1078,32,.,PUNCT,.
en,1083,0,K.,PROPN,K.
en,1083,1,sat,VERB,sit
en,1083,2,down,ADP,down
en,1083,3,immediately,ADV,immediately
en,1083,4,and,CCONJ,and
en,1083,5,",",PUNCT,","
en,1083,6,in,ADP,in
en,1083,7,order,NOUN,order
en,1083,8,to,PART,to
en,1083,9,keep,VERB,keep
en,1083,10,his,PRON,his
en,1083,11,place,NOUN,place
en,1083,12,better,ADV,well
en,1083,13,",",PUNCT,","
en,1083,14,put,VERB,put
en,1083,15,his,PRON,his
en,1083,16,elbows,NOUN,elbow
en,1083,17,on,ADP,on
en,1083,18,the,DET,the
en,1083,19,armrests,NOUN,armrest
en,1083,20,.,PUNCT,.
en,1119,0,"""",PUNCT,""""
en,1119,1,Do,AUX,do
en,1119,2,n't,PART,not
en,1119,3,worry,VERB,worry
en,1119,4,too,ADV,too
en,1119,5,much,ADV,much
en,1119,6,about,ADP,about
en,1119,7,him,PRON,he
en,1119,8,laughing,VERB,laugh
en,1119,9,",",PUNCT,","
en,1119,10,"""",PUNCT,""""
en,1119,11,said,VERB,say
en,1119,12,the,DET,the
en,1119,13,girl,NOUN,girl
en,1119,14,to,ADP,to
en,1119,15,K.,PROPN,K.
en,1119,16,",",PUNCT,","
en,1119,17,who,PRON,who
en,1119,18,had,AUX,have
en,1119,19,become,VERB,become
en,1119,20,unhappy,ADJ,unhappy
en,1119,21,once,ADV,once
en,1119,22,more,ADV,more
en,1119,23,and,CCONJ,and
en,1119,24,stared,VERB,star
en,1119,25,quietly,ADV,quietly
en,1119,26,in,ADP,in
en,1119,27,front,NOUN,front
en,1119,28,of,ADP,of
en,1119,29,himself,PRON,himself
en,1119,30,as,ADP,as
en,1119,31,if,SCONJ,if
en,1119,32,needing,VERB,need
en,1119,33,no,DET,no
en,1119,34,further,ADJ,further
en,1119,35,explanation,NOUN,explanation
en,1119,36,.,PUNCT,.
en,1120,0,"""",PUNCT,""""
en,1120,1,This,DET,this
en,1120,2,gentleman,NOUN,gentleman
en,1120,3,--,PUNCT,--
en,1120,4,may,AUX,may
en,1120,5,I,PRON,I
en,1120,6,introduce,VERB,introduce
en,1120,7,"you?""--(the",DET,"you?""--(the"
en,1120,8,man,NOUN,man
en,1120,9,gave,VERB,give
en,1120,10,his,PRON,his
en,1120,11,permission,NOUN,permission
en,1120,12,with,ADP,with
en,1120,13,a,DET,a
en,1120,14,wave,NOUN,wave
en,1120,15,of,ADP,of
en,1120,16,the,DET,the
en,1120,17,"hand)--""so",PROPN,"hand)--""so"
en,1120,18,",",PUNCT,","
en,1120,19,this,DET,this
en,1120,20,gentleman,NOUN,gentleman
en,1120,21,'s,PART,'s
en,1120,22,job,NOUN,job
en,1120,23,is,AUX,be
en,1120,24,to,PART,to
en,1120,25,give,VERB,give
en,1120,26,out,ADP,out
en,1120,27,information,NOUN,information
en,1120,28,.,PUNCT,.
en,1126,0,But,CCONJ,but
en,1126,1,",",PUNCT,","
en,1126,2,as,SCONJ,as
en,1126,3,I,PRON,I
en,1126,4,said,VERB,say
en,1126,5,",",PUNCT,","
en,1126,6,we,PRON,we
en,1126,7,decided,VERB,decide
en,1126,8,that,SCONJ,that
en,1126,9,the,DET,the
en,1126,10,information,NOUN,information
en,1126,11,-,PUNCT,-
en,1126,12,giver,NOUN,giver
en,1126,13,would,AUX,would
en,1126,14,have,VERB,have
en,1126,15,to,PART,to
en,1126,16,have,VERB,have
en,1126,17,nice,ADJ,nice
en,1126,18,clothes,NOUN,clothe
en,1126,19,.,PUNCT,.
en,1137,0,But,CCONJ,but
en,1137,1,suddenly,ADV,suddenly
en,1137,2,he,PRON,he
en,1137,3,felt,VERB,feel
en,1137,4,the,DET,the
en,1137,5,information,NOUN,information
en,1137,6,-,PUNCT,-
en,1137,7,giver,NOUN,giver
en,1137,8,'s,PART,'s
en,1137,9,hand,NOUN,hand
en,1137,10,on,ADP,on
en,1137,11,one,NUM,one
en,1137,12,arm,NOUN,arm
en,1137,13,and,CCONJ,and
en,1137,14,the,DET,the
en,1137,15,young,ADJ,young
en,1137,16,woman,NOUN,woman
en,1137,17,'s,PART,'s
en,1137,18,hand,NOUN,hand
en,1137,19,on,ADP,on
en,1137,20,the,DET,the
en,1137,21,other,ADJ,other
en,1137,22,.,PUNCT,.
en,1152,0,When,SCONJ,when
en,1152,1,one,PRON,one
en,1152,2,has,AUX,have
en,1152,3,seen,VERB,see
en,1152,4,so,ADV,so
en,1152,5,many,ADJ,many
en,1152,6,people,NOUN,people
en,1152,7,who,PRON,who
en,1152,8,shamefully,ADV,shamefully
en,1152,9,neglect,VERB,neglect
en,1152,10,their,PRON,their
en,1152,11,cases,NOUN,case
en,1152,12,one,NUM,one
en,1152,13,learns,VERB,learn
en,1152,14,to,PART,to
en,1152,15,show,VERB,show
en,1152,16,patience,NOUN,patience
en,1152,17,with,ADP,with
en,1152,18,people,NOUN,people
en,1152,19,like,ADP,like
en,1152,20,you,PRON,you
en,1152,21,.,PUNCT,.
en,1162,0,Their,PRON,their
en,1162,1,little,ADJ,little
en,1162,2,eyes,NOUN,eye
en,1162,3,glanced,VERB,glance
en,1162,4,here,ADV,here
en,1162,5,and,CCONJ,and
en,1162,6,there,ADV,there
en,1162,7,",",PUNCT,","
en,1162,8,K.,PROPN,K.
en,1162,9,could,AUX,could
en,1162,10,feel,VERB,feel
en,1162,11,the,DET,the
en,1162,12,evenness,NOUN,evenness
en,1162,13,of,ADP,of
en,1162,14,their,PRON,their
en,1162,15,steps,NOUN,step
en,1162,16,but,CCONJ,but
en,1162,17,could,AUX,could
en,1162,18,not,PART,not
en,1162,19,do,VERB,do
en,1162,20,the,DET,the
en,1162,21,same,ADJ,same
en,1162,22,",",PUNCT,","
en,1162,23,as,ADP,as
en,1162,24,from,ADP,from
en,1162,25,step,NOUN,step
en,1162,26,to,PART,to
en,1162,27,step,NOUN,step
en,1162,28,he,PRON,he
en,1162,29,was,AUX,be
en,1162,30,virtually,ADV,virtually
en,1162,31,being,AUX,be
en,1162,32,carried,VERB,carry
en,1162,33,.,PUNCT,.
en,1195,0,"""",PUNCT,""""
en,1195,1,Mr.,PROPN,Mr.
en,1195,2,K.,PROPN,K.
en,1195,3,",",PUNCT,","
en,1195,4,"""",PUNCT,""""
en,1195,5,called,VERB,call
en,1195,6,Mrs.,PROPN,Mrs.
en,1195,7,Grubach,PROPN,Grubach
en,1195,8,",",PUNCT,","
en,1195,9,who,PRON,who
en,1195,10,had,AUX,have
en,1195,11,been,AUX,be
en,1195,12,waiting,VERB,wait
en,1195,13,for,ADP,for
en,1195,14,this,DET,this
en,1195,15,very,ADJ,very
en,1195,16,question,NOUN,question
en,1195,17,",",PUNCT,","
en,1195,18,as,SCONJ,as
en,1195,19,she,PRON,she
en,1195,20,put,VERB,put
en,1195,21,her,PRON,her
en,1195,22,hands,NOUN,hand
en,1195,23,together,ADV,together
en,1195,24,and,CCONJ,and
en,1195,25,held,VERB,hold
en,1195,26,them,PRON,they
en,1195,27,out,ADP,out
en,1195,28,towards,ADP,towards
en,1195,29,him,PRON,he
en,1195,30,.,PUNCT,.
en,1223,0,I,PRON,I
en,1223,1,often,ADV,often
en,1223,2,feel,VERB,feel
en,1223,3,it,PRON,it
en,1223,4,'s,AUX,be
en,1223,5,a,DET,a
en,1223,6,burden,NOUN,burden
en,1223,7,for,SCONJ,for
en,1223,8,me,PRON,I
en,1223,9,to,PART,to
en,1223,10,have,VERB,have
en,1223,11,Miss,PROPN,Miss
en,1223,12,Montag,PROPN,Montag
en,1223,13,as,ADP,as
en,1223,14,a,DET,a
en,1223,15,tenant,NOUN,tenant
en,1223,16,but,CCONJ,but
en,1223,17,Miss,PROPN,Miss
en,1223,18,Bürstner,PROPN,Bürstner
en,1223,19,accepts,VERB,accept
en,1223,20,her,PRON,she
en,1223,21,into,ADP,into
en,1223,22,her,PRON,her
en,1223,23,room,NOUN,room
en,1223,24,with,ADP,with
en,1223,25,herself,PRON,herself
en,1223,26,.,PUNCT,.
en,1223,27,"""",PUNCT,""""
en,1237,0,K.,PROPN,K.
en,1237,1,was,AUX,be
en,1237,2,irritated,ADJ,irritated
en,1237,3,all,DET,all
en,1237,4,the,PRON,the
en,1237,5,more,ADJ,more
en,1237,6,by,ADP,by
en,1237,7,this,DET,this
en,1237,8,dumb,ADJ,dumb
en,1237,9,helplessness,NOUN,helplessness
en,1237,10,which,PRON,which
en,1237,11,",",PUNCT,","
en,1237,12,seen,VERB,see
en,1237,13,from,ADP,from
en,1237,14,the,DET,the
en,1237,15,outside,NOUN,outside
en,1237,16,",",PUNCT,","
en,1237,17,could,AUX,could
en,1237,18,have,AUX,have
en,1237,19,seemed,VERB,seem
en,1237,20,like,ADP,like
en,1237,21,a,DET,a
en,1237,22,kind,NOUN,kind
en,1237,23,of,ADP,of
en,1237,24,defiance,NOUN,defiance
en,1237,25,on,ADP,on
en,1237,26,her,PRON,her
en,1237,27,part,NOUN,part
en,1237,28,.,PUNCT,.
en,1240,0,It,PRON,it
en,1240,1,was,AUX,be
en,1240,2,the,DET,the
en,1240,3,maid,NOUN,maid
en,1240,4,",",PUNCT,","
en,1240,5,to,PART,to
en,1240,6,say,VERB,say
en,1240,7,that,SCONJ,that
en,1240,8,Miss,PROPN,Miss
en,1240,9,Montag,PROPN,Montag
en,1240,10,would,AUX,would
en,1240,11,like,VERB,like
en,1240,12,to,PART,to
en,1240,13,have,VERB,have
en,1240,14,a,DET,a
en,1240,15,few,ADJ,few
en,1240,16,words,NOUN,word
en,1240,17,with,ADP,with
en,1240,18,Mr.,PROPN,Mr.
en,1240,19,K.,PROPN,K.
en,1240,20,",",PUNCT,","
en,1240,21,and,CCONJ,and
en,1240,22,therefore,ADV,therefore
en,1240,23,requested,VERB,request
en,1240,24,that,SCONJ,that
en,1240,25,he,PRON,he
en,1240,26,come,VERB,come
en,1240,27,to,ADP,to
en,1240,28,the,DET,the
en,1240,29,dining,NOUN,dining
en,1240,30,room,NOUN,room
en,1240,31,where,SCONJ,where
en,1240,32,she,PRON,she
en,1240,33,was,AUX,be
en,1240,34,waiting,VERB,wait
en,1240,35,for,ADP,for
en,1240,36,him,PRON,he
en,1240,37,.,PUNCT,.
en,1265,0,There,PRON,there
en,1265,1,'s,VERB,be
en,1265,2,anyway,ADV,anyway
en,1265,3,nothing,PRON,nothing
en,1265,4,that,PRON,that
en,1265,5,she,PRON,she
en,1265,6,could,AUX,could
en,1265,7,have,AUX,have
en,1265,8,said,VERB,say
en,1265,9,that,SCONJ,that
en,1265,10,I,PRON,I
en,1265,11,wo,AUX,will
en,1265,12,n't,PART,not
en,1265,13,.,PUNCT,.
en,1274,0,Now,ADV,now
en,1274,1,",",PUNCT,","
en,1274,2,after,ADP,after
en,1274,3,your,PRON,your
en,1274,4,comment,NOUN,comment
en,1274,5,",",PUNCT,","
en,1274,6,I,PRON,I
en,1274,7,can,AUX,can
en,1274,8,speak,VERB,speak
en,1274,9,openly,ADV,openly
en,1274,10,.,PUNCT,.
en,1299,0,There,PRON,there
en,1299,1,was,VERB,be
en,1299,2,no,DET,no
en,1299,3,sound,NOUN,sound
en,1299,4,so,SCONJ,so
en,1299,5,he,PRON,he
en,1299,6,knocked,VERB,knock
en,1299,7,again,ADV,again
en,1299,8,but,CCONJ,but
en,1299,9,there,PRON,there
en,1299,10,was,VERB,be
en,1299,11,still,ADV,still
en,1299,12,no,DET,no
en,1299,13,answer,NOUN,answer
en,1299,14,in,ADP,in
en,1299,15,reply,NOUN,reply
en,1299,16,.,PUNCT,.
en,1317,0,Old,ADJ,old
en,1317,1,",",PUNCT,","
en,1317,2,unusable,ADJ,unusable
en,1317,3,forms,NOUN,form
en,1317,4,",",PUNCT,","
en,1317,5,empty,ADJ,empty
en,1317,6,stone,NOUN,stone
en,1317,7,ink,NOUN,ink
en,1317,8,-,PUNCT,-
en,1317,9,bottles,NOUN,bottle
en,1317,10,lay,VERB,lay
en,1317,11,scattered,VERB,scatter
en,1317,12,behind,ADP,behind
en,1317,13,the,DET,the
en,1317,14,entrance,NOUN,entrance
en,1317,15,.,PUNCT,.
en,1334,0,Now,ADV,now
en,1334,1,you,PRON,you
en,1334,2,can,AUX,can
en,1334,3,hear,VERB,hear
en,1334,4,for,ADP,for
en,1334,5,yourself,PRON,yourself
en,1334,6,",",PUNCT,","
en,1334,7,he,PRON,he
en,1334,8,did,AUX,do
en,1334,9,n't,PART,not
en,1334,10,even,ADV,even
en,1334,11,know,VERB,know
en,1334,12,we,PRON,we
en,1334,13,'d,AUX,would
en,1334,14,have,VERB,have
en,1334,15,to,PART,to
en,1334,16,be,AUX,be
en,1334,17,punished,VERB,punish
en,1334,18,.,PUNCT,.
en,1334,19,"""",PUNCT,""""
en,1340,0,Only,ADV,only
en,1340,1,that,PRON,that
en,1340,2,'s,AUX,be
en,1340,3,all,PRON,all
en,1340,4,finished,VERB,finish
en,1340,5,now,ADV,now
en,1340,6,",",PUNCT,","
en,1340,7,Mr.,PROPN,Mr.
en,1340,8,K.,PROPN,K.
en,1340,9,",",PUNCT,","
en,1340,10,our,PRON,our
en,1340,11,careers,NOUN,career
en,1340,12,are,AUX,be
en,1340,13,at,ADP,at
en,1340,14,an,DET,an
en,1340,15,end,NOUN,end
en,1340,16,",",PUNCT,","
en,1340,17,we,PRON,we
en,1340,18,'re,AUX,be
en,1340,19,going,VERB,go
en,1340,20,to,PART,to
en,1340,21,have,VERB,have
en,1340,22,to,PART,to
en,1340,23,do,VERB,do
en,1340,24,work,NOUN,work
en,1340,25,now,ADV,now
en,1340,26,that,PRON,that
en,1340,27,'s,AUX,be
en,1340,28,far,ADV,far
en,1340,29,inferior,ADJ,inferior
en,1340,30,to,ADP,to
en,1340,31,police,NOUN,police
en,1340,32,work,NOUN,work
en,1340,33,and,CCONJ,and
en,1340,34,besides,SCONJ,besides
en,1340,35,all,DET,all
en,1340,36,this,PRON,this
en,1340,37,we,PRON,we
en,1340,38,'re,AUX,be
en,1340,39,going,VERB,go
en,1340,40,to,PART,to
en,1340,41,get,VERB,get
en,1340,42,this,DET,this
en,1340,43,terrible,ADJ,terrible
en,1340,44,",",PUNCT,","
en,1340,45,painful,ADJ,painful
en,1340,46,beating,NOUN,beating
en,1340,47,.,PUNCT,.
en,1340,48,"""",PUNCT,""""
en,1354,0,Did,AUX,do
en,1354,1,n't,PART,not
en,1354,2,he,PRON,he
en,1354,3,eat,VERB,eat
en,1354,4,up,ADP,up
en,1354,5,your,PRON,your
en,1354,6,breakfast,NOUN,breakfast
en,1354,7,?,PUNCT,?
en,1364,0,But,CCONJ,but
en,1364,1,that,PRON,that
en,1364,2,'s,AUX,be
en,1364,3,not,PART,not
en,1364,4,what,PRON,what
en,1364,5,I,PRON,I
en,1364,6,'m,AUX,be
en,1364,7,doing,VERB,do
en,1364,8,",",PUNCT,","
en,1364,9,it,PRON,it
en,1364,10,really,ADV,really
en,1364,11,is,AUX,be
en,1364,12,of,ADP,of
en,1364,13,much,ADV,much
en,1364,14,more,ADJ,more
en,1364,15,importance,NOUN,importance
en,1364,16,to,ADP,to
en,1364,17,me,PRON,I
en,1364,18,to,PART,to
en,1364,19,let,VERB,let
en,1364,20,them,PRON,they
en,1364,21,go,VERB,go
en,1364,22,free,ADJ,free
en,1364,23,;,PUNCT,;
en,1364,24,if,SCONJ,if
en,1364,25,I,PRON,I
en,1364,26,had,AUX,have
en,1364,27,realised,VERB,realise
en,1364,28,they,PRON,they
en,1364,29,would,AUX,would
en,1364,30,be,AUX,be
en,1364,31,punished,VERB,punish
en,1364,32,",",PUNCT,","
en,1364,33,or,CCONJ,or
en,1364,34,even,ADV,even
en,1364,35,that,SCONJ,that
en,1364,36,they,PRON,they
en,1364,37,might,AUX,might
en,1364,38,be,AUX,be
en,1364,39,punished,VERB,punish
en,1364,40,",",PUNCT,","
en,1364,41,I,PRON,I
en,1364,42,would,AUX,would
en,1364,43,never,ADV,never
en,1364,44,have,AUX,have
en,1364,45,named,VERB,name
en,1364,46,them,PRON,they
en,1364,47,in,ADP,in
en,1364,48,the,DET,the
en,1364,49,first,ADJ,first
en,1364,50,place,NOUN,place
en,1364,51,as,SCONJ,as
en,1364,52,they,PRON,they
en,1364,53,are,AUX,be
en,1364,54,not,PART,not
en,1364,55,the,DET,the
en,1364,56,ones,NOUN,one
en,1364,57,I,PRON,I
en,1364,58,hold,VERB,hold
en,1364,59,responsible,ADJ,responsible
en,1364,60,.,PUNCT,.
en,1366,0,"""",PUNCT,""""
en,1366,1,That,PRON,that
en,1366,2,'s,AUX,be
en,1366,3,how,SCONJ,how
en,1366,4,it,PRON,it
en,1366,5,is,AUX,be
en,1366,6,!,PUNCT,!
en,1366,7,"""",PUNCT,""""
en,1366,8,shouted,VERB,shout
en,1366,9,the,DET,the
en,1366,10,policemen,NOUN,policeman
en,1366,11,",",PUNCT,","
en,1366,12,who,PRON,who
en,1366,13,then,ADV,then
en,1366,14,immediately,ADV,immediately
en,1366,15,received,VERB,receive
en,1366,16,another,DET,another
en,1366,17,blow,NOUN,blow
en,1366,18,on,ADP,on
en,1366,19,their,PRON,their
en,1366,20,backs,NOUN,back
en,1366,21,",",PUNCT,","
en,1366,22,which,PRON,which
en,1366,23,were,AUX,be
en,1366,24,by,ADP,by
en,1366,25,now,ADV,now
en,1366,26,exposed,VERB,expose
en,1366,27,.,PUNCT,.
en,1370,0,Franz,PROPN,Franz
en,1370,1,",",PUNCT,","
en,1370,2,the,DET,the
en,1370,3,policeman,NOUN,policeman
en,1370,4,",",PUNCT,","
en,1370,5,had,AUX,have
en,1370,6,been,AUX,be
en,1370,7,fairly,ADV,fairly
en,1370,8,quiet,ADJ,quiet
en,1370,9,so,ADV,so
en,1370,10,far,ADV,far
en,1370,11,",",PUNCT,","
en,1370,12,probably,ADV,probably
en,1370,13,in,ADP,in
en,1370,14,expectation,NOUN,expectation
en,1370,15,of,ADP,of
en,1370,16,a,DET,a
en,1370,17,good,ADJ,good
en,1370,18,result,NOUN,result
en,1370,19,from,ADP,from
en,1370,20,K.,PROPN,K.
en,1370,21,'s,PART,'s
en,1370,22,intervention,NOUN,intervention
en,1370,23,",",PUNCT,","
en,1370,24,but,CCONJ,but
en,1370,25,now,ADV,now
en,1370,26,he,PRON,he
en,1370,27,stepped,VERB,step
en,1370,28,forward,ADV,forward
en,1370,29,to,ADP,to
en,1370,30,the,DET,the
en,1370,31,door,NOUN,door
en,1370,32,wearing,VERB,wear
en,1370,33,just,ADV,just
en,1370,34,his,PRON,his
en,1370,35,trousers,NOUN,trouser
en,1370,36,",",PUNCT,","
en,1370,37,knelt,VERB,kneel
en,1370,38,down,ADP,down
en,1370,39,hanging,VERB,hang
en,1370,40,on,ADP,on
en,1370,41,to,ADP,to
en,1370,42,K.,PROPN,K.
en,1370,43,'s,PART,'s
en,1370,44,arm,NOUN,arm
en,1370,45,and,CCONJ,and
en,1370,46,whispered,VERB,whisper
en,1370,47,",",PUNCT,","
en,1370,48,"""",PUNCT,""""
en,1370,49,Even,ADV,even
en,1370,50,if,SCONJ,if
en,1370,51,you,PRON,you
en,1370,52,ca,AUX,can
en,1370,53,n't,PART,not
en,1370,54,get,VERB,get
en,1370,55,mercy,NOUN,mercy
en,1370,56,shown,VERB,show
en,1370,57,for,ADP,for
en,1370,58,both,PRON,both
en,1370,59,of,ADP,of
en,1370,60,us,PRON,we
en,1370,61,",",PUNCT,","
en,1370,62,at,ADP,at
en,1370,63,least,ADJ,least
en,1370,64,try,VERB,try
en,1370,65,and,CCONJ,and
en,1370,66,get,VERB,get
en,1370,67,me,PRON,I
en,1370,68,set,VERB,set
en,1370,69,free,ADJ,free
en,1370,70,.,PUNCT,.
en,1402,0,It,PRON,it
en,1402,1,was,AUX,be
en,1402,2,regrettable,ADJ,regrettable
en,1402,3,that,SCONJ,that
en,1402,4,he,PRON,he
en,1402,5,had,AUX,have
en,1402,6,given,VERB,give
en,1402,7,Franz,PROPN,Franz
en,1402,8,a,DET,a
en,1402,9,shove,NOUN,shove
en,1402,10,",",PUNCT,","
en,1402,11,and,CCONJ,and
en,1402,12,it,PRON,it
en,1402,13,could,AUX,could
en,1402,14,only,ADV,only
en,1402,15,be,AUX,be
en,1402,16,excused,VERB,excuse
en,1402,17,by,ADP,by
en,1402,18,the,DET,the
en,1402,19,heat,NOUN,heat
en,1402,20,of,ADP,of
en,1402,21,the,DET,the
en,1402,22,moment,NOUN,moment
en,1402,23,.,PUNCT,.
en,1456,0,Like,INTJ,like
en,1456,1,I,PRON,I
en,1456,2,said,VERB,say
en,1456,3,",",PUNCT,","
en,1456,4,they,PRON,they
en,1456,5,would,AUX,would
en,1456,6,not,PART,not
en,1456,7,let,VERB,let
en,1456,8,me,PRON,I
en,1456,9,through,ADP,through
en,1456,10,to,PART,to
en,1456,11,see,VERB,see
en,1456,12,him,PRON,he
en,1456,13,at,ADP,at
en,1456,14,the,DET,the
en,1456,15,bank,NOUN,bank
en,1456,16,because,SCONJ,because
en,1456,17,he,PRON,he
en,1456,18,was,AUX,be
en,1456,19,negotiating,VERB,negotiate
en,1456,20,with,ADP,with
en,1456,21,some,DET,some
en,1456,22,gentleman,NOUN,gentleman
en,1456,23,just,ADV,just
en,1456,24,then,ADV,then
en,1456,25,.,PUNCT,.
en,1469,0,It,PRON,it
en,1469,1,was,AUX,be
en,1469,2,very,ADV,very
en,1469,3,touching,ADJ,touching
en,1469,4,",",PUNCT,","
en,1469,5,and,CCONJ,and
en,1469,6,even,ADV,even
en,1469,7,the,DET,the
en,1469,8,theatre,NOUN,theatre
en,1469,9,tickets,NOUN,ticket
en,1469,10,",",PUNCT,","
en,1469,11,which,PRON,which
en,1469,12,he,PRON,he
en,1469,13,would,AUX,would
en,1469,14,regularly,ADV,regularly
en,1469,15,send,VERB,send
en,1469,16,her,PRON,she
en,1469,17,from,ADP,from
en,1469,18,then,ADV,then
en,1469,19,on,ADV,on
en,1469,20,",",PUNCT,","
en,1469,21,would,AUX,would
en,1469,22,not,PART,not
en,1469,23,be,AUX,be
en,1469,24,enough,ADJ,enough
en,1469,25,to,PART,to
en,1469,26,repay,VERB,repay
en,1469,27,her,PRON,she
en,1469,28,",",PUNCT,","
en,1469,29,but,CCONJ,but
en,1469,30,he,PRON,he
en,1469,31,really,ADV,really
en,1469,32,did,AUX,do
en,1469,33,not,PART,not
en,1469,34,feel,VERB,feel
en,1469,35,",",PUNCT,","
en,1469,36,now,ADV,now
en,1469,37,",",PUNCT,","
en,1469,38,that,SCONJ,that
en,1469,39,it,PRON,it
en,1469,40,was,AUX,be
en,1469,41,right,ADJ,right
en,1469,42,for,SCONJ,for
en,1469,43,him,PRON,he
en,1469,44,to,PART,to
en,1469,45,visit,VERB,visit
en,1469,46,her,PRON,she
en,1469,47,in,ADP,in
en,1469,48,her,PRON,her
en,1469,49,lodgings,NOUN,lodging
en,1469,50,and,CCONJ,and
en,1469,51,hold,VERB,hold
en,1469,52,conversations,NOUN,conversation
en,1469,53,with,ADP,with
en,1469,54,a,DET,a
en,1469,55,little,ADJ,little
en,1469,56,",",PUNCT,","
en,1469,57,eighteen,NUM,eighteen
en,1469,58,year,NOUN,year
en,1469,59,old,ADJ,old
en,1469,60,schoolgirl,NOUN,schoolgirl
en,1469,61,.,PUNCT,.
en,1478,0,"""",PUNCT,""""
en,1478,1,It,PRON,it
en,1478,2,'s,AUX,be
en,1478,3,a,DET,a
en,1478,4,criminal,ADJ,criminal
en,1478,5,trial,NOUN,trial
en,1478,6,",",PUNCT,","
en,1478,7,"""",PUNCT,""""
en,1478,8,answered,VERB,answer
en,1478,9,K.,PROPN,K.
en,1478,10,"""",PUNCT,""""
en,1478,11,And,CCONJ,and
en,1478,12,you,PRON,you
en,1478,13,sit,VERB,sit
en,1478,14,quietly,ADV,quietly
en,1478,15,here,ADV,here
en,1478,16,while,SCONJ,while
en,1478,17,you,PRON,you
en,1478,18,'ve,AUX,have
en,1478,19,got,VERB,get
en,1478,20,a,DET,a
en,1478,21,criminal,ADJ,criminal
en,1478,22,trial,NOUN,trial
en,1478,23,round,ADP,round
en,1478,24,your,PRON,your
en,1478,25,neck,NOUN,neck
en,1478,26,?,PUNCT,?
en,1478,27,"""",PUNCT,""""
en,1478,28,shouted,VERB,shout
en,1478,29,his,PRON,his
en,1478,30,uncle,NOUN,uncle
en,1478,31,",",PUNCT,","
en,1478,32,getting,VERB,get
en,1478,33,ever,ADV,ever
en,1478,34,louder,ADV,louder
en,1478,35,.,PUNCT,.
en,1491,0,"""",PUNCT,""""
en,1491,1,I,PRON,I
en,1491,2,still,ADV,still
en,1491,3,have,VERB,have
en,1491,4,a,DET,a
en,1491,5,few,ADJ,few
en,1491,6,documents,NOUN,document
en,1491,7,I,PRON,I
en,1491,8,need,VERB,need
en,1491,9,to,PART,to
en,1491,10,prepare,VERB,prepare
en,1491,11,",",PUNCT,","
en,1491,12,"""",PUNCT,""""
en,1491,13,said,VERB,say
en,1491,14,K.,PROPN,K.
en,1491,15,",",PUNCT,","
en,1491,16,and,CCONJ,and
en,1491,17,",",PUNCT,","
en,1491,18,using,VERB,use
en,1491,19,the,DET,the
en,1491,20,intercom,NOUN,intercom
en,1491,21,",",PUNCT,","
en,1491,22,he,PRON,he
en,1491,23,summoned,VERB,summon
en,1491,24,his,PRON,his
en,1491,25,deputy,NOUN,deputy
en,1491,26,who,PRON,who
en,1491,27,entered,VERB,enter
en,1491,28,a,DET,a
en,1491,29,few,ADJ,few
en,1491,30,moments,NOUN,moment
en,1491,31,later,ADV,later
en,1491,32,.,PUNCT,.
en,1492,0,K.,PROPN,K.
en,1492,1,'s,PART,'s
en,1492,2,uncle,NOUN,uncle
en,1492,3,",",PUNCT,","
en,1492,4,still,ADV,still
en,1492,5,angry,ADJ,angry
en,1492,6,and,CCONJ,and
en,1492,7,excited,ADJ,excited
en,1492,8,",",PUNCT,","
en,1492,9,gestured,VERB,gesture
en,1492,10,with,ADP,with
en,1492,11,his,PRON,his
en,1492,12,hand,NOUN,hand
en,1492,13,to,PART,to
en,1492,14,show,VERB,show
en,1492,15,that,SCONJ,that
en,1492,16,K.,PROPN,K.
en,1492,17,had,AUX,have
en,1492,18,summoned,VERB,summon
en,1492,19,him,PRON,he
en,1492,20,",",PUNCT,","
en,1492,21,even,ADV,even
en,1492,22,though,SCONJ,though
en,1492,23,there,PRON,there
en,1492,24,was,VERB,be
en,1492,25,no,DET,no
en,1492,26,need,NOUN,need
en,1492,27,whatever,PRON,whatever
en,1492,28,to,PART,to
en,1492,29,do,VERB,do
en,1492,30,so,ADV,so
en,1492,31,.,PUNCT,.
en,1498,0,K.,PROPN,K.
en,1498,1,'s,PART,'s
en,1498,2,uncle,NOUN,uncle
en,1498,3,had,AUX,have
en,1498,4,turned,VERB,turn
en,1498,5,his,PRON,his
en,1498,6,back,NOUN,back
en,1498,7,to,ADP,to
en,1498,8,him,PRON,he
en,1498,9,and,CCONJ,and
en,1498,10,was,AUX,be
en,1498,11,looking,VERB,look
en,1498,12,out,ADP,out
en,1498,13,the,DET,the
en,1498,14,window,NOUN,window
en,1498,15,",",PUNCT,","
en,1498,16,bunching,VERB,bunch
en,1498,17,up,ADP,up
en,1498,18,the,DET,the
en,1498,19,curtains,NOUN,curtain
en,1498,20,with,ADP,with
en,1498,21,his,PRON,his
en,1498,22,outstretched,ADJ,outstretched
en,1498,23,hands,NOUN,hand
en,1498,24,.,PUNCT,.
en,1503,0,K.,PROPN,K.
en,1503,1,made,VERB,make
en,1503,2,a,DET,a
en,1503,3,few,ADJ,few
en,1503,4,comments,NOUN,comment
en,1503,5,which,PRON,which
en,1503,6,conveyed,VERB,convey
en,1503,7,little,ADJ,little
en,1503,8,information,NOUN,information
en,1503,9,",",PUNCT,","
en,1503,10,even,ADV,even
en,1503,11,laughed,VERB,laugh
en,1503,12,a,DET,a
en,1503,13,little,ADJ,little
en,1503,14,",",PUNCT,","
en,1503,15,and,CCONJ,and
en,1503,16,it,PRON,it
en,1503,17,was,AUX,be
en,1503,18,only,ADV,only
en,1503,19,when,SCONJ,when
en,1503,20,they,PRON,they
en,1503,21,reached,VERB,reach
en,1503,22,the,DET,the
en,1503,23,front,ADJ,front
en,1503,24,steps,NOUN,step
en,1503,25,that,PRON,that
en,1503,26,he,PRON,he
en,1503,27,explained,VERB,explain
en,1503,28,to,ADP,to
en,1503,29,his,PRON,his
en,1503,30,uncle,NOUN,uncle
en,1503,31,that,SCONJ,that
en,1503,32,he,PRON,he
en,1503,33,had,AUX,have
en,1503,34,not,PART,not
en,1503,35,wanted,VERB,want
en,1503,36,to,PART,to
en,1503,37,talk,VERB,talk
en,1503,38,openly,ADV,openly
en,1503,39,in,ADP,in
en,1503,40,front,NOUN,front
en,1503,41,of,ADP,of
en,1503,42,those,DET,those
en,1503,43,people,NOUN,people
en,1503,44,.,PUNCT,.
en,1514,0,"""",PUNCT,""""
en,1514,1,Things,NOUN,thing
en,1514,2,like,ADP,like
en,1514,3,this,PRON,this
en,1514,4,do,AUX,do
en,1514,5,n't,PART,not
en,1514,6,come,VERB,come
en,1514,7,all,PRON,all
en,1514,8,of,ADP,of
en,1514,9,a,PRON,a
en,1514,10,sudden,ADV,sudden
en,1514,11,",",PUNCT,","
en,1514,12,they,PRON,they
en,1514,13,start,VERB,start
en,1514,14,developing,VERB,develop
en,1514,15,a,DET,a
en,1514,16,long,ADJ,long
en,1514,17,time,NOUN,time
en,1514,18,beforehand,ADV,beforehand
en,1514,19,",",PUNCT,","
en,1514,20,there,PRON,there
en,1514,21,must,AUX,must
en,1514,22,have,AUX,have
en,1514,23,been,AUX,be
en,1514,24,warning,VERB,warn
en,1514,25,signs,NOUN,sign
en,1514,26,of,ADP,of
en,1514,27,it,PRON,it
en,1514,28,",",PUNCT,","
en,1514,29,why,SCONJ,why
en,1514,30,did,AUX,do
en,1514,31,n't,PART,not
en,1514,32,you,PRON,you
en,1514,33,write,VERB,write
en,1514,34,to,ADP,to
en,1514,35,me,PRON,I
en,1514,36,?,PUNCT,?
en,1518,0,You,PRON,you
en,1518,1,'ve,AUX,have
en,1518,2,lost,VERB,lose
en,1518,3,weight,NOUN,weight
en,1518,4,",",PUNCT,","
en,1518,5,I,PRON,I
en,1518,6,can,AUX,can
en,1518,7,see,VERB,see
en,1518,8,that,PRON,that
en,1518,9,now,ADV,now
en,1518,10,.,PUNCT,.
en,1550,0,I,PRON,I
en,1550,1,'m,AUX,be
en,1550,2,sure,ADJ,sure
en,1550,3,you,PRON,you
en,1550,4,know,VERB,know
en,1550,5,the,DET,the
en,1550,6,name,NOUN,name
en,1550,7,",",PUNCT,","
en,1550,8,do,VERB,do
en,1550,9,n't,PART,not
en,1550,10,you,PRON,you
en,1550,11,?,PUNCT,?
en,1556,0,It,PRON,it
en,1556,1,was,AUX,be
en,1556,2,not,PART,not
en,1556,3,very,ADV,very
en,1556,4,encouraging,ADJ,encouraging
en,1556,5,",",PUNCT,","
en,1556,6,as,SCONJ,as
en,1556,7,the,DET,the
en,1556,8,accused,VERB,accuse
en,1556,9,",",PUNCT,","
en,1556,10,to,PART,to
en,1556,11,be,AUX,be
en,1556,12,taken,VERB,take
en,1556,13,to,ADP,to
en,1556,14,a,DET,a
en,1556,15,lawyer,NOUN,lawyer
en,1556,16,for,ADP,for
en,1556,17,poor,ADJ,poor
en,1556,18,people,NOUN,people
en,1556,19,.,PUNCT,.
en,1558,0,"""",PUNCT,""""
en,1558,1,Well,INTJ,well
en,1558,2,of,ADP,of
en,1558,3,course,NOUN,course
en,1558,4,you,PRON,you
en,1558,5,can,AUX,can
en,1558,6,",",PUNCT,","
en,1558,7,"""",PUNCT,""""
en,1558,8,said,VERB,say
en,1558,9,his,PRON,his
en,1558,10,uncle,NOUN,uncle
en,1558,11,",",PUNCT,","
en,1558,12,"""",PUNCT,""""
en,1558,13,that,PRON,that
en,1558,14,goes,VERB,go
en,1558,15,without,ADP,without
en,1558,16,saying,VERB,say
en,1558,17,.,PUNCT,.
en,1559,0,Why,SCONJ,why
en,1559,1,would,AUX,would
en,1559,2,n't,PART,not
en,1559,3,you,PRON,you
en,1559,4,take,VERB,take
en,1559,5,on,ADP,on
en,1559,6,a,DET,a
en,1559,7,lawyer,NOUN,lawyer
en,1559,8,?,PUNCT,?
en,1592,0,It,PRON,it
en,1592,1,'s,AUX,be
en,1592,2,a,DET,a
en,1592,3,recurrence,NOUN,recurrence
en,1592,4,of,ADP,of
en,1592,5,your,PRON,your
en,1592,6,heart,NOUN,heart
en,1592,7,trouble,NOUN,trouble
en,1592,8,and,CCONJ,and
en,1592,9,it,PRON,it
en,1592,10,'ll,AUX,will
en,1592,11,pass,VERB,pass
en,1592,12,over,ADP,over
en,1592,13,like,ADP,like
en,1592,14,the,DET,the
en,1592,15,other,ADJ,other
en,1592,16,times,NOUN,time
en,1592,17,.,PUNCT,.
en,1592,18,"""",PUNCT,""""
en,1597,0,"""",PUNCT,""""
en,1597,1,That,PRON,that
en,1597,2,is,AUX,be
en,1597,3,bad,ADJ,bad
en,1597,4,news,NOUN,news
en,1597,5,.,PUNCT,.
en,1603,0,K.,PROPN,K.
en,1603,1,leant,NOUN,leant
en,1603,2,against,ADP,against
en,1603,3,a,DET,a
en,1603,4,chair,NOUN,chair
en,1603,5,that,SCONJ,that
en,1603,6,he,PRON,he
en,1603,7,had,AUX,have
en,1603,8,pushed,VERB,push
en,1603,9,near,ADV,near
en,1603,10,to,ADP,to
en,1603,11,the,DET,the
en,1603,12,girl,NOUN,girl
en,1603,13,.,PUNCT,.
en,1615,0,Now,ADV,now
en,1615,1,please,INTJ,please
en,1615,2,",",PUNCT,","
en,1615,3,go,VERB,go
en,1615,4,!,PUNCT,!
en,1615,5,"""",PUNCT,""""
en,1617,0,"""",PUNCT,""""
en,1617,1,You,PRON,you
en,1617,2,can,AUX,can
en,1617,3,say,VERB,say
en,1617,4,anything,PRON,anything
en,1617,5,in,ADP,in
en,1617,6,front,NOUN,front
en,1617,7,of,ADP,of
en,1617,8,Leni,PROPN,Leni
en,1617,9,",",PUNCT,","
en,1617,10,"""",PUNCT,""""
en,1617,11,said,VERB,say
en,1617,12,the,DET,the
en,1617,13,invalid,NOUN,invalid
en,1617,14,",",PUNCT,","
en,1617,15,in,ADP,in
en,1617,16,a,DET,a
en,1617,17,tone,NOUN,tone
en,1617,18,that,PRON,that
en,1617,19,was,AUX,be
en,1617,20,unmistakably,ADV,unmistakably
en,1617,21,imploring,VERB,implore
en,1617,22,.,PUNCT,.
en,1626,0,but,CCONJ,but
en,1626,1,you,PRON,you
en,1626,2,'ve,AUX,have
en,1626,3,come,VERB,come
en,1626,4,on,ADP,on
en,1626,5,business,NOUN,business
en,1626,6,.,PUNCT,.
en,1626,7,"""",PUNCT,""""
en,1629,0,He,PRON,he
en,1629,1,interrupted,VERB,interrupt
en,1629,2,himself,PRON,himself
en,1629,3,",",PUNCT,","
en,1629,4,whispered,VERB,whisper
en,1629,5,",",PUNCT,","
en,1629,6,"""",PUNCT,""""
en,1629,7,I,PRON,I
en,1629,8,bet,VERB,bet
en,1629,9,you,PRON,you
en,1629,10,she,PRON,she
en,1629,11,'s,AUX,be
en,1629,12,listening,VERB,listen
en,1629,13,!,PUNCT,!
en,1629,14,"""",PUNCT,""""
en,1629,15,and,CCONJ,and
en,1629,16,sprang,VERB,spring
en,1629,17,over,ADP,over
en,1629,18,to,ADP,to
en,1629,19,the,DET,the
en,1629,20,door,NOUN,door
en,1629,21,.,PUNCT,.
en,1652,0,"""",PUNCT,""""
en,1652,1,But,CCONJ,but
en,1652,2,you,PRON,you
en,1652,3,work,VERB,work
en,1652,4,in,ADP,in
en,1652,5,the,DET,the
en,1652,6,High,PROPN,High
en,1652,7,Court,PROPN,Court
en,1652,8,",",PUNCT,","
en,1652,9,not,PART,not
en,1652,10,that,SCONJ,that
en,1652,11,court,NOUN,court
en,1652,12,in,ADP,in
en,1652,13,the,DET,the
en,1652,14,attic,NOUN,attic
en,1652,15,",",PUNCT,","
en,1652,16,"""",PUNCT,""""
en,1652,17,he,PRON,he
en,1652,18,had,AUX,have
en,1652,19,wanted,VERB,want
en,1652,20,to,PART,to
en,1652,21,say,VERB,say
en,1652,22,but,CCONJ,but
en,1652,23,could,AUX,could
en,1652,24,not,PART,not
en,1652,25,bring,VERB,bring
en,1652,26,himself,PRON,himself
en,1652,27,to,PART,to
en,1652,28,actually,ADV,actually
en,1652,29,utter,VERB,utter
en,1652,30,it,PRON,it
en,1652,31,.,PUNCT,.
en,1658,0,"""",PUNCT,""""
en,1658,1,Where,SCONJ,where
en,1658,2,?,PUNCT,?
en,1658,3,"""",PUNCT,""""
en,1658,4,asked,VERB,ask
en,1658,5,K.,PROPN,K.
en,1658,6,",",PUNCT,","
en,1658,7,almost,ADV,almost
en,1658,8,uncouth,ADJ,uncouth
en,1658,9,in,ADP,in
en,1658,10,his,PRON,his
en,1658,11,surprise,NOUN,surprise
en,1658,12,.,PUNCT,.
en,1708,0,It,PRON,it
en,1708,1,depicted,VERB,depict
en,1708,2,a,DET,a
en,1708,3,man,NOUN,man
en,1708,4,wearing,VERB,wear
en,1708,5,a,DET,a
en,1708,6,judge,NOUN,judge
en,1708,7,'s,PART,'s
en,1708,8,robes,NOUN,robe
en,1708,9,;,PUNCT,;
en,1708,10,he,PRON,he
en,1708,11,was,AUX,be
en,1708,12,sitting,VERB,sit
en,1708,13,on,ADP,on
en,1708,14,a,DET,a
en,1708,15,lofty,ADJ,lofty
en,1708,16,throne,NOUN,throne
en,1708,17,gilded,VERB,gild
en,1708,18,in,ADP,in
en,1708,19,a,DET,a
en,1708,20,way,NOUN,way
en,1708,21,that,PRON,that
en,1708,22,shone,VERB,shine
en,1708,23,forth,ADP,forth
en,1708,24,from,ADP,from
en,1708,25,the,DET,the
en,1708,26,picture,NOUN,picture
en,1708,27,.,PUNCT,.
en,1759,0,She,PRON,she
en,1759,1,would,AUX,would
en,1759,2,n't,PART,not
en,1759,3,try,VERB,try
en,1759,4,to,PART,to
en,1759,5,persuade,VERB,persuade
en,1759,6,me,PRON,I
en,1759,7,to,PART,to
en,1759,8,be,AUX,be
en,1759,9,less,ADV,less
en,1759,10,unyielding,ADJ,unyielding
en,1759,11,.,PUNCT,.
en,1759,12,"""",PUNCT,""""
en,1774,0,she,PRON,she
en,1774,1,exclaimed,VERB,exclaim
en,1774,2,from,ADP,from
en,1774,3,time,NOUN,time
en,1774,4,to,ADP,to
en,1774,5,time,NOUN,time
en,1774,6,.,PUNCT,.
en,1805,0,Most,ADV,most
en,1805,1,importantly,ADV,importantly
en,1805,2,",",PUNCT,","
en,1805,3,he,PRON,he
en,1805,4,had,AUX,have
en,1805,5,asked,VERB,ask
en,1805,6,him,PRON,he
en,1805,7,hardly,ADV,hardly
en,1805,8,any,PRON,any
en,1805,9,questions,NOUN,question
en,1805,10,.,PUNCT,.
en,1808,0,K.,PROPN,K.
en,1808,1,had,VERB,have
en,1808,2,the,DET,the
en,1808,3,feeling,NOUN,feeling
en,1808,4,that,SCONJ,that
en,1808,5,he,PRON,he
en,1808,6,would,AUX,would
en,1808,7,be,AUX,be
en,1808,8,able,ADJ,able
en,1808,9,to,PART,to
en,1808,10,ask,VERB,ask
en,1808,11,all,DET,all
en,1808,12,the,DET,the
en,1808,13,questions,NOUN,question
en,1808,14,needed,VERB,need
en,1808,15,here,ADV,here
en,1808,16,himself,PRON,himself
en,1808,17,.,PUNCT,.
en,1819,0,If,SCONJ,if
en,1819,1,the,DET,the
en,1819,2,applicant,NOUN,applicant
en,1819,3,becomes,VERB,become
en,1819,4,insistent,ADJ,insistent
en,1819,5,",",PUNCT,","
en,1819,6,then,ADV,then
en,1819,7,they,PRON,they
en,1819,8,add,VERB,add
en,1819,9,that,SCONJ,that
en,1819,10,before,SCONJ,before
en,1819,11,they,PRON,they
en,1819,12,come,VERB,come
en,1819,13,to,ADP,to
en,1819,14,any,DET,any
en,1819,15,decision,NOUN,decision
en,1819,16,",",PUNCT,","
en,1819,17,as,ADV,as
en,1819,18,soon,ADV,soon
en,1819,19,as,SCONJ,as
en,1819,20,all,DET,all
en,1819,21,the,DET,the
en,1819,22,material,NOUN,material
en,1819,23,has,AUX,have
en,1819,24,been,AUX,be
en,1819,25,brought,VERB,bring
en,1819,26,together,ADV,together
en,1819,27,",",PUNCT,","
en,1819,28,with,ADP,with
en,1819,29,due,ADJ,due
en,1819,30,regard,NOUN,regard
en,1819,31,",",PUNCT,","
en,1819,32,of,ADP,of
en,1819,33,course,NOUN,course
en,1819,34,",",PUNCT,","
en,1819,35,to,ADP,to
en,1819,36,all,DET,all
en,1819,37,the,DET,the
en,1819,38,documents,NOUN,document
en,1819,39,",",PUNCT,","
en,1819,40,then,ADV,then
en,1819,41,these,DET,these
en,1819,42,first,ADJ,first
en,1819,43,documents,NOUN,document
en,1819,44,to,PART,to
en,1819,45,have,AUX,have
en,1819,46,been,AUX,be
en,1819,47,submitted,VERB,submit
en,1819,48,will,AUX,will
en,1819,49,also,ADV,also
en,1819,50,be,AUX,be
en,1819,51,checked,VERB,check
en,1819,52,over,ADP,over
en,1819,53,.,PUNCT,.
en,1835,0,It,PRON,it
en,1835,1,'s,AUX,be
en,1835,2,no,DET,no
en,1835,3,exaggeration,NOUN,exaggeration
en,1835,4,when,SCONJ,when
en,1835,5,lawyers,NOUN,lawyer
en,1835,6,say,VERB,say
en,1835,7,that,SCONJ,that
en,1835,8,conditions,NOUN,condition
en,1835,9,like,ADP,like
en,1835,10,that,PRON,that
en,1835,11,are,AUX,be
en,1835,12,a,DET,a
en,1835,13,disgrace,NOUN,disgrace
en,1835,14,.,PUNCT,.
en,1838,0,They,PRON,they
en,1838,1,want,VERB,want
en,1838,2,",",PUNCT,","
en,1838,3,as,ADV,as
en,1838,4,far,ADV,far
en,1838,5,as,ADP,as
en,1838,6,possible,ADJ,possible
en,1838,7,",",PUNCT,","
en,1838,8,to,PART,to
en,1838,9,prevent,VERB,prevent
en,1838,10,any,DET,any
en,1838,11,kind,NOUN,kind
en,1838,12,of,ADP,of
en,1838,13,defence,NOUN,defence
en,1838,14,",",PUNCT,","
en,1838,15,everything,PRON,everything
en,1838,16,should,AUX,should
en,1838,17,be,AUX,be
en,1838,18,made,VERB,make
en,1838,19,the,DET,the
en,1838,20,responsibility,NOUN,responsibility
en,1838,21,of,ADP,of
en,1838,22,the,DET,the
en,1838,23,accused,VERB,accuse
en,1838,24,.,PUNCT,.
en,1885,0,The,DET,the
en,1885,1,only,ADJ,only
en,1885,2,right,ADJ,right
en,1885,3,thing,NOUN,thing
en,1885,4,to,PART,to
en,1885,5,do,VERB,do
en,1885,6,is,AUX,be
en,1885,7,to,PART,to
en,1885,8,learn,VERB,learn
en,1885,9,how,SCONJ,how
en,1885,10,to,PART,to
en,1885,11,deal,VERB,deal
en,1885,12,with,ADP,with
en,1885,13,the,DET,the
en,1885,14,situation,NOUN,situation
en,1885,15,as,SCONJ,as
en,1885,16,it,PRON,it
en,1885,17,is,AUX,be
en,1885,18,.,PUNCT,.
en,1887,0,Never,ADV,never
en,1887,1,attract,VERB,attract
en,1887,2,attention,NOUN,attention
en,1887,3,to,ADP,to
en,1887,4,yourself,PRON,yourself
en,1887,5,!,PUNCT,!
en,1901,0,Lawyers,NOUN,lawyer
en,1901,1,are,AUX,be
en,1901,2,especially,ADV,especially
en,1901,3,vulnerable,ADJ,vulnerable
en,1901,4,to,ADP,to
en,1901,5,fits,NOUN,fit
en,1901,6,of,ADP,of
en,1901,7,depression,NOUN,depression
en,1901,8,of,ADP,of
en,1901,9,that,DET,that
en,1901,10,sort,NOUN,sort
en,1901,11,--,PUNCT,--
en,1901,12,and,CCONJ,and
en,1901,13,they,PRON,they
en,1901,14,are,AUX,be
en,1901,15,no,ADV,no
en,1901,16,more,ADJ,more
en,1901,17,than,ADP,than
en,1901,18,fits,NOUN,fit
en,1901,19,of,ADP,of
en,1901,20,depression,NOUN,depression
en,1901,21,of,ADP,of
en,1901,22,course,NOUN,course
en,1901,23,--,PUNCT,--
en,1901,24,when,SCONJ,when
en,1901,25,a,DET,a
en,1901,26,case,NOUN,case
en,1901,27,is,AUX,be
en,1901,28,suddenly,ADV,suddenly
en,1901,29,taken,VERB,take
en,1901,30,out,ADP,out
en,1901,31,of,ADP,of
en,1901,32,their,PRON,their
en,1901,33,hands,NOUN,hand
en,1901,34,after,SCONJ,after
en,1901,35,they,PRON,they
en,1901,36,'ve,AUX,have
en,1901,37,been,AUX,be
en,1901,38,conducting,VERB,conduct
en,1901,39,it,PRON,it
en,1901,40,satisfactorily,ADV,satisfactorily
en,1901,41,for,ADP,for
en,1901,42,some,DET,some
en,1901,43,time,NOUN,time
en,1901,44,.,PUNCT,.
en,1912,0,As,SCONJ,as
en,1912,1,he,PRON,he
en,1912,2,had,AUX,have
en,1912,3,said,VERB,say
en,1912,4,",",PUNCT,","
en,1912,5,the,DET,the
en,1912,6,time,NOUN,time
en,1912,7,for,ADP,for
en,1912,8,submitting,VERB,submit
en,1912,9,documents,NOUN,document
en,1912,10,was,AUX,be
en,1912,11,still,ADV,still
en,1912,12,in,ADP,in
en,1912,13,the,DET,the
en,1912,14,future,NOUN,future
en,1912,15,and,CCONJ,and
en,1912,16,there,PRON,there
en,1912,17,was,VERB,be
en,1912,18,no,DET,no
en,1912,19,rush,NOUN,rush
en,1912,20,to,PART,to
en,1912,21,prepare,VERB,prepare
en,1912,22,them,PRON,they
en,1912,23,",",PUNCT,","
en,1912,24,it,PRON,it
en,1912,25,was,AUX,be
en,1912,26,much,ADV,much
en,1912,27,more,ADV,more
en,1912,28,important,ADJ,important
en,1912,29,to,PART,to
en,1912,30,start,VERB,start
en,1912,31,the,DET,the
en,1912,32,initial,ADJ,initial
en,1912,33,discussions,NOUN,discussion
en,1912,34,with,ADP,with
en,1912,35,the,DET,the
en,1912,36,appropriate,ADJ,appropriate
en,1912,37,officials,NOUN,official
en,1912,38,",",PUNCT,","
en,1912,39,and,CCONJ,and
en,1912,40,they,PRON,they
en,1912,41,had,AUX,have
en,1912,42,already,ADV,already
en,1912,43,taken,VERB,take
en,1912,44,place,NOUN,place
en,1912,45,.,PUNCT,.
en,1914,0,It,PRON,it
en,1914,1,was,AUX,be
en,1914,2,much,ADV,much
en,1914,3,better,ADJ,well
en,1914,4,not,PART,not
en,1914,5,to,PART,to
en,1914,6,give,VERB,give
en,1914,7,away,ADP,away
en,1914,8,any,DET,any
en,1914,9,details,NOUN,detail
en,1914,10,before,ADP,before
en,1914,11,their,PRON,their
en,1914,12,time,NOUN,time
en,1914,13,",",PUNCT,","
en,1914,14,as,SCONJ,as
en,1914,15,in,ADP,in
en,1914,16,that,DET,that
en,1914,17,way,NOUN,way
en,1914,18,K.,PROPN,K.
en,1914,19,could,AUX,could
en,1914,20,only,ADV,only
en,1914,21,be,AUX,be
en,1914,22,influenced,VERB,influence
en,1914,23,unfavourably,ADV,unfavourably
en,1914,24,and,CCONJ,and
en,1914,25,his,PRON,his
en,1914,26,hopes,NOUN,hope
en,1914,27,might,AUX,might
en,1914,28,be,AUX,be
en,1914,29,raised,VERB,raise
en,1914,30,or,CCONJ,or
en,1914,31,he,PRON,he
en,1914,32,might,AUX,might
en,1914,33,be,AUX,be
en,1914,34,made,VERB,make
en,1914,35,too,ADV,too
en,1914,36,anxious,ADJ,anxious
en,1914,37,",",PUNCT,","
en,1914,38,better,ADJ,well
en,1914,39,just,ADV,just
en,1914,40,to,PART,to
en,1914,41,say,VERB,say
en,1914,42,that,SCONJ,that
en,1914,43,some,DET,some
en,1914,44,individuals,NOUN,individual
en,1914,45,have,AUX,have
en,1914,46,spoken,VERB,speak
en,1914,47,very,ADV,very
en,1914,48,favourably,ADV,favourably
en,1914,49,and,CCONJ,and
en,1914,50,shown,VERB,show
en,1914,51,themselves,PRON,themselves
en,1914,52,very,ADV,very
en,1914,53,willing,ADJ,willing
en,1914,54,to,PART,to
en,1914,55,help,VERB,help
en,1914,56,",",PUNCT,","
en,1914,57,although,SCONJ,although
en,1914,58,others,NOUN,other
en,1914,59,have,AUX,have
en,1914,60,spoken,VERB,speak
en,1914,61,less,ADV,less
en,1914,62,favourably,ADV,favourably
en,1914,63,",",PUNCT,","
en,1914,64,but,CCONJ,but
en,1914,65,even,ADV,even
en,1914,66,they,PRON,they
en,1914,67,have,AUX,have
en,1914,68,not,PART,not
en,1914,69,in,ADP,in
en,1914,70,any,DET,any
en,1914,71,way,NOUN,way
en,1914,72,refused,VERB,refuse
en,1914,73,to,PART,to
en,1914,74,help,VERB,help
en,1914,75,.,PUNCT,.
en,1921,0,If,SCONJ,if
en,1921,1,K.,PROPN,K.
en,1921,2,",",PUNCT,","
en,1921,3,stupefied,VERB,stupefy
en,1921,4,from,ADP,from
en,1921,5,all,DET,all
en,1921,6,this,DET,this
en,1921,7,talking,NOUN,talking
en,1921,8,",",PUNCT,","
en,1921,9,ever,ADV,ever
en,1921,10,pointed,VERB,point
en,1921,11,out,ADP,out
en,1921,12,that,SCONJ,that
en,1921,13,even,ADV,even
en,1921,14,considering,VERB,consider
en,1921,15,all,DET,all
en,1921,16,these,DET,these
en,1921,17,difficulties,NOUN,difficulty
en,1921,18,progress,NOUN,progress
en,1921,19,was,AUX,be
en,1921,20,very,ADV,very
en,1921,21,slow,ADJ,slow
en,1921,22,",",PUNCT,","
en,1921,23,the,DET,the
en,1921,24,lawyer,NOUN,lawyer
en,1921,25,would,AUX,would
en,1921,26,object,VERB,object
en,1921,27,that,DET,that
en,1921,28,progress,NOUN,progress
en,1921,29,was,AUX,be
en,1921,30,not,PART,not
en,1921,31,slow,ADJ,slow
en,1921,32,at,ADV,at
en,1921,33,all,ADV,all
en,1921,34,",",PUNCT,","
en,1921,35,but,CCONJ,but
en,1921,36,that,SCONJ,that
en,1921,37,they,PRON,they
en,1921,38,might,AUX,might
en,1921,39,have,AUX,have
en,1921,40,progressed,VERB,progress
en,1921,41,far,ADV,far
en,1921,42,further,ADV,far
en,1921,43,if,SCONJ,if
en,1921,44,K.,PROPN,K.
en,1921,45,had,AUX,have
en,1921,46,come,VERB,come
en,1921,47,to,ADP,to
en,1921,48,him,PRON,he
en,1921,49,at,ADP,at
en,1921,50,the,DET,the
en,1921,51,right,ADJ,right
en,1921,52,time,NOUN,time
en,1921,53,.,PUNCT,.
en,1926,0,The,DET,the
en,1926,1,lawyer,NOUN,lawyer
en,1926,2,drank,VERB,drink
en,1926,3,.,PUNCT,.
en,1966,0,K.,PROPN,K.
en,1966,1,was,AUX,be
en,1966,2,very,ADV,very
en,1966,3,embarrassed,ADJ,embarrassed
en,1966,4,",",PUNCT,","
en,1966,5,although,SCONJ,although
en,1966,6,the,DET,the
en,1966,7,deputy,NOUN,deputy
en,1966,8,director,NOUN,director
en,1966,9,",",PUNCT,","
en,1966,10,of,ADP,of
en,1966,11,course,NOUN,course
en,1966,12,",",PUNCT,","
en,1966,13,was,AUX,be
en,1966,14,not,PART,not
en,1966,15,laughing,VERB,laugh
en,1966,16,at,ADP,at
en,1966,17,K.,PROPN,K.
en,1966,18,'s,PART,'s
en,1966,19,documents,NOUN,document
en,1966,20,",",PUNCT,","
en,1966,21,which,PRON,which
en,1966,22,he,PRON,he
en,1966,23,knew,VERB,know
en,1966,24,nothing,PRON,nothing
en,1966,25,about,ADP,about
en,1966,26,",",PUNCT,","
en,1966,27,but,CCONJ,but
en,1966,28,at,ADP,at
en,1966,29,a,DET,a
en,1966,30,joke,NOUN,joke
en,1966,31,he,PRON,he
en,1966,32,had,AUX,have
en,1966,33,just,ADV,just
en,1966,34,heard,VERB,hear
en,1966,35,about,ADP,about
en,1966,36,the,DET,the
en,1966,37,stock,NOUN,stock
en,1966,38,-,PUNCT,-
en,1966,39,exchange,NOUN,exchange
en,1966,40,",",PUNCT,","
en,1966,41,a,DET,a
en,1966,42,joke,NOUN,joke
en,1966,43,which,PRON,which
en,1966,44,needed,VERB,need
en,1966,45,an,DET,an
en,1966,46,illustration,NOUN,illustration
en,1966,47,if,SCONJ,if
en,1966,48,it,PRON,it
en,1966,49,was,AUX,be
en,1966,50,to,PART,to
en,1966,51,be,AUX,be
en,1966,52,understood,VERB,understand
en,1966,53,",",PUNCT,","
en,1966,54,and,CCONJ,and
en,1966,55,now,ADV,now
en,1966,56,the,DET,the
en,1966,57,deputy,NOUN,deputy
en,1966,58,director,NOUN,director
en,1966,59,leant,VERB,lean
en,1966,60,over,ADP,over
en,1966,61,K.,PROPN,K.
en,1966,62,'s,PART,'s
en,1966,63,desk,NOUN,desk
en,1966,64,",",PUNCT,","
en,1966,65,took,VERB,take
en,1966,66,his,PRON,his
en,1966,67,pencil,NOUN,pencil
en,1966,68,from,ADP,from
en,1966,69,his,PRON,his
en,1966,70,hand,NOUN,hand
en,1966,71,",",PUNCT,","
en,1966,72,and,CCONJ,and
en,1966,73,drew,VERB,draw
en,1966,74,the,DET,the
en,1966,75,illustration,NOUN,illustration
en,1966,76,on,ADP,on
en,1966,77,the,DET,the
en,1966,78,writing,NOUN,writing
en,1966,79,pad,NOUN,pad
en,1966,80,that,PRON,that
en,1966,81,K.,PROPN,K.
en,1966,82,had,AUX,have
en,1966,83,intended,VERB,intend
en,1966,84,for,ADP,for
en,1966,85,his,PRON,his
en,1966,86,ideas,NOUN,idea
en,1966,87,about,ADP,about
en,1966,88,his,PRON,his
en,1966,89,case,NOUN,case
en,1966,90,.,PUNCT,.
en,1967,0,K.,PROPN,K.
en,1967,1,now,ADV,now
en,1967,2,had,VERB,have
en,1967,3,no,DET,no
en,1967,4,more,ADJ,more
en,1967,5,thoughts,NOUN,thought
en,1967,6,of,ADP,of
en,1967,7,shame,NOUN,shame
en,1967,8,",",PUNCT,","
en,1967,9,the,DET,the
en,1967,10,documents,NOUN,document
en,1967,11,had,VERB,have
en,1967,12,to,PART,to
en,1967,13,be,AUX,be
en,1967,14,prepared,VERB,prepare
en,1967,15,and,CCONJ,and
en,1967,16,submitted,VERB,submit
en,1967,17,.,PUNCT,.
en,1969,0,If,SCONJ,if
en,1969,1,the,DET,the
en,1969,2,nights,NOUN,night
en,1969,3,were,AUX,be
en,1969,4,n't,PART,not
en,1969,5,enough,ADJ,enough
en,1969,6,he,PRON,he
en,1969,7,would,AUX,would
en,1969,8,have,VERB,have
en,1969,9,to,PART,to
en,1969,10,take,VERB,take
en,1969,11,a,DET,a
en,1969,12,holiday,NOUN,holiday
en,1969,13,.,PUNCT,.
en,1992,0,Instead,ADV,instead
en,1992,1,",",PUNCT,","
en,1992,2,seeing,VERB,see
en,1992,3,the,DET,the
en,1992,4,anticipation,NOUN,anticipation
en,1992,5,on,ADP,on
en,1992,6,the,DET,the
en,1992,7,manufacturer,NOUN,manufacturer
en,1992,8,'s,PART,'s
en,1992,9,face,NOUN,face
en,1992,10,",",PUNCT,","
en,1992,11,obviously,ADV,obviously
en,1992,12,ready,ADJ,ready
en,1992,13,to,PART,to
en,1992,14,counter,VERB,counter
en,1992,15,any,DET,any
en,1992,16,objections,NOUN,objection
en,1992,17,made,VERB,make
en,1992,18,",",PUNCT,","
en,1992,19,he,PRON,he
en,1992,20,was,AUX,be
en,1992,21,sorry,ADJ,sorry
en,1992,22,to,PART,to
en,1992,23,realise,VERB,realise
en,1992,24,that,SCONJ,that
en,1992,25,the,DET,the
en,1992,26,business,NOUN,business
en,1992,27,discussion,NOUN,discussion
en,1992,28,had,VERB,have
en,1992,29,to,PART,to
en,1992,30,be,AUX,be
en,1992,31,continued,VERB,continue
en,1992,32,.,PUNCT,.
en,1997,0,Even,ADV,even
en,1997,1,when,SCONJ,when
en,1997,2,the,DET,the
en,1997,3,door,NOUN,door
en,1997,4,of,ADP,of
en,1997,5,the,DET,the
en,1997,6,manager,NOUN,manager
en,1997,7,'s,PART,'s
en,1997,8,office,NOUN,office
en,1997,9,opened,VERB,open
en,1997,10,and,CCONJ,and
en,1997,11,revealed,VERB,reveal
en,1997,12,not,PART,not
en,1997,13,very,ADV,very
en,1997,14,clearly,ADV,clearly
en,1997,15,",",PUNCT,","
en,1997,16,as,SCONJ,as
en,1997,17,if,SCONJ,if
en,1997,18,through,ADP,through
en,1997,19,a,DET,a
en,1997,20,veil,NOUN,veil
en,1997,21,",",PUNCT,","
en,1997,22,the,DET,the
en,1997,23,deputy,NOUN,deputy
en,1997,24,director,NOUN,director
en,1997,25,",",PUNCT,","
en,1997,26,he,PRON,he
en,1997,27,did,AUX,do
en,1997,28,no,PRON,no
en,1997,29,more,ADJ,more
en,1997,30,than,SCONJ,than
en,1997,31,look,VERB,look
en,1997,32,up,ADP,up
en,1997,33,weakly,ADV,weakly
en,1997,34,.,PUNCT,.
en,2015,0,It,PRON,it
en,2015,1,did,AUX,do
en,2015,2,not,PART,not
en,2015,3,enter,VERB,enter
en,2015,4,his,PRON,his
en,2015,5,head,NOUN,head
en,2015,6,to,PART,to
en,2015,7,show,VERB,show
en,2015,8,anyone,PRON,anyone
en,2015,9,else,ADV,else
en,2015,10,into,ADP,into
en,2015,11,his,PRON,his
en,2015,12,office,NOUN,office
en,2015,13,and,CCONJ,and
en,2015,14,only,ADV,only
en,2015,15,became,VERB,become
en,2015,16,vaguely,ADV,vaguely
en,2015,17,aware,ADJ,aware
en,2015,18,of,ADP,of
en,2015,19,how,SCONJ,how
en,2015,20,nice,ADJ,nice
en,2015,21,it,PRON,it
en,2015,22,was,AUX,be
en,2015,23,that,SCONJ,that
en,2015,24,the,DET,the
en,2015,25,people,NOUN,people
en,2015,26,outside,ADP,outside
en,2015,27,thought,VERB,think
en,2015,28,he,PRON,he
en,2015,29,was,AUX,be
en,2015,30,still,ADV,still
en,2015,31,negotiating,VERB,negotiate
en,2015,32,with,ADP,with
en,2015,33,the,DET,the
en,2015,34,manufacturer,NOUN,manufacturer
en,2015,35,and,CCONJ,and
en,2015,36,",",PUNCT,","
en,2015,37,for,ADP,for
en,2015,38,this,DET,this
en,2015,39,reason,NOUN,reason
en,2015,40,",",PUNCT,","
en,2015,41,he,PRON,he
en,2015,42,could,AUX,could
en,2015,43,not,PART,not
en,2015,44,let,VERB,let
en,2015,45,anyone,PRON,anyone
en,2015,46,in,ADP,in
en,2015,47,to,PART,to
en,2015,48,see,VERB,see
en,2015,49,him,PRON,he
en,2015,50,",",PUNCT,","
en,2015,51,not,PART,not
en,2015,52,even,ADV,even
en,2015,53,the,DET,the
en,2015,54,servitor,NOUN,servitor
en,2015,55,.,PUNCT,.
en,2023,0,If,SCONJ,if
en,2023,1,he,PRON,he
en,2023,2,ever,ADV,ever
en,2023,3,felt,VERB,feel
en,2023,4,tempted,VERB,tempt
en,2023,5,to,PART,to
en,2023,6,doubt,VERB,doubt
en,2023,7,this,PRON,this
en,2023,8,",",PUNCT,","
en,2023,9,then,ADV,then
en,2023,10,his,PRON,his
en,2023,11,experience,NOUN,experience
en,2023,12,with,ADP,with
en,2023,13,the,DET,the
en,2023,14,deputy,NOUN,deputy
en,2023,15,director,NOUN,director
en,2023,16,and,CCONJ,and
en,2023,17,the,DET,the
en,2023,18,manufacturer,NOUN,manufacturer
en,2023,19,that,DET,that
en,2023,20,day,NOUN,day
en,2023,21,would,AUX,would
en,2023,22,be,AUX,be
en,2023,23,quite,ADV,quite
en,2023,24,enough,ADJ,enough
en,2023,25,to,PART,to
en,2023,26,convince,VERB,convince
en,2023,27,him,PRON,he
en,2023,28,of,ADP,of
en,2023,29,it,PRON,it
en,2023,30,.,PUNCT,.
en,2039,0,No,DET,no
en,2039,1,-,NOUN,-
en,2039,2,one,NUM,one
en,2039,3,and,CCONJ,and
en,2039,4,never,ADV,never
en,2039,5,.,PUNCT,.
en,2062,0,I,PRON,I
en,2062,1,'m,AUX,be
en,2062,2,very,ADV,very
en,2062,3,sorry,ADJ,sorry
en,2062,4,if,SCONJ,if
en,2062,5,it,PRON,it
en,2062,6,'s,AUX,be
en,2062,7,something,PRON,something
en,2062,8,that,PRON,that
en,2062,9,'ll,AUX,will
en,2062,10,be,AUX,be
en,2062,11,a,DET,a
en,2062,12,burden,NOUN,burden
en,2062,13,to,ADP,to
en,2062,14,you,PRON,you
en,2062,15,today,NOUN,today
en,2062,16,of,ADP,of
en,2062,17,all,DET,all
en,2062,18,days,NOUN,day
en,2068,0,"""",PUNCT,""""
en,2068,1,No,INTJ,no
en,2068,2,",",PUNCT,","
en,2068,3,no,INTJ,no
en,2068,4,",",PUNCT,","
en,2068,5,"""",PUNCT,""""
en,2068,6,said,VERB,say
en,2068,7,the,DET,the
en,2068,8,manufacturer,NOUN,manufacturer
en,2068,9,",",PUNCT,","
en,2068,10,"""",PUNCT,""""
en,2068,11,how,SCONJ,how
en,2068,12,would,AUX,would
en,2068,13,the,DET,the
en,2068,14,deputy,NOUN,deputy
en,2068,15,director,NOUN,director
en,2068,16,know,VERB,know
en,2068,17,about,ADP,about
en,2068,18,it,PRON,it
en,2068,19,?,PUNCT,?
en,2068,20,"""",PUNCT,""""
en,2089,0,But,CCONJ,but
en,2089,1,all,DET,all
en,2089,2,that,PRON,that
en,2089,3,'s,AUX,be
en,2089,4,just,ADV,just
en,2089,5,by,ADP,by
en,2089,6,the,DET,the
en,2089,7,by,NOUN,by
en,2089,8,.,PUNCT,.
en,2096,0,If,SCONJ,if
en,2096,1,I,PRON,I
en,2096,2,ask,VERB,ask
en,2096,3,him,PRON,he
en,2096,4,to,ADP,to
en,2096,5,he,PRON,he
en,2096,6,'ll,AUX,will
en,2096,7,certainly,ADV,certainly
en,2096,8,do,VERB,do
en,2096,9,everything,PRON,everything
en,2096,10,he,PRON,he
en,2096,11,possibly,ADV,possibly
en,2096,12,can,AUX,can
en,2096,13,.,PUNCT,.
en,2097,0,I,PRON,I
en,2097,1,really,ADV,really
en,2097,2,do,AUX,do
en,2097,3,think,VERB,think
en,2097,4,you,PRON,you
en,2097,5,ought,AUX,ought
en,2097,6,to,PART,to
en,2097,7,go,VERB,go
en,2097,8,.,PUNCT,.
en,2117,0,Was,AUX,be
en,2117,1,he,PRON,he
en,2117,2,really,ADV,really
en,2117,3,able,ADJ,able
en,2117,4,to,PART,to
en,2117,5,rely,VERB,rely
en,2117,6,on,ADP,on
en,2117,7,his,PRON,his
en,2117,8,own,ADJ,own
en,2117,9,understanding,NOUN,understanding
en,2117,10,so,ADV,so
en,2117,11,little,ADJ,little
en,2117,12,?,PUNCT,?
en,2120,0,And,CCONJ,and
en,2120,1,just,ADV,just
en,2120,2,now,ADV,now
en,2120,3,",",PUNCT,","
en,2120,4,just,ADV,just
en,2120,5,when,SCONJ,when
en,2120,6,he,PRON,he
en,2120,7,would,AUX,would
en,2120,8,have,VERB,have
en,2120,9,to,PART,to
en,2120,10,act,VERB,act
en,2120,11,with,ADP,with
en,2120,12,all,DET,all
en,2120,13,the,DET,the
en,2120,14,strength,NOUN,strength
en,2120,15,he,PRON,he
en,2120,16,could,AUX,could
en,2120,17,muster,VERB,muster
en,2120,18,",",PUNCT,","
en,2120,19,now,ADV,now
en,2120,20,a,DET,a
en,2120,21,number,NOUN,number
en,2120,22,of,ADP,of
en,2120,23,doubts,NOUN,doubt
en,2120,24,of,ADP,of
en,2120,25,a,DET,a
en,2120,26,sort,NOUN,sort
en,2120,27,he,PRON,he
en,2120,28,had,AUX,have
en,2120,29,never,ADV,never
en,2120,30,before,ADP,before
en,2120,31,known,VERB,know
en,2120,32,had,AUX,have
en,2120,33,presented,VERB,present
en,2120,34,themselves,PRON,themselves
en,2120,35,and,CCONJ,and
en,2120,36,affected,VERB,affect
en,2120,37,his,PRON,his
en,2120,38,own,ADJ,own
en,2120,39,vigilance,NOUN,vigilance
en,2120,40,!,PUNCT,!
en,2158,0,As,ADP,as
en,2158,1,K.,PROPN,K.
en,2158,2,",",PUNCT,","
en,2158,3,somewhat,ADV,somewhat
en,2158,4,agitated,ADJ,agitated
en,2158,5,",",PUNCT,","
en,2158,6,approached,VERB,approach
en,2158,7,the,DET,the
en,2158,8,door,NOUN,door
en,2158,9,the,DET,the
en,2158,10,deputy,NOUN,deputy
en,2158,11,director,NOUN,director
en,2158,12,called,VERB,call
en,2158,13,out,ADP,out
en,2158,14,",",PUNCT,","
en,2158,15,"""",PUNCT,""""
en,2158,16,Oh,INTJ,oh
en,2158,17,",",PUNCT,","
en,2158,18,you,PRON,you
en,2158,19,'ve,AUX,have
en,2158,20,still,ADV,still
en,2158,21,not,PART,not
en,2158,22,left,VERB,leave
en,2158,23,!,PUNCT,!
en,2158,24,"""",PUNCT,""""
en,2173,0,On,ADP,on
en,2173,1,the,DET,the
en,2173,2,third,ADJ,third
en,2173,3,floor,NOUN,floor
en,2173,4,he,PRON,he
en,2173,5,had,VERB,have
en,2173,6,to,PART,to
en,2173,7,slow,VERB,slow
en,2173,8,down,ADP,down
en,2173,9,his,PRON,his
en,2173,10,pace,NOUN,pace
en,2173,11,",",PUNCT,","
en,2173,12,he,PRON,he
en,2173,13,was,AUX,be
en,2173,14,quite,ADV,quite
en,2173,15,out,ADP,out
en,2173,16,of,ADP,of
en,2173,17,breath,NOUN,breath
en,2173,18,--,PUNCT,--
en,2173,19,the,DET,the
en,2173,20,steps,NOUN,step
en,2173,21,",",PUNCT,","
en,2173,22,just,ADV,just
en,2173,23,like,ADP,like
en,2173,24,the,DET,the
en,2173,25,height,NOUN,height
en,2173,26,of,ADP,of
en,2173,27,each,DET,each
en,2173,28,floor,NOUN,floor
en,2173,29,",",PUNCT,","
en,2173,30,were,AUX,be
en,2173,31,much,ADV,much
en,2173,32,higher,ADJ,high
en,2173,33,than,SCONJ,than
en,2173,34,they,PRON,they
en,2173,35,needed,VERB,need
en,2173,36,to,PART,to
en,2173,37,be,AUX,be
en,2173,38,and,CCONJ,and
en,2173,39,he,PRON,he
en,2173,40,'d,AUX,have
en,2173,41,been,AUX,be
en,2173,42,told,VERB,tell
en,2173,43,that,SCONJ,that
en,2173,44,the,DET,the
en,2173,45,painter,NOUN,painter
en,2173,46,lived,VERB,live
en,2173,47,right,ADV,right
en,2173,48,up,ADV,up
en,2173,49,in,ADP,in
en,2173,50,the,DET,the
en,2173,51,attic,NOUN,attic
en,2173,52,.,PUNCT,.
en,2186,0,The,DET,the
en,2186,1,hunchbacked,ADJ,hunchbacked
en,2186,2,girl,NOUN,girl
en,2186,3,had,AUX,have
en,2186,4,clearly,ADV,clearly
en,2186,5,told,VERB,tell
en,2186,6,them,PRON,they
en,2186,7,about,ADP,about
en,2186,8,K.,PROPN,K.
en,2186,9,'s,PART,'s
en,2186,10,intentions,NOUN,intention
en,2186,11,and,CCONJ,and
en,2186,12,they,PRON,they
en,2186,13,were,AUX,be
en,2186,14,waiting,VERB,wait
en,2186,15,for,ADP,for
en,2186,16,him,PRON,he
en,2186,17,.,PUNCT,.
en,2188,0,All,DET,all
en,2188,1,their,PRON,their
en,2188,2,faces,NOUN,face
en,2188,3,",",PUNCT,","
en,2188,4,even,ADV,even
en,2188,5,in,ADP,in
en,2188,6,this,DET,this
en,2188,7,guard,NOUN,guard
en,2188,8,of,ADP,of
en,2188,9,honour,NOUN,honour
en,2188,10,",",PUNCT,","
en,2188,11,showed,VERB,show
en,2188,12,a,DET,a
en,2188,13,mixture,NOUN,mixture
en,2188,14,of,ADP,of
en,2188,15,childishness,NOUN,childishness
en,2188,16,and,CCONJ,and
en,2188,17,depravity,NOUN,depravity
en,2188,18,.,PUNCT,.
en,2194,0,"""",PUNCT,""""
en,2194,1,Oh,INTJ,oh
en,2194,2,!,PUNCT,!
en,2194,3,"""",PUNCT,""""
en,2194,4,he,PRON,he
en,2194,5,cried,VERB,cry
en,2194,6,",",PUNCT,","
en,2194,7,when,SCONJ,when
en,2194,8,he,PRON,he
en,2194,9,saw,VERB,see
en,2194,10,the,DET,the
en,2194,11,approaching,VERB,approach
en,2194,12,crowd,NOUN,crowd
en,2194,13,",",PUNCT,","
en,2194,14,and,CCONJ,and
en,2194,15,vanished,VERB,vanish
en,2194,16,.,PUNCT,.
en,2226,0,Behind,ADP,behind
en,2226,1,K.,PROPN,K.
en,2226,2,was,AUX,be
en,2226,3,the,DET,the
en,2226,4,window,NOUN,window
en,2226,5,through,ADP,through
en,2226,6,which,PRON,which
en,2226,7,the,DET,the
en,2226,8,fog,NOUN,fog
en,2226,9,made,VERB,make
en,2226,10,it,PRON,it
en,2226,11,impossible,ADJ,impossible
en,2226,12,to,PART,to
en,2226,13,see,VERB,see
en,2226,14,further,ADV,far
en,2226,15,than,SCONJ,than
en,2226,16,the,DET,the
en,2226,17,snow,NOUN,snow
en,2226,18,covered,VERB,cover
en,2226,19,roof,NOUN,roof
en,2226,20,of,ADP,of
en,2226,21,the,DET,the
en,2226,22,neighbouring,ADJ,neighbouring
en,2226,23,building,NOUN,building
en,2226,24,.,PUNCT,.
en,2249,0,But,CCONJ,but
en,2249,1,are,AUX,be
en,2249,2,n't,PART,not
en,2249,3,those,DET,those
en,2249,4,wings,NOUN,wing
en,2249,5,on,ADP,on
en,2249,6,her,PRON,her
en,2249,7,heels,NOUN,heel
en,2249,8,",",PUNCT,","
en,2249,9,and,CCONJ,and
en,2249,10,is,AUX,be
en,2249,11,n't,PART,not
en,2249,12,she,PRON,she
en,2249,13,moving,VERB,move
en,2249,14,?,PUNCT,?
en,2249,15,"""",PUNCT,""""
en,2250,0,"""",PUNCT,""""
en,2250,1,Yes,INTJ,yes
en,2250,2,",",PUNCT,","
en,2250,3,"""",PUNCT,""""
en,2250,4,said,VERB,say
en,2250,5,the,DET,the
en,2250,6,painter,NOUN,painter
en,2250,7,",",PUNCT,","
en,2250,8,"""",PUNCT,""""
en,2250,9,I,PRON,I
en,2250,10,had,AUX,have
en,2250,11,to,PART,to
en,2250,12,paint,VERB,paint
en,2250,13,it,PRON,it
en,2250,14,like,ADP,like
en,2250,15,that,PRON,that
en,2250,16,according,VERB,accord
en,2250,17,to,ADP,to
en,2250,18,the,DET,the
en,2250,19,contract,NOUN,contract
en,2250,20,.,PUNCT,.
en,2252,0,"""",PUNCT,""""
en,2252,1,That,PRON,that
en,2252,2,is,AUX,be
en,2252,3,not,PART,not
en,2252,4,a,DET,a
en,2252,5,good,ADJ,good
en,2252,6,combination,NOUN,combination
en,2252,7,",",PUNCT,","
en,2252,8,"""",PUNCT,""""
en,2252,9,said,VERB,say
en,2252,10,K.,PROPN,K.
en,2252,11,with,ADP,with
en,2252,12,a,DET,a
en,2252,13,smile,NOUN,smile
en,2252,14,.,PUNCT,.
en,2255,0,"""",PUNCT,""""
en,2255,1,Yes,INTJ,yes
en,2255,2,",",PUNCT,","
en,2255,3,certainly,ADV,certainly
en,2255,4,",",PUNCT,","
en,2255,5,"""",PUNCT,""""
en,2255,6,said,VERB,say
en,2255,7,K.,PROPN,K.
en,2255,8,",",PUNCT,","
en,2255,9,who,PRON,who
en,2255,10,had,AUX,have
en,2255,11,not,PART,not
en,2255,12,meant,VERB,mean
en,2255,13,to,PART,to
en,2255,14,criticise,VERB,criticise
en,2255,15,anyone,PRON,anyone
en,2255,16,by,ADP,by
en,2255,17,that,DET,that
en,2255,18,comment,NOUN,comment
en,2255,19,.,PUNCT,.
en,2262,0,"""",PUNCT,""""
en,2262,1,And,CCONJ,and
en,2262,2,he,PRON,he
en,2262,3,has,AUX,have
en,2262,4,himself,PRON,himself
en,2262,5,painted,VERB,paint
en,2262,6,in,ADP,in
en,2262,7,such,DET,such
en,2262,8,a,DET,a
en,2262,9,grand,ADJ,grand
en,2262,10,pose,NOUN,pose
en,2262,11,.,PUNCT,.
en,2265,0,"""",PUNCT,""""
en,2265,1,But,CCONJ,but
en,2265,2,they,PRON,they
en,2265,3,have,VERB,have
en,2265,4,permission,NOUN,permission
en,2265,5,from,ADP,from
en,2265,6,higher,ADJ,high
en,2265,7,up,ADP,up
en,2265,8,to,PART,to
en,2265,9,get,VERB,get
en,2265,10,themselves,PRON,themselves
en,2265,11,painted,VERB,paint
en,2265,12,like,ADP,like
en,2265,13,this,PRON,this
en,2265,14,.,PUNCT,.
en,2274,0,"""",PUNCT,""""
en,2274,1,What,PRON,what
en,2274,2,'s,AUX,be
en,2274,3,the,DET,the
en,2274,4,name,NOUN,name
en,2274,5,of,ADP,of
en,2274,6,this,DET,this
en,2274,7,judge,NOUN,judge
en,2274,8,?,PUNCT,?
en,2274,9,"""",PUNCT,""""
en,2274,10,he,PRON,he
en,2274,11,asked,VERB,ask
en,2274,12,suddenly,ADV,suddenly
en,2274,13,.,PUNCT,.
en,2277,0,K.,PROPN,K.
en,2277,1,took,VERB,take
en,2277,2,this,PRON,this
en,2277,3,to,PART,to
en,2277,4,be,AUX,be
en,2277,5,just,ADV,just
en,2277,6,a,DET,a
en,2277,7,foible,NOUN,foible
en,2277,8,of,ADP,of
en,2277,9,the,DET,the
en,2277,10,painter,NOUN,painter
en,2277,11,'s,PART,'s
en,2277,12,",",PUNCT,","
en,2277,13,and,CCONJ,and
en,2277,14,it,PRON,it
en,2277,15,irritated,VERB,irritate
en,2277,16,him,PRON,he
en,2277,17,as,SCONJ,as
en,2277,18,it,PRON,it
en,2277,19,made,VERB,make
en,2277,20,him,PRON,he
en,2277,21,lose,VERB,lose
en,2277,22,time,NOUN,time
en,2277,23,.,PUNCT,.
en,2292,0,"""",PUNCT,""""
en,2292,1,And,CCONJ,and
en,2292,2,that,PRON,that
en,2292,3,'s,AUX,be
en,2292,4,how,SCONJ,how
en,2292,5,it,PRON,it
en,2292,6,is,AUX,be
en,2292,7,with,ADP,with
en,2292,8,me,PRON,I
en,2292,9,",",PUNCT,","
en,2292,10,"""",PUNCT,""""
en,2292,11,said,VERB,say
en,2292,12,the,DET,the
en,2292,13,painter,NOUN,painter
en,2292,14,",",PUNCT,","
en,2292,15,and,CCONJ,and
en,2292,16,nodded,VERB,nod
en,2292,17,with,ADP,with
en,2292,18,a,DET,a
en,2292,19,frown,NOUN,frown
en,2292,20,.,PUNCT,.
en,2294,0,This,DET,this
en,2294,1,business,NOUN,business
en,2294,2,seems,VERB,seem
en,2294,3,to,PART,to
en,2294,4,be,AUX,be
en,2294,5,quite,ADV,quite
en,2294,6,important,ADJ,important
en,2294,7,to,ADP,to
en,2294,8,you,PRON,you
en,2294,9,",",PUNCT,","
en,2294,10,and,CCONJ,and
en,2294,11,",",PUNCT,","
en,2294,12,of,ADP,of
en,2294,13,course,NOUN,course
en,2294,14,",",PUNCT,","
en,2294,15,I,PRON,I
en,2294,16,'m,AUX,be
en,2294,17,not,PART,not
en,2294,18,surprised,ADJ,surprised
en,2294,19,at,ADP,at
en,2294,20,that,PRON,that
en,2294,21,.,PUNCT,.
en,2318,0,There,PRON,there
en,2318,1,was,VERB,be
en,2318,2,no,DET,no
en,2318,3,counter,NOUN,counter
en,2318,4,-,NOUN,-
en,2318,5,argument,NOUN,argument
en,2318,6,that,PRON,that
en,2318,7,could,AUX,could
en,2318,8,influence,VERB,influence
en,2318,9,him,PRON,he
en,2318,10,",",PUNCT,","
en,2318,11,but,CCONJ,but
en,2318,12,although,SCONJ,although
en,2318,13,he,PRON,he
en,2318,14,had,AUX,have
en,2318,15,made,VERB,make
en,2318,16,up,ADP,up
en,2318,17,his,PRON,his
en,2318,18,mind,NOUN,mind
en,2318,19,it,PRON,it
en,2318,20,was,AUX,be
en,2318,21,not,PART,not
en,2318,22,clear,ADJ,clear
en,2318,23,whether,SCONJ,whether
en,2318,24,he,PRON,he
en,2318,25,was,AUX,be
en,2318,26,talking,VERB,talk
en,2318,27,this,DET,this
en,2318,28,way,NOUN,way
en,2318,29,because,SCONJ,because
en,2318,30,of,ADP,of
en,2318,31,conviction,NOUN,conviction
en,2318,32,or,CCONJ,or
en,2318,33,indifference,NOUN,indifference
en,2318,34,.,PUNCT,.
en,2327,0,"""",PUNCT,""""
en,2327,1,Quiet,ADJ,quiet
en,2327,2,!,PUNCT,!
en,2327,3,"""",PUNCT,""""
en,2327,4,shouted,VERB,shout
en,2327,5,the,DET,the
en,2327,6,painter,NOUN,painter
en,2327,7,at,ADP,at
en,2327,8,the,DET,the
en,2327,9,door,NOUN,door
en,2327,10,",",PUNCT,","
en,2327,11,"""",PUNCT,""""
en,2327,12,Ca,AUX,can
en,2327,13,n't,PART,not
en,2327,14,you,PRON,you
en,2327,15,see,VERB,see
en,2327,16,I,PRON,I
en,2327,17,'m,AUX,be
en,2327,18,talking,VERB,talk
en,2327,19,with,ADP,with
en,2327,20,the,DET,the
en,2327,21,gentleman,NOUN,gentleman
en,2327,22,?,PUNCT,?
en,2327,23,"""",PUNCT,""""
en,2369,0,"""",PUNCT,""""
en,2369,1,Your,PRON,your
en,2369,2,position,NOUN,position
en,2369,3,is,AUX,be
en,2369,4,quite,ADV,quite
en,2369,5,unassailable,ADJ,unassailable
en,2369,6,",",PUNCT,","
en,2369,7,then,ADV,then
en,2369,8,?,PUNCT,?
en,2369,9,"""",PUNCT,""""
en,2379,0,K.,PROPN,K.
en,2379,1,valued,VERB,value
en,2379,2,the,DET,the
en,2379,3,painter,NOUN,painter
en,2379,4,'s,PART,'s
en,2379,5,help,NOUN,help
en,2379,6,far,ADV,far
en,2379,7,more,ADV,more
en,2379,8,highly,ADV,highly
en,2379,9,because,SCONJ,because
en,2379,10,it,PRON,it
en,2379,11,was,AUX,be
en,2379,12,offered,VERB,offer
en,2379,13,in,ADP,in
en,2379,14,a,DET,a
en,2379,15,way,NOUN,way
en,2379,16,that,PRON,that
en,2379,17,was,AUX,be
en,2379,18,more,ADV,more
en,2379,19,harmless,ADJ,harmless
en,2379,20,and,CCONJ,and
en,2379,21,open,ADJ,open
en,2379,22,.,PUNCT,.
en,2387,0,At,ADP,at
en,2387,1,first,ADV,first
en,2387,2,",",PUNCT,","
en,2387,3,K.,PROPN,K.
en,2387,4,was,AUX,be
en,2387,5,astonished,VERB,astonish
en,2387,6,at,ADP,at
en,2387,7,this,DET,this
en,2387,8,orderly,ADJ,orderly
en,2387,9,explanation,NOUN,explanation
en,2387,10,",",PUNCT,","
en,2387,11,but,CCONJ,but
en,2387,12,then,ADV,then
en,2387,13,",",PUNCT,","
en,2387,14,just,ADV,just
en,2387,15,as,ADV,as
en,2387,16,quietly,ADV,quietly
en,2387,17,as,ADP,as
en,2387,18,the,DET,the
en,2387,19,painter,NOUN,painter
en,2387,20,",",PUNCT,","
en,2387,21,he,PRON,he
en,2387,22,said,VERB,say
en,2387,23,",",PUNCT,","
en,2387,24,"""",PUNCT,""""
en,2387,25,I,PRON,I
en,2387,26,think,VERB,think
en,2387,27,you,PRON,you
en,2387,28,'re,AUX,be
en,2387,29,contradicting,VERB,contradict
en,2387,30,yourself,PRON,yourself
en,2387,31,.,PUNCT,.
en,2387,32,"""",PUNCT,""""
en,2392,0,Moreover,ADV,moreover
en,2392,1,",",PUNCT,","
en,2392,2,you,PRON,you
en,2392,3,said,VERB,say
en,2392,4,earlier,ADV,early
en,2392,5,that,SCONJ,that
en,2392,6,the,DET,the
en,2392,7,judges,NOUN,judge
en,2392,8,can,AUX,can
en,2392,9,be,AUX,be
en,2392,10,influenced,VERB,influence
en,2392,11,personally,ADV,personally
en,2392,12,but,CCONJ,but
en,2392,13,now,ADV,now
en,2392,14,you,PRON,you
en,2392,15,insist,VERB,insist
en,2392,16,that,SCONJ,that
en,2392,17,an,DET,an
en,2392,18,absolute,ADJ,absolute
en,2392,19,acquittal,NOUN,acquittal
en,2392,20,",",PUNCT,","
en,2392,21,as,SCONJ,as
en,2392,22,you,PRON,you
en,2392,23,call,VERB,call
en,2392,24,it,PRON,it
en,2392,25,",",PUNCT,","
en,2392,26,can,AUX,can
en,2392,27,never,ADV,never
en,2392,28,be,AUX,be
en,2392,29,attained,VERB,attain
en,2392,30,through,ADP,through
en,2392,31,personal,ADJ,personal
en,2392,32,influence,NOUN,influence
en,2392,33,.,PUNCT,.
en,2397,0,But,CCONJ,but
en,2397,1,in,ADP,in
en,2397,2,my,PRON,my
en,2397,3,experience,NOUN,experience
en,2397,4,it,PRON,it
en,2397,5,'s,AUX,be
en,2397,6,the,DET,the
en,2397,7,other,ADJ,other
en,2397,8,way,NOUN,way
en,2397,9,round,ADV,round
en,2397,10,.,PUNCT,.
en,2403,0,"""",PUNCT,""""
en,2403,1,So,ADV,so
en,2403,2,.,PUNCT,.
en,2408,0,"""",PUNCT,""""
en,2408,1,You,PRON,you
en,2408,2,should,AUX,should
en,2408,3,n't,PART,not
en,2408,4,generalise,VERB,generalise
en,2408,5,",",PUNCT,","
en,2408,6,"""",PUNCT,""""
en,2408,7,said,VERB,say
en,2408,8,the,DET,the
en,2408,9,painter,NOUN,painter
en,2408,10,",",PUNCT,","
en,2408,11,dissatisfied,ADJ,dissatisfied
en,2408,12,",",PUNCT,","
en,2408,13,"""",PUNCT,""""
en,2408,14,I,PRON,I
en,2408,15,'ve,AUX,have
en,2408,16,only,ADV,only
en,2408,17,been,AUX,be
en,2408,18,talking,VERB,talk
en,2408,19,about,ADP,about
en,2408,20,my,PRON,my
en,2408,21,own,ADJ,own
en,2408,22,experience,NOUN,experience
en,2408,23,.,PUNCT,.
en,2408,24,"""",PUNCT,""""
en,2452,0,With,ADP,with
en,2452,1,some,DET,some
en,2452,2,irritation,NOUN,irritation
en,2452,3,he,PRON,he
en,2452,4,asked,VERB,ask
en,2452,5,",",PUNCT,","
en,2452,6,"""",PUNCT,""""
en,2452,7,What,PRON,what
en,2452,8,did,AUX,do
en,2452,9,you,PRON,you
en,2452,10,say,VERB,say
en,2452,11,the,DET,the
en,2452,12,two,NUM,two
en,2452,13,other,ADJ,other
en,2452,14,possibilities,NOUN,possibility
en,2452,15,were,AUX,be
en,2452,16,?,PUNCT,?
en,2452,17,"""",PUNCT,""""
en,2457,0,Now,ADV,now
en,2457,1,then,ADV,then
en,2457,2,",",PUNCT,","
en,2457,3,apparent,ADJ,apparent
en,2457,4,acquittal,NOUN,acquittal
en,2457,5,.,PUNCT,.
en,2464,0,The,DET,the
en,2464,1,painter,NOUN,painter
en,2464,2,'s,PART,'s
en,2464,3,eyes,NOUN,eye
en,2464,4,seemed,VERB,seem
en,2464,5,to,PART,to
en,2464,6,show,VERB,show
en,2464,7,some,DET,some
en,2464,8,reproach,NOUN,reproach
en,2464,9,of,ADP,of
en,2464,10,K.,PROPN,K.
en,2464,11,for,ADP,for
en,2464,12,wanting,VERB,want
en,2464,13,to,PART,to
en,2464,14,impose,VERB,impose
en,2464,15,that,DET,that
en,2464,16,sort,NOUN,sort
en,2464,17,of,ADP,of
en,2464,18,responsibility,NOUN,responsibility
en,2464,19,on,ADP,on
en,2464,20,him,PRON,he
en,2464,21,.,PUNCT,.
en,2483,0,We,PRON,we
en,2483,1,do,AUX,do
en,2483,2,n't,PART,not
en,2483,3,know,VERB,know
en,2483,4,how,SCONJ,how
en,2483,5,things,NOUN,thing
en,2483,6,look,VERB,look
en,2483,7,there,ADV,there
en,2483,8,and,CCONJ,and
en,2483,9,",",PUNCT,","
en,2483,10,incidentally,ADV,incidentally
en,2483,11,",",PUNCT,","
en,2483,12,we,PRON,we
en,2483,13,do,AUX,do
en,2483,14,n't,PART,not
en,2483,15,want,VERB,want
en,2483,16,to,PART,to
en,2483,17,know,VERB,know
en,2483,18,.,PUNCT,.
en,2517,0,K.,PROPN,K.
en,2517,1,nodded,VERB,nod
en,2517,2,.,PUNCT,.
en,2520,0,To,PART,to
en,2520,1,do,VERB,do
en,2520,2,that,PRON,that
en,2520,3,",",PUNCT,","
en,2520,4,the,DET,the
en,2520,5,accused,VERB,accuse
en,2520,6,and,CCONJ,and
en,2520,7,those,PRON,those
en,2520,8,helping,VERB,help
en,2520,9,him,PRON,he
en,2520,10,need,VERB,need
en,2520,11,to,PART,to
en,2520,12,keep,VERB,keep
en,2520,13,in,ADP,in
en,2520,14,continuous,ADJ,continuous
en,2520,15,personal,ADJ,personal
en,2520,16,contact,NOUN,contact
en,2520,17,with,ADP,with
en,2520,18,the,DET,the
en,2520,19,court,NOUN,court
en,2520,20,",",PUNCT,","
en,2520,21,especially,ADV,especially
en,2520,22,those,PRON,those
en,2520,23,helping,VERB,help
en,2520,24,him,PRON,he
en,2520,25,.,PUNCT,.
en,2521,0,I,PRON,I
en,2521,1,repeat,VERB,repeat
en,2521,2,",",PUNCT,","
en,2521,3,this,PRON,this
en,2521,4,does,AUX,do
en,2521,5,n't,PART,not
en,2521,6,require,VERB,require
en,2521,7,so,ADV,so
en,2521,8,much,ADJ,much
en,2521,9,effort,NOUN,effort
en,2521,10,as,ADP,as
en,2521,11,getting,VERB,get
en,2521,12,an,DET,an
en,2521,13,apparent,ADJ,apparent
en,2521,14,acquittal,NOUN,acquittal
en,2521,15,",",PUNCT,","
en,2521,16,but,CCONJ,but
en,2521,17,it,PRON,it
en,2521,18,probably,ADV,probably
en,2521,19,requires,VERB,require
en,2521,20,a,DET,a
en,2521,21,lot,NOUN,lot
en,2521,22,more,ADJ,more
en,2521,23,attention,NOUN,attention
en,2521,24,.,PUNCT,.
en,2530,0,So,ADV,so
en,2530,1,something,PRON,something
en,2530,2,needs,VERB,need
en,2530,3,to,PART,to
en,2530,4,seem,VERB,seem
en,2530,5,to,PART,to
en,2530,6,be,AUX,be
en,2530,7,happening,VERB,happen
en,2530,8,when,SCONJ,when
en,2530,9,looked,VERB,look
en,2530,10,at,ADP,at
en,2530,11,from,ADP,from
en,2530,12,the,DET,the
en,2530,13,outside,NOUN,outside
en,2530,14,.,PUNCT,.
en,2531,0,This,PRON,this
en,2531,1,means,VERB,mean
en,2531,2,that,SCONJ,that
en,2531,3,from,ADP,from
en,2531,4,time,NOUN,time
en,2531,5,to,PART,to
en,2531,6,time,NOUN,time
en,2531,7,various,ADJ,various
en,2531,8,injunctions,NOUN,injunction
en,2531,9,have,VERB,have
en,2531,10,to,PART,to
en,2531,11,be,AUX,be
en,2531,12,obeyed,VERB,obey
en,2531,13,",",PUNCT,","
en,2531,14,the,DET,the
en,2531,15,accused,VERB,accuse
en,2531,16,has,VERB,have
en,2531,17,to,PART,to
en,2531,18,be,AUX,be
en,2531,19,questioned,VERB,question
en,2531,20,",",PUNCT,","
en,2531,21,investigations,NOUN,investigation
en,2531,22,have,VERB,have
en,2531,23,to,PART,to
en,2531,24,take,VERB,take
en,2531,25,place,NOUN,place
en,2531,26,and,CCONJ,and
en,2531,27,so,ADV,so
en,2531,28,on,ADV,on
en,2531,29,.,PUNCT,.
en,2543,0,"""",PUNCT,""""
en,2543,1,Oh,INTJ,oh
en,2543,2,yes,INTJ,yes
en,2543,3,",",PUNCT,","
en,2543,4,"""",PUNCT,""""
en,2543,5,said,VERB,say
en,2543,6,K.,PROPN,K.
en,2543,7,",",PUNCT,","
en,2543,8,whose,DET,whose
en,2543,9,head,NOUN,head
en,2543,10,was,AUX,be
en,2543,11,aching,VERB,ache
en,2543,12,from,ADP,from
en,2543,13,the,DET,the
en,2543,14,effort,NOUN,effort
en,2543,15,of,ADP,of
en,2543,16,listening,VERB,listen
en,2543,17,.,PUNCT,.
en,2546,0,"""",PUNCT,""""
en,2546,1,But,CCONJ,but
en,2546,2,they,PRON,they
en,2546,3,also,ADV,also
en,2546,4,prevent,VERB,prevent
en,2546,5,his,PRON,his
en,2546,6,being,AUX,be
en,2546,7,properly,ADV,properly
en,2546,8,acquitted,VERB,acquit
en,2546,9,",",PUNCT,","
en,2546,10,"""",PUNCT,""""
en,2546,11,said,VERB,say
en,2546,12,K.,PROPN,K.
en,2546,13,quietly,ADV,quietly
en,2546,14,",",PUNCT,","
en,2546,15,as,SCONJ,as
en,2546,16,if,SCONJ,if
en,2546,17,ashamed,ADJ,ashamed
en,2546,18,to,PART,to
en,2546,19,acknowledge,VERB,acknowledge
en,2546,20,it,PRON,it
en,2546,21,.,PUNCT,.
en,2560,0,"""",PUNCT,""""
en,2560,1,Will,AUX,will
en,2560,2,you,PRON,you
en,2560,3,open,VERB,open
en,2560,4,this,DET,this
en,2560,5,door,NOUN,door
en,2560,6,for,ADP,for
en,2560,7,me,PRON,I
en,2560,8,",",PUNCT,","
en,2560,9,"""",PUNCT,""""
en,2560,10,said,VERB,say
en,2560,11,K.,PROPN,K.
en,2560,12,pulling,VERB,pull
en,2560,13,at,ADP,at
en,2560,14,the,DET,the
en,2560,15,handle,NOUN,handle
en,2560,16,which,PRON,which
en,2560,17,",",PUNCT,","
en,2560,18,as,SCONJ,as
en,2560,19,he,PRON,he
en,2560,20,noticed,VERB,notice
en,2560,21,from,ADP,from
en,2560,22,the,DET,the
en,2560,23,resistance,NOUN,resistance
en,2560,24,",",PUNCT,","
en,2560,25,was,AUX,be
en,2560,26,being,AUX,be
en,2560,27,held,VERB,hold
en,2560,28,tightly,ADV,tightly
en,2560,29,by,ADP,by
en,2560,30,the,DET,the
en,2560,31,girls,NOUN,girl
en,2560,32,on,ADP,on
en,2560,33,the,DET,the
en,2560,34,other,ADJ,other
en,2560,35,side,NOUN,side
en,2560,36,.,PUNCT,.
en,2566,0,From,ADP,from
en,2566,1,under,ADP,under
en,2566,2,the,DET,the
en,2566,3,bed,NOUN,bed
en,2566,4,",",PUNCT,","
en,2566,5,the,DET,the
en,2566,6,painter,NOUN,painter
en,2566,7,withdrew,VERB,withdraw
en,2566,8,a,DET,a
en,2566,9,pile,NOUN,pile
en,2566,10,of,ADP,of
en,2566,11,unframed,ADJ,unframed
en,2566,12,paintings,NOUN,painting
en,2566,13,.,PUNCT,.
en,2575,0,"""",PUNCT,""""
en,2575,1,You,PRON,you
en,2575,2,seem,VERB,seem
en,2575,3,to,PART,to
en,2575,4,like,VERB,like
en,2575,5,this,DET,this
en,2575,6,subject,NOUN,subject
en,2575,7,",",PUNCT,","
en,2575,8,"""",PUNCT,""""
en,2575,9,said,VERB,say
en,2575,10,the,DET,the
en,2575,11,painter,NOUN,painter
en,2575,12,",",PUNCT,","
en,2575,13,picking,VERB,pick
en,2575,14,up,ADP,up
en,2575,15,a,DET,a
en,2575,16,third,ADJ,third
en,2575,17,painting,NOUN,painting
en,2575,18,",",PUNCT,","
en,2575,19,"""",PUNCT,""""
en,2575,20,good,ADJ,good
en,2575,21,job,NOUN,job
en,2575,22,I,PRON,I
en,2575,23,'ve,AUX,have
en,2575,24,still,ADV,still
en,2575,25,got,VERB,get
en,2575,26,another,DET,another
en,2575,27,",",PUNCT,","
en,2575,28,similar,ADJ,similar
en,2575,29,picture,NOUN,picture
en,2575,30,here,ADV,here
en,2575,31,.,PUNCT,.
en,2575,32,"""",PUNCT,""""
en,2597,0,Even,ADV,even
en,2597,1,my,PRON,my
en,2597,2,studio,NOUN,studio
en,2597,3,is,AUX,be
en,2597,4,actually,ADV,actually
en,2597,5,one,NUM,one
en,2597,6,of,ADP,of
en,2597,7,the,DET,the
en,2597,8,court,NOUN,court
en,2597,9,offices,NOUN,office
en,2597,10,but,CCONJ,but
en,2597,11,the,DET,the
en,2597,12,court,NOUN,court
en,2597,13,put,VERB,put
en,2597,14,it,PRON,it
en,2597,15,at,ADP,at
en,2597,16,my,PRON,my
en,2597,17,disposal,NOUN,disposal
en,2597,18,.,PUNCT,.
en,2597,19,"""",PUNCT,""""
en,2608,0,They,PRON,they
en,2608,1,had,AUX,have
en,2608,2,nearly,ADV,nearly
en,2608,3,reached,VERB,reach
en,2608,4,the,DET,the
en,2608,5,exit,NOUN,exit
en,2608,6,when,SCONJ,when
en,2608,7,the,DET,the
en,2608,8,girls,NOUN,girl
en,2608,9,stormed,VERB,storm
en,2608,10,in,ADP,in
en,2608,11,on,ADP,on
en,2608,12,them,PRON,they
en,2608,13,",",PUNCT,","
en,2608,14,so,ADV,so
en,2608,15,K.,PROPN,K.
en,2608,16,had,AUX,have
en,2608,17,not,PART,not
en,2608,18,been,AUX,be
en,2608,19,able,ADJ,able
en,2608,20,to,PART,to
en,2608,21,avoid,VERB,avoid
en,2608,22,them,PRON,they
en,2608,23,.,PUNCT,.
en,2627,0,It,PRON,it
en,2627,1,was,AUX,be
en,2627,2,not,PART,not
en,2627,3,even,ADV,even
en,2627,4,out,ADP,out
en,2627,5,of,ADP,of
en,2627,6,the,DET,the
en,2627,7,question,NOUN,question
en,2627,8,that,SCONJ,that
en,2627,9,K.,PROPN,K.
en,2627,10,might,AUX,might
en,2627,11,",",PUNCT,","
en,2627,12,after,ADV,after
en,2627,13,all,ADV,all
en,2627,14,",",PUNCT,","
en,2627,15,be,AUX,be
en,2627,16,persuaded,VERB,persuade
en,2627,17,that,SCONJ,that
en,2627,18,it,PRON,it
en,2627,19,would,AUX,would
en,2627,20,be,AUX,be
en,2627,21,best,ADJ,good
en,2627,22,to,PART,to
en,2627,23,leave,VERB,leave
en,2627,24,his,PRON,his
en,2627,25,defence,NOUN,defence
en,2627,26,to,ADP,to
en,2627,27,the,DET,the
en,2627,28,lawyer,NOUN,lawyer
en,2627,29,and,CCONJ,and
en,2627,30,withdraw,VERB,withdraw
en,2627,31,his,PRON,his
en,2627,32,dismissal,NOUN,dismissal
en,2627,33,.,PUNCT,.
en,2644,0,"""",PUNCT,""""
en,2644,1,Is,AUX,be
en,2644,2,Leni,PROPN,Leni
en,2644,3,your,PRON,your
en,2644,4,lover,NOUN,lover
en,2644,5,?,PUNCT,?
en,2644,6,"""",PUNCT,""""
en,2644,7,asked,VERB,ask
en,2644,8,K.,PROPN,K.
en,2644,9,curtly,ADV,curtly
en,2644,10,.,PUNCT,.
en,2660,0,The,DET,the
en,2660,1,businessman,NOUN,businessman
en,2660,2,lifted,VERB,lift
en,2660,3,the,DET,the
en,2660,4,candle,NOUN,candle
en,2660,5,",",PUNCT,","
en,2660,6,blinked,VERB,blink
en,2660,7,as,SCONJ,as
en,2660,8,he,PRON,he
en,2660,9,looked,VERB,look
en,2660,10,up,ADP,up
en,2660,11,and,CCONJ,and
en,2660,12,said,VERB,say
en,2660,13,",",PUNCT,","
en,2660,14,"""",PUNCT,""""
en,2660,15,It,PRON,it
en,2660,16,'s,AUX,be
en,2660,17,a,DET,a
en,2660,18,judge,NOUN,judge
en,2660,19,.,PUNCT,.
en,2660,20,"""",PUNCT,""""
en,2664,0,"""",PUNCT,""""
en,2664,1,You,PRON,you
en,2664,2,do,AUX,do
en,2664,3,n't,PART,not
en,2664,4,have,VERB,have
en,2664,5,much,ADJ,much
en,2664,6,insight,NOUN,insight
en,2664,7,",",PUNCT,","
en,2664,8,"""",PUNCT,""""
en,2664,9,said,VERB,say
en,2664,10,K.,PROPN,K.
en,2664,11,"""",PUNCT,""""
en,2664,12,He,PRON,he
en,2664,13,is,AUX,be
en,2664,14,the,DET,the
en,2664,15,lowest,ADJ,low
en,2664,16,of,ADP,of
en,2664,17,the,DET,the
en,2664,18,lowest,ADJ,low
en,2664,19,examining,NOUN,examining
en,2664,20,judges,NOUN,judge
en,2664,21,.,PUNCT,.
en,2664,22,"""",PUNCT,""""
en,2668,0,"""",PUNCT,""""
en,2668,1,Hidden,VERB,hide
en,2668,2,?,PUNCT,?
en,2668,3,"""",PUNCT,""""
en,2668,4,said,VERB,say
en,2668,5,the,DET,the
en,2668,6,businessman,NOUN,businessman
en,2668,7,",",PUNCT,","
en,2668,8,"""",PUNCT,""""
en,2668,9,No,INTJ,no
en,2668,10,",",PUNCT,","
en,2668,11,but,CCONJ,but
en,2668,12,she,PRON,she
en,2668,13,might,AUX,might
en,2668,14,be,AUX,be
en,2668,15,in,ADP,in
en,2668,16,the,DET,the
en,2668,17,kitchen,NOUN,kitchen
en,2668,18,cooking,NOUN,cooking
en,2668,19,soup,NOUN,soup
en,2668,20,for,ADP,for
en,2668,21,the,DET,the
en,2668,22,lawyer,NOUN,lawyer
en,2668,23,.,PUNCT,.
en,2668,24,"""",PUNCT,""""
en,2675,0,"""",PUNCT,""""
en,2675,1,Good,ADJ,good
en,2675,2,evening,NOUN,evening
en,2675,3,",",PUNCT,","
en,2675,4,"""",PUNCT,""""
en,2675,5,said,VERB,say
en,2675,6,K.,PROPN,K.
en,2675,7,",",PUNCT,","
en,2675,8,pointing,VERB,point
en,2675,9,with,ADP,with
en,2675,10,one,NUM,one
en,2675,11,hand,NOUN,hand
en,2675,12,to,ADP,to
en,2675,13,a,DET,a
en,2675,14,chair,NOUN,chair
en,2675,15,in,ADP,in
en,2675,16,a,DET,a
en,2675,17,corner,NOUN,corner
en,2675,18,which,PRON,which
en,2675,19,the,DET,the
en,2675,20,businessman,NOUN,businessman
en,2675,21,was,AUX,be
en,2675,22,to,PART,to
en,2675,23,sit,VERB,sit
en,2675,24,on,ADP,on
en,2675,25,",",PUNCT,","
en,2675,26,and,CCONJ,and
en,2675,27,he,PRON,he
en,2675,28,did,AUX,do
en,2675,29,indeed,ADV,indeed
en,2675,30,sit,VERB,sit
en,2675,31,down,ADP,down
en,2675,32,on,ADP,on
en,2675,33,it,PRON,it
en,2675,34,.,PUNCT,.
en,2682,0,She,PRON,she
en,2682,1,was,AUX,be
en,2682,2,silent,ADJ,silent
en,2682,3,.,PUNCT,.
en,2692,0,"""",PUNCT,""""
en,2692,1,Nor,CCONJ,nor
en,2692,2,do,AUX,do
en,2692,3,I,PRON,I
en,2692,4,",",PUNCT,","
en,2692,5,actually,ADV,actually
en,2692,6,",",PUNCT,","
en,2692,7,"""",PUNCT,""""
en,2692,8,said,VERB,say
en,2692,9,K.,PROPN,K.
en,2692,10,",",PUNCT,","
en,2692,11,looking,VERB,look
en,2692,12,at,ADP,at
en,2692,13,the,DET,the
en,2692,14,businessman,NOUN,businessman
en,2692,15,with,ADP,with
en,2692,16,a,DET,a
en,2692,17,smile,NOUN,smile
en,2692,18,.,PUNCT,.
en,2694,0,I,PRON,I
en,2694,1,'ve,AUX,have
en,2694,2,been,AUX,be
en,2694,3,helping,VERB,help
en,2694,4,him,PRON,he
en,2694,5,a,DET,a
en,2694,6,little,ADJ,little
en,2694,7,bit,NOUN,bit
en,2694,8,because,SCONJ,because
en,2694,9,he,PRON,he
en,2694,10,'s,AUX,be
en,2694,11,an,DET,an
en,2694,12,important,ADJ,important
en,2694,13,client,NOUN,client
en,2694,14,of,ADP,of
en,2694,15,the,DET,the
en,2694,16,lawyer,NOUN,lawyer
en,2694,17,'s,PART,'s
en,2694,18,",",PUNCT,","
en,2694,19,and,CCONJ,and
en,2694,20,no,DET,no
en,2694,21,other,ADJ,other
en,2694,22,reason,NOUN,reason
en,2694,23,.,PUNCT,.
en,2699,0,It,PRON,it
en,2699,1,'s,AUX,be
en,2699,2,so,ADV,so
en,2699,3,long,ADV,long
en,2699,4,since,SCONJ,since
en,2699,5,you,PRON,you
en,2699,6,were,AUX,be
en,2699,7,last,ADJ,last
en,2699,8,here,ADV,here
en,2699,9,",",PUNCT,","
en,2699,10,even,ADV,even
en,2699,11,the,DET,the
en,2699,12,lawyer,NOUN,lawyer
en,2699,13,has,AUX,have
en,2699,14,been,AUX,be
en,2699,15,asking,VERB,ask
en,2699,16,about,ADP,about
en,2699,17,you,PRON,you
en,2699,18,.,PUNCT,.
en,2747,0,"""",PUNCT,""""
en,2747,1,Five,NUM,five
en,2747,2,!,PUNCT,!
en,2747,3,"""",PUNCT,""""
en,2747,4,exclaimed,VERB,exclaim
en,2747,5,K.,PROPN,K.
en,2747,6,",",PUNCT,","
en,2747,7,astonished,VERB,astonish
en,2747,8,at,ADP,at
en,2747,9,this,DET,this
en,2747,10,number,NOUN,number
en,2747,11,",",PUNCT,","
en,2747,12,"""",PUNCT,""""
en,2747,13,Five,NUM,five
en,2747,14,lawyers,NOUN,lawyer
en,2747,15,besides,SCONJ,besides
en,2747,16,this,DET,this
en,2747,17,one,NOUN,one
en,2747,18,?,PUNCT,?
en,2747,19,"""",PUNCT,""""
en,2766,0,You,PRON,you
en,2766,1,know,VERB,know
en,2766,2,yourself,PRON,yourself
en,2766,3,what,PRON,what
en,2766,4,the,DET,the
en,2766,5,air,NOUN,air
en,2766,6,is,AUX,be
en,2766,7,like,ADP,like
en,2766,8,in,ADP,in
en,2766,9,those,DET,those
en,2766,10,offices,NOUN,office
en,2766,11,.,PUNCT,.
en,2766,12,"""",PUNCT,""""
en,2777,0,"""",PUNCT,""""
en,2777,1,No,INTJ,no
en,2777,2,",",PUNCT,","
en,2777,3,"""",PUNCT,""""
en,2777,4,said,VERB,say
en,2777,5,the,DET,the
en,2777,6,businessman,NOUN,businessman
en,2777,7,",",PUNCT,","
en,2777,8,"""",PUNCT,""""
en,2777,9,we,PRON,we
en,2777,10,were,AUX,be
en,2777,11,greeting,VERB,greet
en,2777,12,the,DET,the
en,2777,13,servant,NOUN,servant
en,2777,14,of,ADP,of
en,2777,15,the,DET,the
en,2777,16,court,NOUN,court
en,2777,17,.,PUNCT,.
en,2797,0,"""",PUNCT,""""
en,2797,1,I,PRON,I
en,2797,2,can,AUX,can
en,2797,3,see,VERB,see
en,2797,4,nothing,PRON,nothing
en,2797,5,special,ADJ,special
en,2797,6,about,ADP,about
en,2797,7,my,PRON,my
en,2797,8,lips,NOUN,lip
en,2797,9,.,PUNCT,.
en,2805,0,And,CCONJ,and
en,2805,1,they,PRON,they
en,2805,2,do,AUX,do
en,2805,3,n't,PART,not
en,2805,4,have,VERB,have
en,2805,5,much,ADJ,much
en,2805,6,in,ADP,in
en,2805,7,common,ADJ,common
en,2805,8,either,ADV,either
en,2805,9,.,PUNCT,.
en,2808,0,Each,DET,each
en,2808,1,case,NOUN,case
en,2808,2,is,AUX,be
en,2808,3,examined,VERB,examine
en,2808,4,separately,ADV,separately
en,2808,5,",",PUNCT,","
en,2808,6,the,DET,the
en,2808,7,court,NOUN,court
en,2808,8,is,AUX,be
en,2808,9,very,ADV,very
en,2808,10,painstaking,ADJ,painstaking
en,2808,11,.,PUNCT,.
en,2830,0,On,ADP,on
en,2830,1,the,DET,the
en,2830,2,one,NUM,one
en,2830,3,hand,NOUN,hand
en,2830,4,he,PRON,he
en,2830,5,did,AUX,do
en,2830,6,not,PART,not
en,2830,7,want,VERB,want
en,2830,8,her,PRON,she
en,2830,9,to,PART,to
en,2830,10,come,VERB,come
en,2830,11,back,ADV,back
en,2830,12,too,ADV,too
en,2830,13,soon,ADV,soon
en,2830,14,as,SCONJ,as
en,2830,15,he,PRON,he
en,2830,16,still,ADV,still
en,2830,17,had,VERB,have
en,2830,18,many,ADJ,many
en,2830,19,questions,NOUN,question
en,2830,20,to,PART,to
en,2830,21,ask,VERB,ask
en,2830,22,and,CCONJ,and
en,2830,23,did,AUX,do
en,2830,24,not,PART,not
en,2830,25,want,VERB,want
en,2830,26,her,PRON,she
en,2830,27,to,PART,to
en,2830,28,find,VERB,find
en,2830,29,him,PRON,he
en,2830,30,in,ADP,in
en,2830,31,this,DET,this
en,2830,32,intimate,ADJ,intimate
en,2830,33,discussion,NOUN,discussion
en,2830,34,with,ADP,with
en,2830,35,the,DET,the
en,2830,36,businessman,NOUN,businessman
en,2830,37,",",PUNCT,","
en,2830,38,but,CCONJ,but
en,2830,39,on,ADP,on
en,2830,40,the,DET,the
en,2830,41,other,ADJ,other
en,2830,42,hand,NOUN,hand
en,2830,43,it,PRON,it
en,2830,44,irritated,VERB,irritate
en,2830,45,him,PRON,he
en,2830,46,that,SCONJ,that
en,2830,47,she,PRON,she
en,2830,48,stayed,VERB,stay
en,2830,49,so,ADV,so
en,2830,50,long,ADV,long
en,2830,51,with,ADP,with
en,2830,52,the,DET,the
en,2830,53,lawyer,NOUN,lawyer
en,2830,54,when,SCONJ,when
en,2830,55,K.,PROPN,K.
en,2830,56,was,AUX,be
en,2830,57,there,ADV,there
en,2830,58,",",PUNCT,","
en,2830,59,much,ADV,much
en,2830,60,longer,ADV,long
en,2830,61,than,SCONJ,than
en,2830,62,she,PRON,she
en,2830,63,needed,VERB,need
en,2830,64,to,PART,to
en,2830,65,give,VERB,give
en,2830,66,him,PRON,he
en,2830,67,his,PRON,his
en,2830,68,soup,NOUN,soup
en,2830,69,.,PUNCT,.
en,2838,0,I,PRON,I
en,2838,1,see,VERB,see
en,2838,2,now,ADV,now
en,2838,3,that,SCONJ,that
en,2838,4,he,PRON,he
en,2838,5,'s,AUX,be
en,2838,6,been,AUX,be
en,2838,7,neglecting,VERB,neglect
en,2838,8,me,PRON,I
en,2838,9,quite,ADV,quite
en,2838,10,disgracefully,ADV,disgracefully
en,2838,11,.,PUNCT,.
en,2838,12,"""",PUNCT,""""
en,2859,0,This,DET,this
en,2859,1,one,NOUN,one
en,2859,2,and,CCONJ,and
en,2859,3,his,PRON,his
en,2859,4,colleagues,NOUN,colleague
en,2859,5,are,AUX,be
en,2859,6,only,ADV,only
en,2859,7,minor,ADJ,minor
en,2859,8,lawyers,NOUN,lawyer
en,2859,9,",",PUNCT,","
en,2859,10,and,CCONJ,and
en,2859,11,the,DET,the
en,2859,12,difference,NOUN,difference
en,2859,13,in,ADP,in
en,2859,14,rank,NOUN,rank
en,2859,15,between,ADP,between
en,2859,16,them,PRON,they
en,2859,17,and,CCONJ,and
en,2859,18,the,DET,the
en,2859,19,great,ADJ,great
en,2859,20,lawyers,NOUN,lawyer
en,2859,21,",",PUNCT,","
en,2859,22,who,PRON,who
en,2859,23,I,PRON,I
en,2859,24,'ve,AUX,have
en,2859,25,only,ADV,only
en,2859,26,ever,ADV,ever
en,2859,27,heard,VERB,hear
en,2859,28,about,ADP,about
en,2859,29,and,CCONJ,and
en,2859,30,never,ADV,never
en,2859,31,seen,VERB,see
en,2859,32,",",PUNCT,","
en,2859,33,is,AUX,be
en,2859,34,incomparably,ADV,incomparably
en,2859,35,greater,ADJ,great
en,2859,36,than,ADP,than
en,2859,37,between,ADP,between
en,2859,38,the,DET,the
en,2859,39,minor,ADJ,minor
en,2859,40,lawyers,NOUN,lawyer
en,2859,41,and,CCONJ,and
en,2859,42,the,DET,the
en,2859,43,despised,ADJ,despised
en,2859,44,petty,ADJ,petty
en,2859,45,lawyers,NOUN,lawyer
en,2859,46,.,PUNCT,.
en,2859,47,"""",PUNCT,""""
en,2866,0,I,PRON,I
en,2866,1,do,AUX,do
en,2866,2,n't,PART,not
en,2866,3,know,VERB,know
en,2866,4,of,ADP,of
en,2866,5,any,DET,any
en,2866,6,case,NOUN,case
en,2866,7,I,PRON,I
en,2866,8,can,AUX,can
en,2866,9,talk,VERB,talk
en,2866,10,about,ADP,about
en,2866,11,with,ADP,with
en,2866,12,certainty,NOUN,certainty
en,2866,13,where,SCONJ,where
en,2866,14,they,PRON,they
en,2866,15,'ve,AUX,have
en,2866,16,taken,VERB,take
en,2866,17,any,DET,any
en,2866,18,part,NOUN,part
en,2866,19,.,PUNCT,.
en,2870,0,But,CCONJ,but
en,2870,1,that,SCONJ,that
en,2870,2,",",PUNCT,","
en,2870,3,of,ADP,of
en,2870,4,course,NOUN,course
en,2870,5,",",PUNCT,","
en,2870,6,would,AUX,would
en,2870,7,be,AUX,be
en,2870,8,the,DET,the
en,2870,9,stupidest,ADJ,stupid
en,2870,10,thing,NOUN,thing
en,2870,11,you,PRON,you
en,2870,12,could,AUX,could
en,2870,13,do,VERB,do
en,2870,14,",",PUNCT,","
en,2870,15,and,CCONJ,and
en,2870,16,you,PRON,you
en,2870,17,would,AUX,would
en,2870,18,n't,PART,not
en,2870,19,be,AUX,be
en,2870,20,left,VERB,leave
en,2870,21,in,ADP,in
en,2870,22,peace,NOUN,peace
en,2870,23,in,ADP,in
en,2870,24,bed,NOUN,bed
en,2870,25,for,ADP,for
en,2870,26,very,ADV,very
en,2870,27,long,ADV,long
en,2870,28,either,ADV,either
en,2870,29,.,PUNCT,.
en,2870,30,"""",PUNCT,""""
en,2879,0,"""",PUNCT,""""
en,2879,1,Carry,VERB,carry
en,2879,2,on,ADP,on
en,2879,3,",",PUNCT,","
en,2879,4,then,ADV,then
en,2879,5,",",PUNCT,","
en,2879,6,carry,VERB,carry
en,2879,7,on,ADP,on
en,2879,8,",",PUNCT,","
en,2879,9,"""",PUNCT,""""
en,2879,10,she,PRON,she
en,2879,11,said,VERB,say
en,2879,12,.,PUNCT,.
en,2882,0,Leni,PROPN,Leni
en,2882,1,was,AUX,be
en,2882,2,probably,ADV,probably
en,2882,3,wrong,ADJ,wrong
en,2882,4,about,ADP,about
en,2882,5,him,PRON,he
en,2882,6,.,PUNCT,.
en,2886,0,"""",PUNCT,""""
en,2886,1,Yes,INTJ,yes
en,2886,2,",",PUNCT,","
en,2886,3,the,DET,the
en,2886,4,petty,ADJ,petty
en,2886,5,lawyers,NOUN,lawyer
en,2886,6,",",PUNCT,","
en,2886,7,"""",PUNCT,""""
en,2886,8,said,VERB,say
en,2886,9,the,DET,the
en,2886,10,businessman,NOUN,businessman
en,2886,11,",",PUNCT,","
en,2886,12,putting,VERB,put
en,2886,13,his,PRON,his
en,2886,14,hand,NOUN,hand
en,2886,15,to,ADP,to
en,2886,16,his,PRON,his
en,2886,17,brow,NOUN,brow
en,2886,18,as,SCONJ,as
en,2886,19,if,SCONJ,if
en,2886,20,thinking,VERB,think
en,2886,21,hard,ADV,hard
en,2886,22,.,PUNCT,.
en,2891,0,"""",PUNCT,""""
en,2891,1,Course,NOUN,course
en,2891,2,I,PRON,I
en,2891,3,have,VERB,have
en,2891,4,",",PUNCT,","
en,2891,5,"""",PUNCT,""""
en,2891,6,she,PRON,she
en,2891,7,said,VERB,say
en,2891,8,",",PUNCT,","
en,2891,9,"""",PUNCT,""""
en,2891,10,he,PRON,he
en,2891,11,'s,AUX,be
en,2891,12,waiting,VERB,wait
en,2891,13,for,ADP,for
en,2891,14,you,PRON,you
en,2891,15,.,PUNCT,.
en,2897,0,"""",PUNCT,""""
en,2897,1,He,PRON,he
en,2897,2,sleeps,VERB,sleep
en,2897,3,here,ADV,here
en,2897,4,?,PUNCT,?
en,2897,5,"""",PUNCT,""""
en,2897,6,exclaimed,VERB,exclaim
en,2897,7,K.,PROPN,K.
en,2897,8,",",PUNCT,","
en,2897,9,he,PRON,he
en,2897,10,had,AUX,have
en,2897,11,thought,VERB,think
en,2897,12,the,DET,the
en,2897,13,businessman,NOUN,businessman
en,2897,14,would,AUX,would
en,2897,15,just,ADV,just
en,2897,16,wait,VERB,wait
en,2897,17,there,ADV,there
en,2897,18,for,ADP,for
en,2897,19,him,PRON,he
en,2897,20,while,SCONJ,while
en,2897,21,he,PRON,he
en,2897,22,quickly,ADV,quickly
en,2897,23,settled,VERB,settle
en,2897,24,his,PRON,his
en,2897,25,business,NOUN,business
en,2897,26,with,ADP,with
en,2897,27,the,DET,the
en,2897,28,lawyer,NOUN,lawyer
en,2897,29,",",PUNCT,","
en,2897,30,and,CCONJ,and
en,2897,31,then,ADV,then
en,2897,32,they,PRON,they
en,2897,33,would,AUX,would
en,2897,34,leave,VERB,leave
en,2897,35,together,ADV,together
en,2897,36,to,PART,to
en,2897,37,discuss,VERB,discuss
en,2897,38,everything,PRON,everything
en,2897,39,thoroughly,ADV,thoroughly
en,2897,40,and,CCONJ,and
en,2897,41,undisturbed,ADJ,undisturbed
en,2897,42,.,PUNCT,.
en,2914,0,she,PRON,she
en,2914,1,said,VERB,say
en,2914,2,",",PUNCT,","
en,2914,3,turning,VERB,turn
en,2914,4,to,PART,to
en,2914,5,face,VERB,face
en,2914,6,K.,PROPN,K.
en,2921,0,And,CCONJ,and
en,2921,1,if,SCONJ,if
en,2921,2,Block,PROPN,Block
en,2921,3,is,AUX,be
en,2921,4,n't,PART,not
en,2921,5,on,ADP,on
en,2921,6,the,DET,the
en,2921,7,spot,NOUN,spot
en,2921,8,when,SCONJ,when
en,2921,9,he,PRON,he
en,2921,10,'s,AUX,be
en,2921,11,called,VERB,call
en,2921,12,then,ADV,then
en,2921,13,everything,PRON,everything
en,2921,14,'s,AUX,be
en,2921,15,lost,VERB,lose
en,2921,16,and,CCONJ,and
en,2921,17,it,PRON,it
en,2921,18,all,PRON,all
en,2921,19,has,VERB,have
en,2921,20,to,PART,to
en,2921,21,start,VERB,start
en,2921,22,all,ADV,all
en,2921,23,over,ADV,over
en,2921,24,again,ADV,again
en,2921,25,.,PUNCT,.
en,2940,0,he,PRON,he
en,2940,1,called,VERB,call
en,2940,2,out,ADP,out
en,2940,3,to,ADP,to
en,2940,4,Leni,PROPN,Leni
en,2940,5,",",PUNCT,","
en,2940,6,who,PRON,who
en,2940,7,seemed,VERB,seem
en,2940,8,to,PART,to
en,2940,9,understand,VERB,understand
en,2940,10,him,PRON,he
en,2940,11,.,PUNCT,.
en,2952,0,Leni,PROPN,Leni
en,2952,1,tried,VERB,try
en,2952,2,to,PART,to
en,2952,3,rush,VERB,rush
en,2952,4,at,ADP,at
en,2952,5,K.,PROPN,K.
en,2952,6,but,CCONJ,but
en,2952,7,the,DET,the
en,2952,8,businessman,NOUN,businessman
en,2952,9,got,VERB,get
en,2952,10,in,ADP,in
en,2952,11,her,PRON,her
en,2952,12,way,NOUN,way
en,2952,13,so,SCONJ,so
en,2952,14,that,SCONJ,that
en,2952,15,she,PRON,she
en,2952,16,shoved,VERB,shove
en,2952,17,him,PRON,he
en,2952,18,away,ADV,away
en,2952,19,with,ADP,with
en,2952,20,her,PRON,her
en,2952,21,fists,NOUN,fist
en,2952,22,.,PUNCT,.
en,2963,0,"""",PUNCT,""""
en,2963,1,Sit,VERB,sit
en,2963,2,down,ADP,down
en,2963,3,",",PUNCT,","
en,2963,4,"""",PUNCT,""""
en,2963,5,he,PRON,he
en,2963,6,said,VERB,say
en,2963,7,.,PUNCT,.
en,2969,0,"""",PUNCT,""""
en,2969,1,Importunate,PROPN,Importunate
en,2969,2,?,PUNCT,?
en,2969,3,"""",PUNCT,""""
en,2969,4,asked,VERB,ask
en,2969,5,K.,PROPN,K.
en,2969,6,"""",PUNCT,""""
en,2969,7,Yes,INTJ,yes
en,2969,8,",",PUNCT,","
en,2969,9,"""",PUNCT,""""
en,2969,10,said,VERB,say
en,2969,11,the,DET,the
en,2969,12,lawyer,NOUN,lawyer
en,2969,13,",",PUNCT,","
en,2969,14,laughing,VERB,laugh
en,2969,15,as,SCONJ,as
en,2969,16,he,PRON,he
en,2969,17,did,VERB,do
en,2969,18,so,ADV,so
en,2969,19,",",PUNCT,","
en,2969,20,had,VERB,have
en,2969,21,a,DET,a
en,2969,22,fit,NOUN,fit
en,2969,23,of,ADP,of
en,2969,24,coughing,VERB,cough
en,2969,25,and,CCONJ,and
en,2969,26,then,ADV,then
en,2969,27,",",PUNCT,","
en,2969,28,once,SCONJ,once
en,2969,29,it,PRON,it
en,2969,30,had,AUX,have
en,2969,31,passed,VERB,pass
en,2969,32,",",PUNCT,","
en,2969,33,began,VERB,begin
en,2969,34,to,PART,to
en,2969,35,laugh,VERB,laugh
en,2969,36,again,ADV,again
en,2969,37,.,PUNCT,.
en,2975,0,Anyway,ADV,anyway
en,2975,1,",",PUNCT,","
en,2975,2,perhaps,ADV,perhaps
en,2975,3,I,PRON,I
en,2975,4,should,AUX,should
en,2975,5,at,ADP,at
en,2975,6,least,ADJ,least
en,2975,7,explain,VERB,explain
en,2975,8,this,DET,this
en,2975,9,peculiarity,NOUN,peculiarity
en,2975,10,of,ADP,of
en,2975,11,hers,PRON,hers
en,2975,12,to,ADP,to
en,2975,13,you,PRON,you
en,2975,14,",",PUNCT,","
en,2975,15,but,CCONJ,but
en,2975,16,you,PRON,you
en,2975,17,seem,VERB,seem
en,2975,18,rather,ADV,rather
en,2975,19,disturbed,ADJ,disturbed
en,2975,20,",",PUNCT,","
en,2975,21,the,DET,the
en,2975,22,way,NOUN,way
en,2975,23,you,PRON,you
en,2975,24,'re,AUX,be
en,2975,25,looking,VERB,look
en,2975,26,at,ADP,at
en,2975,27,me,PRON,I
en,2975,28,",",PUNCT,","
en,2975,29,and,CCONJ,and
en,2975,30,so,ADV,so
en,2975,31,that,PRON,that
en,2975,32,'s,AUX,be
en,2975,33,why,SCONJ,why
en,2975,34,I,PRON,I
en,2975,35,'ll,AUX,will
en,2975,36,do,VERB,do
en,2975,37,it,PRON,it
en,2975,38,",",PUNCT,","
en,2975,39,this,DET,this
en,2975,40,peculiarity,NOUN,peculiarity
en,2975,41,of,ADP,of
en,2975,42,hers,PRON,hers
en,2975,43,consists,VERB,consist
en,2975,44,in,ADP,in
en,2975,45,this,PRON,this
en,2975,46,:,PUNCT,:
en,2975,47,Leni,PROPN,Leni
en,2975,48,finds,VERB,find
en,2975,49,most,ADJ,most
en,2975,50,of,ADP,of
en,2975,51,the,DET,the
en,2975,52,accused,VERB,accuse
en,2975,53,attractive,ADJ,attractive
en,2975,54,.,PUNCT,.
en,3013,0,"""",PUNCT,""""
en,3013,1,When,SCONJ,when
en,3013,2,I,PRON,I
en,3013,3,first,ADV,first
en,3013,4,came,VERB,come
en,3013,5,here,ADV,here
en,3013,6,with,ADP,with
en,3013,7,my,PRON,my
en,3013,8,uncle,NOUN,uncle
en,3013,9,you,PRON,you
en,3013,10,probably,ADV,probably
en,3013,11,noticed,VERB,notice
en,3013,12,I,PRON,I
en,3013,13,was,AUX,be
en,3013,14,n't,PART,not
en,3013,15,greatly,ADV,greatly
en,3013,16,concerned,ADJ,concerned
en,3013,17,about,ADP,about
en,3013,18,my,PRON,my
en,3013,19,case,NOUN,case
en,3013,20,",",PUNCT,","
en,3013,21,and,CCONJ,and
en,3013,22,if,SCONJ,if
en,3013,23,I,PRON,I
en,3013,24,was,AUX,be
en,3013,25,n't,PART,not
en,3013,26,reminded,VERB,remind
en,3013,27,of,ADP,of
en,3013,28,it,PRON,it
en,3013,29,by,ADP,by
en,3013,30,force,NOUN,force
en,3013,31,",",PUNCT,","
en,3013,32,as,SCONJ,as
en,3013,33,it,PRON,it
en,3013,34,were,AUX,be
en,3013,35,",",PUNCT,","
en,3013,36,I,PRON,I
en,3013,37,would,AUX,would
en,3013,38,forget,VERB,forget
en,3013,39,about,ADP,about
en,3013,40,it,PRON,it
en,3013,41,completely,ADV,completely
en,3013,42,.,PUNCT,.
en,3027,0,You,PRON,you
en,3027,1,do,AUX,do
en,3027,2,n't,PART,not
en,3027,3,make,VERB,make
en,3027,4,it,PRON,it
en,3027,5,easy,ADJ,easy
en,3027,6,for,ADP,for
en,3027,7,me,PRON,I
en,3027,8,.,PUNCT,.
en,3027,9,"""",PUNCT,""""
en,3041,0,But,CCONJ,but
en,3041,1,the,DET,the
en,3041,2,decision,NOUN,decision
en,3041,3,to,PART,to
en,3041,4,do,AUX,do
en,3041,5,all,DET,all
en,3041,6,the,DET,the
en,3041,7,work,NOUN,work
en,3041,8,myself,PRON,myself
en,3041,9,had,VERB,have
en,3041,10,its,PRON,its
en,3041,11,obvious,ADJ,obvious
en,3041,12,result,NOUN,result
en,3041,13,:,PUNCT,:
en,3041,14,I,PRON,I
en,3041,15,was,AUX,be
en,3041,16,forced,VERB,force
en,3041,17,to,PART,to
en,3041,18,turn,VERB,turn
en,3041,19,almost,ADV,almost
en,3041,20,everyone,PRON,everyone
en,3041,21,away,ADV,away
en,3041,22,who,PRON,who
en,3041,23,asked,VERB,ask
en,3041,24,me,PRON,I
en,3041,25,to,PART,to
en,3041,26,represent,VERB,represent
en,3041,27,them,PRON,they
en,3041,28,and,CCONJ,and
en,3041,29,could,AUX,could
en,3041,30,only,ADV,only
en,3041,31,accept,VERB,accept
en,3041,32,those,PRON,those
en,3041,33,I,PRON,I
en,3041,34,was,AUX,be
en,3041,35,especially,ADV,especially
en,3041,36,interested,ADJ,interested
en,3041,37,in,ADP,in
en,3041,38,--,PUNCT,--
en,3041,39,well,INTJ,well
en,3041,40,there,PRON,there
en,3041,41,are,VERB,be
en,3041,42,enough,ADJ,enough
en,3041,43,creatures,NOUN,creature
en,3041,44,who,PRON,who
en,3041,45,leap,VERB,leap
en,3041,46,at,ADP,at
en,3041,47,every,DET,every
en,3041,48,crumb,NOUN,crumb
en,3041,49,I,PRON,I
en,3041,50,throw,VERB,throw
en,3041,51,down,ADP,down
en,3041,52,",",PUNCT,","
en,3041,53,and,CCONJ,and
en,3041,54,they,PRON,they
en,3041,55,'re,AUX,be
en,3041,56,not,PART,not
en,3041,57,so,ADV,so
en,3041,58,very,ADV,very
en,3041,59,far,ADV,far
en,3041,60,away,ADV,away
en,3041,61,.,PUNCT,.
en,3043,0,But,CCONJ,but
en,3043,1,despite,SCONJ,despite
en,3043,2,that,PRON,that
en,3043,3,I,PRON,I
en,3043,4,do,AUX,do
en,3043,5,n't,PART,not
en,3043,6,regret,VERB,regret
en,3043,7,my,PRON,my
en,3043,8,decision,NOUN,decision
en,3043,9,",",PUNCT,","
en,3043,10,quite,ADV,quite
en,3043,11,possibly,ADV,possibly
en,3043,12,I,PRON,I
en,3043,13,should,AUX,should
en,3043,14,have,AUX,have
en,3043,15,turned,VERB,turn
en,3043,16,more,ADJ,more
en,3043,17,cases,NOUN,case
en,3043,18,away,ADV,away
en,3043,19,than,SCONJ,than
en,3043,20,I,PRON,I
en,3043,21,did,VERB,do
en,3043,22,",",PUNCT,","
en,3043,23,but,CCONJ,but
en,3043,24,it,PRON,it
en,3043,25,did,AUX,do
en,3043,26,turn,VERB,turn
en,3043,27,out,ADP,out
en,3043,28,to,PART,to
en,3043,29,be,AUX,be
en,3043,30,entirely,ADV,entirely
en,3043,31,necessary,ADJ,necessary
en,3043,32,for,SCONJ,for
en,3043,33,me,PRON,I
en,3043,34,to,PART,to
en,3043,35,devote,VERB,devote
en,3043,36,myself,PRON,myself
en,3043,37,fully,ADV,fully
en,3043,38,to,ADP,to
en,3043,39,the,DET,the
en,3043,40,cases,NOUN,case
en,3043,41,I,PRON,I
en,3043,42,did,AUX,do
en,3043,43,take,VERB,take
en,3043,44,on,ADP,on
en,3043,45,",",PUNCT,","
en,3043,46,and,CCONJ,and
en,3043,47,the,DET,the
en,3043,48,successful,ADJ,successful
en,3043,49,results,NOUN,result
en,3043,50,showed,VERB,show
en,3043,51,that,SCONJ,that
en,3043,52,it,PRON,it
en,3043,53,was,AUX,be
en,3043,54,worth,ADJ,worth
en,3043,55,it,PRON,it
en,3043,56,.,PUNCT,.
en,3053,0,"""",PUNCT,""""
en,3053,1,That,PRON,that
en,3053,2,'s,AUX,be
en,3053,3,just,ADV,just
en,3053,4,what,PRON,what
en,3053,5,I,PRON,I
en,3053,6,thought,VERB,think
en,3053,7,",",PUNCT,","
en,3053,8,"""",PUNCT,""""
en,3053,9,said,VERB,say
en,3053,10,K.,PROPN,K.
en,3053,11,",",PUNCT,","
en,3053,12,"""",PUNCT,""""
en,3053,13,and,CCONJ,and
en,3053,14,now,ADV,now
en,3053,15,you,PRON,you
en,3053,16,do,AUX,do
en,3053,17,n't,PART,not
en,3053,18,need,VERB,need
en,3053,19,to,PART,to
en,3053,20,say,VERB,say
en,3053,21,another,DET,another
en,3053,22,word,NOUN,word
en,3053,23,.,PUNCT,.
en,3053,24,"""",PUNCT,""""
en,3059,0,"""",PUNCT,""""
en,3059,1,Be,AUX,be
en,3059,2,glad,ADJ,glad
en,3059,3,to,PART,to
en,3059,4,",",PUNCT,","
en,3059,5,"""",PUNCT,""""
en,3059,6,said,VERB,say
en,3059,7,K.,PROPN,K.
en,3059,8,",",PUNCT,","
en,3059,9,and,CCONJ,and
en,3059,10,did,VERB,do
en,3059,11,as,SCONJ,as
en,3059,12,the,DET,the
en,3059,13,lawyer,NOUN,lawyer
en,3059,14,suggested,VERB,suggest
en,3059,15,;,PUNCT,;
en,3059,16,he,PRON,he
en,3059,17,was,AUX,be
en,3059,18,always,ADV,always
en,3059,19,ready,ADJ,ready
en,3059,20,to,PART,to
en,3059,21,learn,VERB,learn
en,3059,22,something,PRON,something
en,3059,23,new,ADJ,new
en,3059,24,.,PUNCT,.
en,3077,0,Leni,PROPN,Leni
en,3077,1,was,AUX,be
en,3077,2,also,ADV,also
en,3077,3,silent,ADJ,silent
en,3077,4,.,PUNCT,.
en,3086,0,asked,VERB,ask
en,3086,1,Block,PROPN,Block
en,3086,2,",",PUNCT,","
en,3086,3,more,ADJ,more
en,3086,4,to,ADP,to
en,3086,5,himself,PRON,himself
en,3086,6,than,ADP,than
en,3086,7,the,DET,the
en,3086,8,lawyer,NOUN,lawyer
en,3086,9,.,PUNCT,.
en,3095,0,It,PRON,it
en,3095,1,was,AUX,be
en,3095,2,as,SCONJ,as
en,3095,3,if,SCONJ,if
en,3095,4,the,DET,the
en,3095,5,lawyer,NOUN,lawyer
en,3095,6,had,AUX,have
en,3095,7,not,PART,not
en,3095,8,done,VERB,do
en,3095,9,as,SCONJ,as
en,3095,10,Block,PROPN,Block
en,3095,11,had,AUX,have
en,3095,12,wanted,VERB,want
en,3095,13,but,CCONJ,but
en,3095,14,instead,ADV,instead
en,3095,15,threatened,VERB,threaten
en,3095,16,him,PRON,he
en,3095,17,with,ADP,with
en,3095,18,a,DET,a
en,3095,19,stick,NOUN,stick
en,3095,20,",",PUNCT,","
en,3095,21,as,SCONJ,as
en,3095,22,now,ADV,now
en,3095,23,Block,PROPN,Block
en,3095,24,really,ADV,really
en,3095,25,began,VERB,begin
en,3095,26,to,PART,to
en,3095,27,shake,VERB,shake
en,3095,28,.,PUNCT,.
en,3102,0,It,PRON,it
en,3102,1,was,AUX,be
en,3102,2,not,PART,not
en,3102,3,love,NOUN,love
en,3102,4,that,PRON,that
en,3102,5,made,VERB,make
en,3102,6,him,PRON,he
en,3102,7,squeeze,VERB,squeeze
en,3102,8,it,PRON,it
en,3102,9,and,CCONJ,and
en,3102,10,hold,VERB,hold
en,3102,11,on,ADP,on
en,3102,12,to,ADP,to
en,3102,13,it,PRON,it
en,3102,14,so,ADV,so
en,3102,15,tightly,ADV,tightly
en,3102,16,",",PUNCT,","
en,3102,17,she,PRON,she
en,3102,18,sighed,VERB,sigh
en,3102,19,frequently,ADV,frequently
en,3102,20,and,CCONJ,and
en,3102,21,tried,VERB,try
en,3102,22,to,PART,to
en,3102,23,disengage,VERB,disengage
en,3102,24,her,PRON,her
en,3102,25,hands,NOUN,hand
en,3102,26,from,ADP,from
en,3102,27,him,PRON,he
en,3102,28,.,PUNCT,.
en,3105,0,"""",PUNCT,""""
en,3105,1,And,CCONJ,and
en,3105,2,who,PRON,who
en,3105,3,besides,SCONJ,besides
en,3105,4,me,PRON,I
en,3105,5,?,PUNCT,?
en,3105,6,"""",PUNCT,""""
en,3105,7,the,DET,the
en,3105,8,lawyer,NOUN,lawyer
en,3105,9,asked,VERB,ask
en,3105,10,.,PUNCT,.
en,3112,0,"""",PUNCT,""""
en,3112,1,You,PRON,you
en,3112,2,can,AUX,can
en,3112,3,kneel,VERB,kneel
en,3112,4,down,ADP,down
en,3112,5,or,CCONJ,or
en,3112,6,creep,VERB,creep
en,3112,7,on,ADP,on
en,3112,8,all,DET,all
en,3112,9,fours,NOUN,four
en,3112,10,",",PUNCT,","
en,3112,11,whatever,PRON,whatever
en,3112,12,you,PRON,you
en,3112,13,like,VERB,like
en,3112,14,.,PUNCT,.
en,3149,0,"""",PUNCT,""""
en,3149,1,I,PRON,I
en,3149,2,'m,AUX,be
en,3149,3,rather,ADV,rather
en,3149,4,wary,ADJ,wary
en,3149,5,of,ADP,of
en,3149,6,telling,VERB,tell
en,3149,7,him,PRON,he
en,3149,8,",",PUNCT,","
en,3149,9,"""",PUNCT,""""
en,3149,10,said,VERB,say
en,3149,11,the,DET,the
en,3149,12,lawyer,NOUN,lawyer
en,3149,13,",",PUNCT,","
en,3149,14,and,CCONJ,and
en,3149,15,his,PRON,his
en,3149,16,head,NOUN,head
en,3149,17,could,AUX,could
en,3149,18,be,AUX,be
en,3149,19,seen,VERB,see
en,3149,20,shaking,VERB,shake
en,3149,21,slightly,ADV,slightly
en,3149,22,",",PUNCT,","
en,3149,23,perhaps,ADV,perhaps
en,3149,24,so,SCONJ,so
en,3149,25,that,SCONJ,that
en,3149,26,he,PRON,he
en,3149,27,would,AUX,would
en,3149,28,feel,VERB,feel
en,3149,29,the,DET,the
en,3149,30,pressure,NOUN,pressure
en,3149,31,of,ADP,of
en,3149,32,Leni,PROPN,Leni
en,3149,33,'s,PART,'s
en,3149,34,hand,NOUN,hand
en,3149,35,better,ADV,well
en,3149,36,.,PUNCT,.
en,3154,0,Before,SCONJ,before
en,3154,1,Leni,PROPN,Leni
en,3154,2,said,VERB,say
en,3154,3,anything,PRON,anything
en,3154,4,she,PRON,she
en,3154,5,looked,VERB,look
en,3154,6,down,ADP,down
en,3154,7,at,ADP,at
en,3154,8,Block,PROPN,Block
en,3154,9,and,CCONJ,and
en,3154,10,watched,VERB,watch
en,3154,11,him,PRON,he
en,3154,12,a,DET,a
en,3154,13,short,ADJ,short
en,3154,14,while,NOUN,while
en,3154,15,as,SCONJ,as
en,3154,16,he,PRON,he
en,3154,17,raised,VERB,raise
en,3154,18,his,PRON,his
en,3154,19,hands,NOUN,hand
en,3154,20,towards,ADP,towards
en,3154,21,her,PRON,she
en,3154,22,and,CCONJ,and
en,3154,23,rubbed,VERB,rub
en,3154,24,them,PRON,they
en,3154,25,together,ADV,together
en,3154,26,imploringly,ADV,imploringly
en,3154,27,.,PUNCT,.
en,3159,0,Even,ADV,even
en,3159,1,if,SCONJ,if
en,3159,2,he,PRON,he
en,3159,3,had,AUX,have
en,3159,4,done,VERB,do
en,3159,5,nothing,PRON,nothing
en,3159,6,earlier,ADV,early
en,3159,7,to,PART,to
en,3159,8,make,VERB,make
en,3159,9,him,PRON,he
en,3159,10,want,VERB,want
en,3159,11,to,PART,to
en,3159,12,leave,VERB,leave
en,3159,13,then,ADV,then
en,3159,14,this,DET,this
en,3159,15,scene,NOUN,scene
en,3159,16,would,AUX,would
en,3159,17,have,AUX,have
en,3159,18,done,VERB,do
en,3159,19,so,ADV,so
en,3159,20,.,PUNCT,.
en,3174,0,"""",PUNCT,""""
en,3174,1,Well,INTJ,well
en,3174,2,I,PRON,I
en,3174,3,ca,AUX,can
en,3174,4,n't,PART,not
en,3174,5,give,VERB,give
en,3174,6,you,PRON,you
en,3174,7,any,DET,any
en,3174,8,certain,ADJ,certain
en,3174,9,answer,NOUN,answer
en,3174,10,to,ADP,to
en,3174,11,that,PRON,that
en,3174,12,of,ADP,of
en,3174,13,course,NOUN,course
en,3174,14,",",PUNCT,","
en,3174,15,"""",PUNCT,""""
en,3174,16,said,VERB,say
en,3174,17,Leni,PROPN,Leni
en,3174,18,",",PUNCT,","
en,3174,19,"""",PUNCT,""""
en,3174,20,but,CCONJ,but
en,3174,21,I,PRON,I
en,3174,22,could,AUX,could
en,3174,23,see,VERB,see
en,3174,24,that,SCONJ,that
en,3174,25,he,PRON,he
en,3174,26,was,AUX,be
en,3174,27,reading,VERB,read
en,3174,28,thoroughly,ADV,thoroughly
en,3174,29,.,PUNCT,.
en,3177,0,I,PRON,I
en,3177,1,expect,VERB,expect
en,3177,2,the,DET,the
en,3177,3,papers,NOUN,paper
en,3177,4,you,PRON,you
en,3177,5,gave,VERB,give
en,3177,6,him,PRON,he
en,3177,7,were,AUX,be
en,3177,8,very,ADV,very
en,3177,9,hard,ADJ,hard
en,3177,10,to,PART,to
en,3177,11,understand,VERB,understand
en,3177,12,.,PUNCT,.
en,3177,13,"""",PUNCT,""""
en,3201,0,He,PRON,he
en,3201,1,practically,ADV,practically
en,3201,2,lives,VERB,live
en,3201,3,with,ADP,with
en,3201,4,me,PRON,I
en,3201,5,so,SCONJ,so
en,3201,6,that,SCONJ,that
en,3201,7,he,PRON,he
en,3201,8,always,ADV,always
en,3201,9,knows,VERB,know
en,3201,10,what,PRON,what
en,3201,11,'s,AUX,be
en,3201,12,happening,VERB,happen
en,3201,13,.,PUNCT,.
en,3214,0,If,SCONJ,if
en,3214,1,you,PRON,you
en,3214,2,do,VERB,do
en,3214,3,it,PRON,it
en,3214,4,again,ADV,again
en,3214,5,I,PRON,I
en,3214,6,wo,AUX,will
en,3214,7,n't,PART,not
en,3214,8,tell,VERB,tell
en,3214,9,you,PRON,you
en,3214,10,anything,PRON,anything
en,3214,11,else,ADV,else
en,3214,12,at,ADV,at
en,3214,13,all,ADV,all
en,3214,14,.,PUNCT,.
en,3233,0,"""",PUNCT,""""
en,3233,1,Leave,VERB,leave
en,3233,2,the,DET,the
en,3233,3,carpet,NOUN,carpet
en,3233,4,alone,ADV,alone
en,3233,5,and,CCONJ,and
en,3233,6,listen,VERB,listen
en,3233,7,to,ADP,to
en,3233,8,what,PRON,what
en,3233,9,the,DET,the
en,3233,10,lawyer,NOUN,lawyer
en,3233,11,is,AUX,be
en,3233,12,saying,VERB,say
en,3233,13,.,PUNCT,.
en,3233,14,"""",PUNCT,""""
en,3247,0,However,ADV,however
en,3247,1,",",PUNCT,","
en,3247,2,in,ADP,in
en,3247,3,this,DET,this
en,3247,4,case,NOUN,case
en,3247,5,it,PRON,it
en,3247,6,was,AUX,be
en,3247,7,almost,ADV,almost
en,3247,8,impossible,ADJ,impossible
en,3247,9,to,PART,to
en,3247,10,think,VERB,think
en,3247,11,of,ADP,of
en,3247,12,an,DET,an
en,3247,13,acceptable,ADJ,acceptable
en,3247,14,excuse,NOUN,excuse
en,3247,15,",",PUNCT,","
en,3247,16,his,PRON,his
en,3247,17,knowledge,NOUN,knowledge
en,3247,18,of,ADP,of
en,3247,19,Italian,PROPN,Italian
en,3247,20,was,AUX,be
en,3247,21,not,PART,not
en,3247,22,great,ADJ,great
en,3247,23,but,CCONJ,but
en,3247,24,still,ADV,still
en,3247,25,good,ADJ,good
en,3247,26,enough,ADV,enough
en,3247,27,;,PUNCT,;
en,3247,28,the,DET,the
en,3247,29,deciding,VERB,decide
en,3247,30,factor,NOUN,factor
en,3247,31,was,AUX,be
en,3247,32,that,SCONJ,that
en,3247,33,K.,PROPN,K.
en,3247,34,had,AUX,have
en,3247,35,earlier,ADV,early
en,3247,36,known,VERB,know
en,3247,37,a,DET,a
en,3247,38,little,ADJ,little
en,3247,39,about,ADP,about
en,3247,40,art,NOUN,art
en,3247,41,history,NOUN,history
en,3247,42,and,CCONJ,and
en,3247,43,this,PRON,this
en,3247,44,had,AUX,have
en,3247,45,become,AUX,become
en,3247,46,widely,ADV,widely
en,3247,47,known,VERB,know
en,3247,48,around,ADP,around
en,3247,49,the,DET,the
en,3247,50,bank,NOUN,bank
en,3247,51,in,ADP,in
en,3247,52,extremely,ADV,extremely
en,3247,53,exaggerated,ADJ,exaggerated
en,3247,54,form,NOUN,form
en,3247,55,",",PUNCT,","
en,3247,56,and,CCONJ,and
en,3247,57,that,SCONJ,that
en,3247,58,K.,PROPN,K.
en,3247,59,had,AUX,have
en,3247,60,been,AUX,be
en,3247,61,a,DET,a
en,3247,62,member,NOUN,member
en,3247,63,of,ADP,of
en,3247,64,the,DET,the
en,3247,65,Society,PROPN,Society
en,3247,66,for,ADP,for
en,3247,67,the,DET,the
en,3247,68,Preservation,PROPN,Preservation
en,3247,69,of,ADP,of
en,3247,70,City,PROPN,City
en,3247,71,Monuments,PROPN,Monuments
en,3247,72,",",PUNCT,","
en,3247,73,albeit,SCONJ,albeit
en,3247,74,only,ADV,only
en,3247,75,for,ADP,for
en,3247,76,business,NOUN,business
en,3247,77,reasons,NOUN,reason
en,3247,78,.,PUNCT,.
en,3266,0,Eventually,ADV,eventually
en,3266,1,the,DET,the
en,3266,2,Italian,PROPN,Italian
en,3266,3,looked,VERB,look
en,3266,4,at,ADP,at
en,3266,5,the,DET,the
en,3266,6,clock,NOUN,clock
en,3266,7,and,CCONJ,and
en,3266,8,jumped,VERB,jump
en,3266,9,up,ADP,up
en,3266,10,.,PUNCT,.
en,3274,0,He,PRON,he
en,3274,1,thought,VERB,think
en,3274,2,he,PRON,he
en,3274,3,needed,VERB,need
en,3274,4,to,PART,to
en,3274,5,apologise,VERB,apologise
en,3274,6,to,ADP,to
en,3274,7,K.,PROPN,K.
en,3274,8,for,ADP,for
en,3274,9,something,PRON,something
en,3274,10,and,CCONJ,and
en,3274,11,told,VERB,tell
en,3274,12,him,PRON,he
en,3274,13,--,PUNCT,--
en,3274,14,they,PRON,they
en,3274,15,were,AUX,be
en,3274,16,standing,VERB,stand
en,3274,17,intimately,ADV,intimately
en,3274,18,close,ADJ,close
en,3274,19,together,ADV,together
en,3274,20,--,PUNCT,--
en,3274,21,he,PRON,he
en,3274,22,had,AUX,have
en,3274,23,thought,VERB,think
en,3274,24,at,ADP,at
en,3274,25,first,ADV,first
en,3274,26,he,PRON,he
en,3274,27,would,AUX,would
en,3274,28,accompany,VERB,accompany
en,3274,29,the,DET,the
en,3274,30,Italian,PROPN,Italian
en,3274,31,himself,PRON,himself
en,3274,32,",",PUNCT,","
en,3274,33,but,CCONJ,but
en,3274,34,then,ADV,then
en,3274,35,--,PUNCT,--
en,3274,36,he,PRON,he
en,3274,37,gave,VERB,give
en,3274,38,no,DET,no
en,3274,39,more,ADV,more
en,3274,40,precise,ADJ,precise
en,3274,41,reason,NOUN,reason
en,3274,42,than,ADP,than
en,3274,43,this,PRON,this
en,3274,44,--,PUNCT,--
en,3274,45,then,ADV,then
en,3274,46,he,PRON,he
en,3274,47,decided,VERB,decide
en,3274,48,it,PRON,it
en,3274,49,would,AUX,would
en,3274,50,be,AUX,be
en,3274,51,better,ADJ,well
en,3274,52,to,PART,to
en,3274,53,send,VERB,send
en,3274,54,K.,PROPN,K.
en,3274,55,with,ADP,with
en,3274,56,him,PRON,he
en,3274,57,.,PUNCT,.
en,3282,0,"""",PUNCT,""""
en,3282,1,To,ADP,to
en,3282,2,the,DET,the
en,3282,3,cathedral,NOUN,cathedral
en,3282,4,?,PUNCT,?
en,3282,5,"""",PUNCT,""""
en,3282,6,asked,VERB,ask
en,3282,7,Leni,PROPN,Leni
en,3282,8,.,PUNCT,.
en,3311,0,The,DET,the
en,3311,1,eternal,ADJ,eternal
en,3311,2,light,NOUN,light
en,3311,3,hung,VERB,hang
en,3311,4,disturbingly,ADV,disturbingly
en,3311,5,in,ADP,in
en,3311,6,front,NOUN,front
en,3311,7,of,ADP,of
en,3311,8,it,PRON,it
en,3311,9,.,PUNCT,.
en,3313,0,He,PRON,he
en,3313,1,was,AUX,be
en,3313,2,leaning,VERB,lean
en,3313,3,on,ADP,on
en,3313,4,his,PRON,his
en,3313,5,sword,NOUN,sword
en,3313,6,that,SCONJ,that
en,3313,7,he,PRON,he
en,3313,8,had,AUX,have
en,3313,9,stuck,VERB,stick
en,3313,10,into,ADP,into
en,3313,11,the,DET,the
en,3313,12,naked,ADJ,naked
en,3313,13,ground,NOUN,ground
en,3313,14,in,ADP,in
en,3313,15,front,NOUN,front
en,3313,16,of,ADP,of
en,3313,17,him,PRON,he
en,3313,18,where,SCONJ,where
en,3313,19,only,ADV,only
en,3313,20,a,DET,a
en,3313,21,few,ADJ,few
en,3313,22,blades,NOUN,blade
en,3313,23,of,ADP,of
en,3313,24,grass,NOUN,grass
en,3313,25,grew,VERB,grow
en,3313,26,here,ADV,here
en,3313,27,and,CCONJ,and
en,3313,28,there,ADV,there
en,3313,29,.,PUNCT,.
en,3314,0,He,PRON,he
en,3314,1,seemed,VERB,seem
en,3314,2,to,PART,to
en,3314,3,be,AUX,be
en,3314,4,paying,VERB,pay
en,3314,5,close,ADJ,close
en,3314,6,attention,NOUN,attention
en,3314,7,to,ADP,to
en,3314,8,something,PRON,something
en,3314,9,that,PRON,that
en,3314,10,was,AUX,be
en,3314,11,being,AUX,be
en,3314,12,played,VERB,play
en,3314,13,out,ADP,out
en,3314,14,in,ADP,in
en,3314,15,front,NOUN,front
en,3314,16,of,ADP,of
en,3314,17,him,PRON,he
en,3314,18,.,PUNCT,.
en,3322,0,The,DET,the
en,3322,1,outside,NOUN,outside
en,3322,2,of,ADP,of
en,3322,3,the,DET,the
en,3322,4,pulpit,NOUN,pulpit
en,3322,5,'s,PART,'s
en,3322,6,balustrade,NOUN,balustrade
en,3322,7,was,AUX,be
en,3322,8,covered,VERB,cover
en,3322,9,in,ADP,in
en,3322,10,green,ADJ,green
en,3322,11,foliage,NOUN,foliage
en,3322,12,which,PRON,which
en,3322,13,continued,VERB,continue
en,3322,14,down,ADP,down
en,3322,15,to,ADP,to
en,3322,16,the,DET,the
en,3322,17,column,NOUN,column
en,3322,18,supporting,VERB,support
en,3322,19,it,PRON,it
en,3322,20,",",PUNCT,","
en,3322,21,little,ADJ,little
en,3322,22,angels,NOUN,angel
en,3322,23,could,AUX,could
en,3322,24,be,AUX,be
en,3322,25,seen,VERB,see
en,3322,26,among,ADP,among
en,3322,27,the,DET,the
en,3322,28,leaves,NOUN,leaf
en,3322,29,",",PUNCT,","
en,3322,30,some,PRON,some
en,3322,31,of,ADP,of
en,3322,32,them,PRON,they
en,3322,33,lively,ADJ,lively
en,3322,34,and,CCONJ,and
en,3322,35,some,PRON,some
en,3322,36,of,ADP,of
en,3322,37,them,PRON,they
en,3322,38,still,ADV,still
en,3322,39,.,PUNCT,.
en,3374,0,But,CCONJ,but
en,3374,1,the,DET,the
en,3374,2,priest,NOUN,priest
en,3374,3,was,AUX,be
en,3374,4,not,PART,not
en,3374,5,calling,VERB,call
en,3374,6,out,ADP,out
en,3374,7,to,ADP,to
en,3374,8,the,DET,the
en,3374,9,congregation,NOUN,congregation
en,3374,10,",",PUNCT,","
en,3374,11,his,PRON,his
en,3374,12,cry,NOUN,cry
en,3374,13,was,AUX,be
en,3374,14,quite,ADV,quite
en,3374,15,unambiguous,ADJ,unambiguous
en,3374,16,and,CCONJ,and
en,3374,17,there,PRON,there
en,3374,18,was,VERB,be
en,3374,19,no,DET,no
en,3374,20,escape,NOUN,escape
en,3374,21,from,ADP,from
en,3374,22,it,PRON,it
en,3374,23,",",PUNCT,","
en,3374,24,he,PRON,he
en,3374,25,called,VERB,call
en,3374,26,"""",PUNCT,""""
en,3374,27,Josef,PROPN,Josef
en,3374,28,K.,PROPN,K.
en,3374,29,!,PUNCT,!
en,3374,30,"""",PUNCT,""""
en,3387,0,"""",PUNCT,""""
en,3387,1,Yes,INTJ,yes
en,3387,2,",",PUNCT,","
en,3387,3,"""",PUNCT,""""
en,3387,4,said,VERB,say
en,3387,5,K.,PROPN,K.
en,3387,6,",",PUNCT,","
en,3387,7,he,PRON,he
en,3387,8,considered,VERB,consider
en,3387,9,how,SCONJ,how
en,3387,10,freely,ADV,freely
en,3387,11,he,PRON,he
en,3387,12,had,AUX,have
en,3387,13,always,ADV,always
en,3387,14,given,VERB,give
en,3387,15,his,PRON,his
en,3387,16,name,NOUN,name
en,3387,17,in,ADP,in
en,3387,18,the,DET,the
en,3387,19,past,NOUN,past
en,3387,20,",",PUNCT,","
en,3387,21,for,ADP,for
en,3387,22,some,DET,some
en,3387,23,time,NOUN,time
en,3387,24,now,ADV,now
en,3387,25,it,PRON,it
en,3387,26,had,AUX,have
en,3387,27,been,AUX,be
en,3387,28,a,DET,a
en,3387,29,burden,NOUN,burden
en,3387,30,to,ADP,to
en,3387,31,him,PRON,he
en,3387,32,",",PUNCT,","
en,3387,33,now,ADV,now
en,3387,34,there,PRON,there
en,3387,35,were,VERB,be
en,3387,36,people,NOUN,people
en,3387,37,who,PRON,who
en,3387,38,knew,VERB,know
en,3387,39,his,PRON,his
en,3387,40,name,NOUN,name
en,3387,41,whom,PRON,whom
en,3387,42,he,PRON,he
en,3387,43,had,AUX,have
en,3387,44,never,ADV,never
en,3387,45,seen,VERB,see
en,3387,46,before,ADV,before
en,3387,47,",",PUNCT,","
en,3387,48,it,PRON,it
en,3387,49,had,AUX,have
en,3387,50,been,AUX,be
en,3387,51,so,ADV,so
en,3387,52,nice,ADJ,nice
en,3387,53,first,ADV,first
en,3387,54,to,PART,to
en,3387,55,introduce,VERB,introduce
en,3387,56,yourself,PRON,yourself
en,3387,57,and,CCONJ,and
en,3387,58,only,ADV,only
en,3387,59,then,ADV,then
en,3387,60,for,SCONJ,for
en,3387,61,people,NOUN,people
en,3387,62,to,PART,to
en,3387,63,know,VERB,know
en,3387,64,who,PRON,who
en,3387,65,you,PRON,you
en,3387,66,were,AUX,be
en,3387,67,.,PUNCT,.
en,3398,0,"""",PUNCT,""""
en,3398,1,Put,VERB,put
en,3398,2,it,PRON,it
en,3398,3,down,ADP,down
en,3398,4,",",PUNCT,","
en,3398,5,"""",PUNCT,""""
en,3398,6,said,VERB,say
en,3398,7,the,DET,the
en,3398,8,priest,NOUN,priest
en,3398,9,.,PUNCT,.
en,3405,0,I,PRON,I
en,3405,1,do,AUX,do
en,3405,2,n't,PART,not
en,3405,3,know,VERB,know
en,3405,4,how,SCONJ,how
en,3405,5,it,PRON,it
en,3405,6,will,AUX,will
en,3405,7,end,VERB,end
en,3405,8,.,PUNCT,.
en,3430,0,Especially,ADV,especially
en,3430,1,in,ADP,in
en,3430,2,a,DET,a
en,3430,3,court,NOUN,court
en,3430,4,like,ADP,like
en,3430,5,this,PRON,this
en,3430,6,that,PRON,that
en,3430,7,seems,VERB,seem
en,3430,8,to,PART,to
en,3430,9,consist,VERB,consist
en,3430,10,of,ADP,of
en,3430,11,nothing,PRON,nothing
en,3430,12,but,SCONJ,but
en,3430,13,woman,NOUN,woman
en,3430,14,-,PUNCT,-
en,3430,15,chasers,NOUN,chaser
en,3430,16,.,PUNCT,.
en,3446,0,He,PRON,he
en,3446,1,had,AUX,have
en,3446,2,not,PART,not
en,3446,3,given,VERB,give
en,3446,4,a,DET,a
en,3446,5,sermon,NOUN,sermon
en,3446,6,",",PUNCT,","
en,3446,7,he,PRON,he
en,3446,8,had,AUX,have
en,3446,9,only,ADV,only
en,3446,10,told,VERB,tell
en,3446,11,K.,PROPN,K.
en,3446,12,a,DET,a
en,3446,13,few,ADJ,few
en,3446,14,things,NOUN,thing
en,3446,15,which,PRON,which
en,3446,16,",",PUNCT,","
en,3446,17,if,SCONJ,if
en,3446,18,he,PRON,he
en,3446,19,followed,VERB,follow
en,3446,20,them,PRON,they
en,3446,21,closely,ADV,closely
en,3446,22,",",PUNCT,","
en,3446,23,would,AUX,would
en,3446,24,probably,ADV,probably
en,3446,25,cause,VERB,cause
en,3446,26,him,PRON,he
en,3446,27,more,ADJ,more
en,3446,28,harm,NOUN,harm
en,3446,29,than,ADP,than
en,3446,30,good,ADJ,good
en,3446,31,.,PUNCT,.
en,3454,0,"""",PUNCT,""""
en,3454,1,Can,AUX,can
en,3454,2,you,PRON,you
en,3454,3,spare,VERB,spare
en,3454,4,me,PRON,I
en,3454,5,a,DET,a
en,3454,6,little,ADJ,little
en,3454,7,of,ADP,of
en,3454,8,your,PRON,your
en,3454,9,time,NOUN,time
en,3454,10,?,PUNCT,?
en,3454,11,"""",PUNCT,""""
en,3454,12,asked,VERB,ask
en,3454,13,K.,PROPN,K.
en,3454,14,"""",PUNCT,""""
en,3454,15,As,ADV,as
en,3454,16,much,ADJ,much
en,3454,17,time,NOUN,time
en,3454,18,as,SCONJ,as
en,3454,19,you,PRON,you
en,3454,20,need,VERB,need
en,3454,21,",",PUNCT,","
en,3454,22,"""",PUNCT,""""
en,3454,23,said,VERB,say
en,3454,24,the,DET,the
en,3454,25,priest,NOUN,priest
en,3454,26,",",PUNCT,","
en,3454,27,and,CCONJ,and
en,3454,28,passed,VERB,pass
en,3454,29,him,PRON,he
en,3454,30,the,DET,the
en,3454,31,little,ADJ,little
en,3454,32,lamp,NOUN,lamp
en,3454,33,for,SCONJ,for
en,3454,34,him,PRON,he
en,3454,35,to,PART,to
en,3454,36,carry,VERB,carry
en,3454,37,.,PUNCT,.
en,3458,0,I,PRON,I
en,3458,1,can,AUX,can
en,3458,2,trust,VERB,trust
en,3458,3,you,PRON,you
en,3458,4,more,ADV,more
en,3458,5,than,ADP,than
en,3458,6,any,PRON,any
en,3458,7,of,ADP,of
en,3458,8,the,DET,the
en,3458,9,others,NOUN,other
en,3458,10,I,PRON,I
en,3458,11,'ve,AUX,have
en,3458,12,seen,VERB,see
en,3458,13,.,PUNCT,.
en,3497,0,"""",PUNCT,""""
en,3497,1,Do,AUX,do
en,3497,2,n't,PART,not
en,3497,3,be,AUX,be
en,3497,4,too,ADV,too
en,3497,5,quick,ADJ,quick
en,3497,6,",",PUNCT,","
en,3497,7,"""",PUNCT,""""
en,3497,8,said,VERB,say
en,3497,9,the,DET,the
en,3497,10,priest,NOUN,priest
en,3497,11,",",PUNCT,","
en,3497,12,"""",PUNCT,""""
en,3497,13,do,AUX,do
en,3497,14,n't,PART,not
en,3497,15,take,VERB,take
en,3497,16,somebody,PRON,somebody
en,3497,17,else,ADV,else
en,3497,18,'s,PART,'s
en,3497,19,opinion,NOUN,opinion
en,3497,20,without,ADP,without
en,3497,21,checking,VERB,check
en,3497,22,it,PRON,it
en,3497,23,.,PUNCT,.
en,3512,0,Throughout,ADP,throughout
en,3512,1,the,DET,the
en,3512,2,story,NOUN,story
en,3512,3,",",PUNCT,","
en,3512,4,his,PRON,his
en,3512,5,duty,NOUN,duty
en,3512,6,seems,VERB,seem
en,3512,7,to,PART,to
en,3512,8,have,AUX,have
en,3512,9,been,AUX,be
en,3512,10,merely,ADV,merely
en,3512,11,to,PART,to
en,3512,12,turn,VERB,turn
en,3512,13,the,DET,the
en,3512,14,man,NOUN,man
en,3512,15,away,ADV,away
en,3512,16,",",PUNCT,","
en,3512,17,and,CCONJ,and
en,3512,18,there,PRON,there
en,3512,19,are,VERB,be
en,3512,20,many,ADJ,many
en,3512,21,commentators,NOUN,commentator
en,3512,22,who,PRON,who
en,3512,23,are,AUX,be
en,3512,24,surprised,ADJ,surprised
en,3512,25,that,SCONJ,that
en,3512,26,the,DET,the
en,3512,27,doorkeeper,NOUN,doorkeeper
en,3512,28,offered,VERB,offer
en,3512,29,this,DET,this
en,3512,30,hint,NOUN,hint
en,3512,31,at,ADV,at
en,3512,32,all,ADV,all
en,3512,33,",",PUNCT,","
en,3512,34,as,SCONJ,as
en,3512,35,he,PRON,he
en,3512,36,seems,VERB,seem
en,3512,37,to,PART,to
en,3512,38,love,VERB,love
en,3512,39,exactitude,NOUN,exactitude
en,3512,40,and,CCONJ,and
en,3512,41,keeps,VERB,keep
en,3512,42,strict,ADJ,strict
en,3512,43,guard,NOUN,guard
en,3512,44,over,ADP,over
en,3512,45,his,PRON,his
en,3512,46,position,NOUN,position
en,3512,47,.,PUNCT,.
en,3522,0,The,DET,the
en,3522,1,patience,NOUN,patience
en,3522,2,with,ADP,with
en,3522,3,which,PRON,which
en,3522,4,he,PRON,he
en,3522,5,puts,VERB,put
en,3522,6,up,ADP,up
en,3522,7,with,ADP,with
en,3522,8,the,DET,the
en,3522,9,man,NOUN,man
en,3522,10,'s,PART,'s
en,3522,11,requests,NOUN,request
en,3522,12,through,ADP,through
en,3522,13,all,DET,all
en,3522,14,these,DET,these
en,3522,15,years,NOUN,year
en,3522,16,",",PUNCT,","
en,3522,17,the,DET,the
en,3522,18,little,ADJ,little
en,3522,19,questioning,NOUN,questioning
en,3522,20,sessions,NOUN,session
en,3522,21,",",PUNCT,","
en,3522,22,accepting,VERB,accept
en,3522,23,the,DET,the
en,3522,24,gifts,NOUN,gift
en,3522,25,",",PUNCT,","
en,3522,26,his,PRON,his
en,3522,27,politeness,NOUN,politeness
en,3522,28,when,SCONJ,when
en,3522,29,he,PRON,he
en,3522,30,puts,VERB,put
en,3522,31,up,ADP,up
en,3522,32,with,ADP,with
en,3522,33,the,DET,the
en,3522,34,man,NOUN,man
en,3522,35,cursing,VERB,curse
en,3522,36,his,PRON,his
en,3522,37,fate,NOUN,fate
en,3522,38,even,ADV,even
en,3522,39,though,SCONJ,though
en,3522,40,it,PRON,it
en,3522,41,was,AUX,be
en,3522,42,the,DET,the
en,3522,43,doorkeeper,NOUN,doorkeeper
en,3522,44,who,PRON,who
en,3522,45,caused,VERB,cause
en,3522,46,that,DET,that
en,3522,47,fate,NOUN,fate
en,3522,48,--,PUNCT,--
en,3522,49,all,DET,all
en,3522,50,these,DET,these
en,3522,51,things,NOUN,thing
en,3522,52,seem,VERB,seem
en,3522,53,to,PART,to
en,3522,54,want,VERB,want
en,3522,55,to,PART,to
en,3522,56,arouse,VERB,arouse
en,3522,57,our,PRON,our
en,3522,58,sympathy,NOUN,sympathy
en,3522,59,.,PUNCT,.
en,3526,0,There,PRON,there
en,3526,1,are,VERB,be
en,3526,2,many,ADJ,many
en,3526,3,commentators,NOUN,commentator
en,3526,4,who,PRON,who
en,3526,5,go,VERB,go
en,3526,6,even,ADV,even
en,3526,7,further,ADV,far
en,3526,8,in,ADP,in
en,3526,9,explaining,VERB,explain
en,3526,10,it,PRON,it
en,3526,11,in,ADP,in
en,3526,12,this,DET,this
en,3526,13,way,NOUN,way
en,3526,14,and,CCONJ,and
en,3526,15,think,VERB,think
en,3526,16,the,DET,the
en,3526,17,words,NOUN,word
en,3526,18,",",PUNCT,","
en,3526,19,',PUNCT,'
en,3526,20,you,PRON,you
en,3526,21,'re,AUX,be
en,3526,22,insatiable,ADJ,insatiable
en,3526,23,',PUNCT,'
en,3526,24,are,AUX,be
en,3526,25,an,DET,an
en,3526,26,expression,NOUN,expression
en,3526,27,of,ADP,of
en,3526,28,friendly,ADJ,friendly
en,3526,29,admiration,NOUN,admiration
en,3526,30,",",PUNCT,","
en,3526,31,albeit,SCONJ,albeit
en,3526,32,with,ADP,with
en,3526,33,some,DET,some
en,3526,34,condescension,NOUN,condescension
en,3526,35,.,PUNCT,.
en,3527,0,However,ADV,however
en,3527,1,you,PRON,you
en,3527,2,look,VERB,look
en,3527,3,at,ADP,at
en,3527,4,it,PRON,it
en,3527,5,the,DET,the
en,3527,6,figure,NOUN,figure
en,3527,7,of,ADP,of
en,3527,8,the,DET,the
en,3527,9,doorkeeper,NOUN,doorkeeper
en,3527,10,comes,VERB,come
en,3527,11,out,ADP,out
en,3527,12,differently,ADV,differently
en,3527,13,from,ADP,from
en,3527,14,how,SCONJ,how
en,3527,15,you,PRON,you
en,3527,16,might,AUX,might
en,3527,17,think,VERB,think
en,3527,18,.,PUNCT,.
en,3527,19,"""",PUNCT,""""
en,3570,0,In,ADP,in
en,3570,1,this,DET,this
en,3570,2,case,NOUN,case
en,3570,3,we,PRON,we
en,3570,4,ca,AUX,can
en,3570,5,n't,PART,not
en,3570,6,believe,VERB,believe
en,3570,7,the,DET,the
en,3570,8,doorkeeper,NOUN,doorkeeper
en,3570,9,is,AUX,be
en,3570,10,the,DET,the
en,3570,11,man,NOUN,man
en,3570,12,'s,PART,'s
en,3570,13,subordinate,NOUN,subordinate
en,3570,14,.,PUNCT,.
en,3592,0,"""",PUNCT,""""
en,3592,1,I,PRON,I
en,3592,2,'m,AUX,be
en,3592,3,waiting,VERB,wait
en,3592,4,",",PUNCT,","
en,3592,5,"""",PUNCT,""""
en,3592,6,said,VERB,say
en,3592,7,the,DET,the
en,3592,8,priest,NOUN,priest
en,3592,9,.,PUNCT,.
en,3640,0,It,PRON,it
en,3640,1,was,AUX,be
en,3640,2,not,PART,not
en,3640,3,certain,ADJ,certain
en,3640,4,that,SCONJ,that
en,3640,5,it,PRON,it
en,3640,6,was,AUX,be
en,3640,7,her,PRON,she
en,3640,8,",",PUNCT,","
en,3640,9,although,SCONJ,although
en,3640,10,the,DET,the
en,3640,11,similarity,NOUN,similarity
en,3640,12,was,AUX,be
en,3640,13,",",PUNCT,","
en,3640,14,of,ADP,of
en,3640,15,course,NOUN,course
en,3640,16,",",PUNCT,","
en,3640,17,great,ADJ,great
en,3640,18,.,PUNCT,.
en,3650,0,Should,AUX,should
en,3650,1,I,PRON,I
en,3650,2,let,VERB,let
en,3650,3,anyone,PRON,anyone
en,3650,4,say,VERB,say
en,3650,5,",",PUNCT,","
en,3650,6,after,SCONJ,after
en,3650,7,I,PRON,I
en,3650,8,'m,AUX,be
en,3650,9,gone,VERB,go
en,3650,10,",",PUNCT,","
en,3650,11,that,SCONJ,that
en,3650,12,at,ADP,at
en,3650,13,the,DET,the
en,3650,14,start,NOUN,start
en,3650,15,of,ADP,of
en,3650,16,the,DET,the
en,3650,17,proceedings,NOUN,proceeding
en,3650,18,I,PRON,I
en,3650,19,wanted,VERB,want
en,3650,20,to,PART,to
en,3650,21,end,VERB,end
en,3650,22,them,PRON,they
en,3650,23,",",PUNCT,","
en,3650,24,and,CCONJ,and
en,3650,25,that,SCONJ,that
en,3650,26,now,ADV,now
en,3650,27,that,SCONJ,that
en,3650,28,they,PRON,they
en,3650,29,'ve,AUX,have
en,3650,30,ended,VERB,end
en,3650,31,I,PRON,I
en,3650,32,want,VERB,want
en,3650,33,to,PART,to
en,3650,34,start,VERB,start
en,3650,35,them,PRON,they
en,3650,36,again,ADV,again
en,3650,37,?,PUNCT,?
en,3658,0,Behind,ADP,behind
en,3658,1,K.,PROPN,K.
en,3658,2,'s,PART,'s
en,3658,3,back,ADV,back
en,3658,4,one,NUM,one
en,3658,5,of,ADP,of
en,3658,6,them,PRON,they
en,3658,7,seemed,VERB,seem
en,3658,8,to,PART,to
en,3658,9,quietly,ADV,quietly
en,3658,10,criticise,VERB,criticise
en,3658,11,the,DET,the
en,3658,12,other,ADJ,other
en,3658,13,for,ADP,for
en,3658,14,the,DET,the
en,3658,15,misunderstanding,NOUN,misunderstanding
en,3658,16,about,ADP,about
en,3658,17,stopping,VERB,stop
en,3658,18,",",PUNCT,","
en,3658,19,and,CCONJ,and
en,3658,20,then,ADV,then
en,3658,21,they,PRON,they
en,3658,22,went,VERB,go
en,3658,23,on,ADP,on
en,3658,24,.,PUNCT,.
en,3666,0,Here,ADV,here
en,3666,1,they,PRON,they
en,3666,2,released,VERB,release
en,3666,3,their,PRON,their
en,3666,4,hold,NOUN,hold
en,3666,5,on,ADP,on
en,3666,6,K.,PROPN,K.
en,3666,7,",",PUNCT,","
en,3666,8,who,PRON,who
en,3666,9,just,ADV,just
en,3666,10,waited,VERB,wait
en,3666,11,in,ADP,in
en,3666,12,silence,NOUN,silence
en,3666,13,",",PUNCT,","
en,3666,14,and,CCONJ,and
en,3666,15,took,VERB,take
en,3666,16,their,PRON,their
en,3666,17,top,ADJ,top
en,3666,18,hats,NOUN,hat
en,3666,19,off,ADP,off
en,3666,20,while,SCONJ,while
en,3666,21,they,PRON,they
en,3666,22,looked,VERB,look
en,3666,23,round,ADP,round
en,3666,24,the,DET,the
en,3666,25,quarry,NOUN,quarry
en,3666,26,and,CCONJ,and
en,3666,27,wiped,VERB,wipe
en,3666,28,the,DET,the
en,3666,29,sweat,NOUN,sweat
en,3666,30,off,ADP,off
en,3666,31,their,PRON,their
en,3666,32,brows,NOUN,brow
en,3666,33,with,ADP,with
en,3666,34,their,PRON,their
en,3666,35,handkerchiefs,NOUN,handkerchief
en,3666,36,.,PUNCT,.
en,3694,0,There,PRON,there
en,3694,1,must,AUX,must
en,3694,2,have,AUX,have
en,3694,3,been,AUX,be
en,3694,4,some,PRON,some
en,3694,5,.,PUNCT,.
en,3697,0,Where,SCONJ,where
en,3697,1,was,AUX,be
en,3697,2,the,DET,the
en,3697,3,high,ADJ,high
en,3697,4,court,NOUN,court
en,3697,5,he,PRON,he
en,3697,6,had,AUX,have
en,3697,7,never,ADV,never
en,3697,8,reached,VERB,reach
en,3697,9,?,PUNCT,?
