language,sent_id,tok_id,token,upos,lemma
de,26,0,Ein,DET,ein
de,26,1,kleines,ADJ,klein
de,26,2,Gelächter,NOUN,Gelächter
de,26,3,im,ADP,in
de,26,4,Nebenzimmer,NOUN,Nebenzimmer
de,26,5,folgte,VERB,folgen
de,26,6,",",PUNCT,--
de,26,7,es,PRON,es
de,26,8,war,AUX,sein
de,26,9,nach,ADP,nach
de,26,10,dem,DET,der
de,26,11,Klang,NOUN,Klang
de,26,12,nicht,PART,nicht
de,26,13,sicher,ADV,sicher
de,26,14,",",PUNCT,--
de,26,15,ob,SCONJ,ob
de,26,16,nicht,PART,nicht
de,26,17,mehrere,DET,mehrere
de,26,18,Personen,NOUN,Person
de,26,19,daran,ADV,daran
de,26,20,beteiligt,VERB,beteiligen
de,26,21,waren,AUX,sein
de,26,22,.,PUNCT,--
de,28,0,„,PUNCT,--
de,28,1,Das,PRON,der
de,28,2,wäre,AUX,sein
de,28,3,neu,ADV,neu
de,28,4,",",PUNCT,--
de,28,5,“,PUNCT,--
de,28,6,sagte,VERB,sagen
de,28,7,K.,PROPN,K.
de,28,8,",",PUNCT,--
de,28,9,sprang,VERB,springen
de,28,10,aus,ADP,aus
de,28,11,dem,DET,der
de,28,12,Bett,NOUN,Bett
de,28,13,und,CCONJ,und
de,28,14,zog,VERB,ziehen
de,28,15,rasch,ADV,rasch
de,28,16,seine,DET,sein
de,28,17,Hosen,NOUN,Hose
de,28,18,an,ADP,an
de,28,19,.,PUNCT,--
de,31,0,Immerhin,ADV,immerhin
de,31,1,faßte,VERB,fassen
de,31,2,es,PRON,es
de,31,3,der,DET,der
de,31,4,Fremde,NOUN,Fremde
de,31,5,so,ADV,so
de,31,6,auf,ADP,auf
de,31,7,",",PUNCT,--
de,31,8,denn,CCONJ,denn
de,31,9,er,PRON,er
de,31,10,sagte,VERB,sagen
de,31,11,:,PUNCT,--
de,31,12,„,PUNCT,--
de,31,13,Wollen,VERB,wollen
de,31,14,Sie,PRON,sie
de,31,15,nicht,PART,nicht
de,31,16,lieber,ADV,lieb
de,31,17,hierbleiben,VERB,hierbleiben
de,31,18,?,PUNCT,--
de,31,19,“,PUNCT,--
de,40,0,„,PUNCT,--
de,40,1,Ich,PRON,ich
de,40,2,will,AUX,wollen
de,40,3,doch,ADV,doch
de,40,4,Frau,NOUN,Frau
de,40,5,Grubach,PROPN,Grubach
de,40,6,—,PUNCT,--
de,40,7,“,PUNCT,--
de,40,8,sagte,VERB,sagen
de,40,9,K.,PROPN,K.
de,40,10,",",PUNCT,--
de,40,11,machte,VERB,machen
de,40,12,eine,DET,ein
de,40,13,Bewegung,NOUN,Bewegung
de,40,14,",",PUNCT,--
de,40,15,als,SCONJ,als
de,40,16,reiße,VERB,reißen
de,40,17,er,PRON,er
de,40,18,sich,PRON,sich
de,40,19,von,ADP,von
de,40,20,den,DET,der
de,40,21,zwei,NUM,zwei
de,40,22,Männern,NOUN,Mann
de,40,23,los,ADV,los
de,40,24,",",PUNCT,--
de,40,25,die,PRON,der
de,40,26,aber,ADV,aber
de,40,27,weit,ADV,weit
de,40,28,von,ADP,von
de,40,29,ihm,PRON,ihm
de,40,30,entfernt,ADV,entfernt
de,40,31,standen,VERB,stehen
de,40,32,",",PUNCT,--
de,40,33,und,CCONJ,und
de,40,34,wollte,AUX,wollen
de,40,35,weitergehn,ADV,weitergehn
de,40,36,.,PUNCT,--
de,46,0,Gehn,ADV,Gehn
de,46,1,Sie,PRON,sie
de,46,2,in,ADP,in
de,46,3,Ihr,DET,ihr
de,46,4,Zimmer,NOUN,Zimmer
de,46,5,und,CCONJ,und
de,46,6,warten,VERB,warten
de,46,7,Sie,PRON,sie
de,46,8,.,PUNCT,--
de,47,0,Das,DET,der
de,47,1,Verfahren,NOUN,Verfahren
de,47,2,ist,AUX,sein
de,47,3,nun,ADV,nun
de,47,4,einmal,ADV,einmal
de,47,5,eingeleitet,VERB,einleiten
de,47,6,und,CCONJ,und
de,47,7,Sie,PRON,sie
de,47,8,werden,AUX,werden
de,47,9,alles,PRON,alle
de,47,10,zur,ADP,zu
de,47,11,richtigen,ADJ,richtig
de,47,12,Zeit,NOUN,Zeit
de,47,13,erfahren,VERB,erfahren
de,47,14,.,PUNCT,--
de,65,0,Hier,ADV,hier
de,65,1,schien,VERB,scheinen
de,65,2,ihm,PRON,ihm
de,65,3,das,PRON,der
de,65,4,aber,ADV,aber
de,65,5,nicht,PART,nicht
de,65,6,richtig,ADV,richtig
de,65,7,",",PUNCT,--
de,65,8,man,PRON,man
de,65,9,konnte,AUX,können
de,65,10,zwar,ADV,zwar
de,65,11,das,DET,der
de,65,12,Ganze,NOUN,ganze
de,65,13,als,ADP,als
de,65,14,Spaß,NOUN,Spaß
de,65,15,ansehn,ADV,ansehn
de,65,16,",",PUNCT,--
de,65,17,als,SCONJ,als
de,65,18,einen,DET,ein
de,65,19,groben,ADJ,grob
de,65,20,Spaß,NOUN,Spaß
de,65,21,",",PUNCT,--
de,65,22,den,PRON,der
de,65,23,ihm,PRON,ihm
de,65,24,aus,ADP,aus
de,65,25,unbekannten,ADJ,unbekannt
de,65,26,Gründen,NOUN,Grund
de,65,27,",",PUNCT,--
de,65,28,vielleicht,ADV,vielleicht
de,65,29,weil,SCONJ,weil
de,65,30,heute,ADV,heute
de,65,31,sein,DET,sein
de,65,32,dreißigster,ADJ,dreißigst
de,65,33,Geburtstag,NOUN,Geburtstag
de,65,34,war,AUX,sein
de,65,35,",",PUNCT,--
de,65,36,die,DET,der
de,65,37,Kollegen,NOUN,Kollege
de,65,38,in,ADP,in
de,65,39,der,DET,der
de,65,40,Bank,NOUN,Bank
de,65,41,veranstaltet,VERB,veranstalten
de,65,42,hatten,AUX,haben
de,65,43,",",PUNCT,--
de,65,44,es,PRON,es
de,65,45,war,AUX,sein
de,65,46,natürlich,ADV,natürlich
de,65,47,möglich,ADV,möglich
de,65,48,",",PUNCT,--
de,65,49,vielleicht,ADV,vielleicht
de,65,50,brauchte,VERB,brauchen
de,65,51,er,PRON,er
de,65,52,nur,ADV,nur
de,65,53,auf,ADP,auf
de,65,54,irgendeine,DET,irgendein
de,65,55,Weise,NOUN,Weise
de,65,56,den,DET,der
de,65,57,Wächtern,NOUN,Wächter
de,65,58,ins,ADP,in
de,65,59,Gesicht,NOUN,Gesicht
de,65,60,zu,PART,zu
de,65,61,lachen,VERB,lachen
de,65,62,und,CCONJ,und
de,65,63,sie,PRON,sie
de,65,64,würden,AUX,werden
de,65,65,mitlachen,VERB,mitlachen
de,65,66,",",PUNCT,--
de,65,67,vielleicht,ADV,vielleicht
de,65,68,waren,AUX,sein
de,65,69,es,PRON,es
de,65,70,Dienstmänner,NOUN,dienstmänner
de,65,71,von,ADP,von
de,65,72,der,DET,der
de,65,73,Straßenecke,NOUN,Straßenecke
de,65,74,",",PUNCT,--
de,65,75,sie,PRON,sie
de,65,76,sahen,VERB,sehen
de,65,77,ihnen,PRON,ihnen
de,65,78,nicht,PART,nicht
de,65,79,unähnlich,ADV,unähnlich
de,65,80,—,PUNCT,--
de,65,81,trotzdem,ADV,trotzdem
de,65,82,war,AUX,sein
de,65,83,er,PRON,er
de,65,84,diesmal,ADV,diesmal
de,65,85,förmlich,ADV,förmlich
de,65,86,schon,ADV,schon
de,65,87,seit,ADP,seit
de,65,88,dem,DET,der
de,65,89,ersten,ADJ,erster
de,65,90,Anblick,NOUN,Anblick
de,65,91,des,DET,der
de,65,92,Wächters,NOUN,Wächter
de,65,93,Franz,PROPN,Franz
de,65,94,entschlossen,VERB,entschließen
de,65,95,",",PUNCT,--
de,65,96,nicht,PART,nicht
de,65,97,den,DET,der
de,65,98,geringsten,ADJ,gering
de,65,99,Vorteil,NOUN,Vorteil
de,65,100,",",PUNCT,--
de,65,101,den,PRON,der
de,65,102,er,PRON,er
de,65,103,vielleicht,ADV,vielleicht
de,65,104,gegenüber,ADP,gegenüber
de,65,105,diesen,DET,dieser
de,65,106,Leuten,NOUN,Leute
de,65,107,besaß,VERB,besitzen
de,65,108,",",PUNCT,--
de,65,109,aus,ADP,aus
de,65,110,der,DET,der
de,65,111,Hand,NOUN,Hand
de,65,112,zu,PART,zu
de,65,113,geben,VERB,geben
de,65,114,.,PUNCT,--
de,66,0,Darin,ADV,darin
de,66,1,",",PUNCT,--
de,66,2,daß,SCONJ,daß
de,66,3,man,PRON,man
de,66,4,später,ADV,spät
de,66,5,sagen,VERB,sagen
de,66,6,würde,AUX,werden
de,66,7,",",PUNCT,--
de,66,8,er,PRON,er
de,66,9,habe,AUX,haben
de,66,10,keinen,DET,kein
de,66,11,Spaß,NOUN,Spaß
de,66,12,verstanden,VERB,verstehen
de,66,13,",",PUNCT,--
de,66,14,sah,VERB,sehen
de,66,15,K.,PROPN,K.
de,66,16,eine,DET,ein
de,66,17,ganz,ADV,ganz
de,66,18,geringe,ADJ,gering
de,66,19,Gefahr,NOUN,Gefahr
de,66,20,",",PUNCT,--
de,66,21,wohl,ADV,wohl
de,66,22,aber,ADV,aber
de,66,23,erinnerte,VERB,erinnern
de,66,24,er,PRON,er
de,66,25,sich,PRON,sich
de,66,26,—,PUNCT,--
de,66,27,ohne,ADP,ohne
de,66,28,daß,SCONJ,daß
de,66,29,es,PRON,es
de,66,30,sonst,ADV,sonst
de,66,31,seine,DET,sein
de,66,32,Gewohnheit,NOUN,Gewohnheit
de,66,33,gewesen,AUX,sein
de,66,34,wäre,AUX,sein
de,66,35,",",PUNCT,--
de,66,36,aus,ADP,aus
de,66,37,Erfahrungen,NOUN,Erfahrung
de,66,38,zu,PART,zu
de,66,39,lernen,VERB,lernen
de,66,40,—,PUNCT,--
de,66,41,an,ADP,an
de,66,42,einige,PRON,einige
de,66,43,an,ADP,an
de,66,44,sich,PRON,sich
de,66,45,unbedeutende,ADJ,unbedeutend
de,66,46,Fälle,NOUN,Fall
de,66,47,",",PUNCT,--
de,66,48,in,ADP,in
de,66,49,denen,PRON,der
de,66,50,er,PRON,er
de,66,51,zum,ADP,zu
de,66,52,Unterschied,NOUN,Unterschied
de,66,53,von,ADP,von
de,66,54,seinen,DET,sein
de,66,55,Freunden,NOUN,Freund
de,66,56,mit,ADP,mit
de,66,57,Bewußtsein,NOUN,Bewußtsein
de,66,58,",",PUNCT,--
de,66,59,ohne,ADP,ohne
de,66,60,das,DET,der
de,66,61,geringste,ADJ,gering
de,66,62,Gefühl,NOUN,Gefühl
de,66,63,für,ADP,für
de,66,64,die,DET,der
de,66,65,möglichen,ADJ,möglich
de,66,66,Folgen,NOUN,Folge
de,66,67,sich,PRON,sich
de,66,68,unvorsichtig,ADV,unvorsichtig
de,66,69,benommen,VERB,benommen
de,66,70,hatte,AUX,haben
de,66,71,und,CCONJ,und
de,66,72,dafür,ADV,dafür
de,66,73,durch,ADP,durch
de,66,74,das,DET,der
de,66,75,Ergebnis,NOUN,Ergebnis
de,66,76,gestraft,VERB,strafen
de,66,77,worden,AUX,werden
de,66,78,war,AUX,sein
de,66,79,.,PUNCT,--
de,84,0,„,PUNCT,--
de,84,1,Sie,PRON,sie
de,84,2,werden,AUX,werden
de,84,3,sie,PRON,sie
de,84,4,beantworten,VERB,beantworten
de,84,5,müssen,AUX,müssen
de,84,6,",",PUNCT,--
de,84,7,“,PUNCT,--
de,84,8,sagte,VERB,sagen
de,84,9,K.,PROPN,K.
de,84,10,„,PUNCT,--
de,84,11,Hier,ADV,hier
de,84,12,sind,AUX,sein
de,84,13,meine,DET,mein
de,84,14,Legitimationspapiere,NOUN,Legitimationspapier
de,84,15,",",PUNCT,--
de,84,16,zeigen,VERB,zeigen
de,84,17,Sie,PRON,sie
de,84,18,mir,PRON,mir
de,84,19,jetzt,ADV,jetzt
de,84,20,die,DET,der
de,84,21,Ihrigen,NOUN,Ihrigen
de,84,22,und,CCONJ,und
de,84,23,vor,ADP,vor
de,84,24,allem,PRON,alle
de,84,25,den,DET,der
de,84,26,Verhaftbefehl,NOUN,Verhaftbefehl
de,84,27,.,PUNCT,--
de,84,28,“,PUNCT,--
de,107,0,Ihre,DET,ihr
de,107,1,Sicherheit,NOUN,Sicherheit
de,107,2,ist,AUX,sein
de,107,3,nur,ADV,nur
de,107,4,durch,ADP,durch
de,107,5,ihre,DET,ihr
de,107,6,Dummheit,NOUN,Dummheit
de,107,7,möglich,ADV,möglich
de,107,8,.,PUNCT,--
de,123,0,Sollte,AUX,sollen
de,123,1,er,PRON,er
de,123,2,die,DET,der
de,123,3,wirkliche,ADJ,wirklich
de,123,4,Entschuldigung,NOUN,Entschuldigung
de,123,5,anführen,VERB,anführen
de,123,6,?,PUNCT,--
de,134,0,Es,PRON,es
de,134,1,war,AUX,sein
de,134,2,nur,ADV,nur
de,134,3,das,DET,der
de,134,4,Schreien,NOUN,schreien
de,134,5,",",PUNCT,--
de,134,6,das,PRON,der
de,134,7,ihn,PRON,ihn
de,134,8,erschreckte,VERB,erschrecken
de,134,9,",",PUNCT,--
de,134,10,dieses,DET,dieser
de,134,11,kurze,ADJ,kurz
de,134,12,abgehackte,ADJ,abgehackt
de,134,13,militärische,ADJ,militärisch
de,134,14,Schreien,NOUN,schreien
de,134,15,",",PUNCT,--
de,134,16,das,PRON,der
de,134,17,er,PRON,er
de,134,18,dem,DET,der
de,134,19,Wächter,NOUN,Wächter
de,134,20,Franz,PROPN,Franz
de,134,21,gar,ADV,gar
de,134,22,nicht,PART,nicht
de,134,23,zugetraut,VERB,zutrauen
de,134,24,hätte,AUX,haben
de,134,25,.,PUNCT,--
de,148,0,„,PUNCT,--
de,148,1,Wenn,SCONJ,wenn
de,148,2,ich,PRON,ich
de,148,3,dadurch,ADV,dadurch
de,148,4,die,DET,der
de,148,5,Sache,NOUN,Sache
de,148,6,beschleunige,VERB,beschleunigen
de,148,7,",",PUNCT,--
de,148,8,soll,AUX,sollen
de,148,9,es,PRON,es
de,148,10,mir,PRON,mir
de,148,11,recht,ADV,Recht
de,148,12,sein,AUX,sein
de,148,13,",",PUNCT,--
de,148,14,“,PUNCT,--
de,148,15,sagte,VERB,sagen
de,148,16,K.,PROPN,K.
de,148,17,",",PUNCT,--
de,148,18,öffnete,VERB,öffnen
de,148,19,selbst,ADV,selbst
de,148,20,den,DET,der
de,148,21,Kleiderkasten,NOUN,Kleiderkasten
de,148,22,",",PUNCT,--
de,148,23,suchte,VERB,suchen
de,148,24,lange,ADV,lange
de,148,25,unter,ADP,unter
de,148,26,den,DET,der
de,148,27,vielen,DET,vieler
de,148,28,Kleidern,NOUN,Kleid
de,148,29,",",PUNCT,--
de,148,30,wählte,VERB,wählen
de,148,31,sein,DET,sein
de,148,32,bestes,ADJ,be
de,148,33,schwarzes,ADJ,schwarz
de,148,34,Kleid,NOUN,Kleid
de,148,35,",",PUNCT,--
de,148,36,ein,DET,ein
de,148,37,Jackettkleid,NOUN,Jackettkleid
de,148,38,",",PUNCT,--
de,148,39,das,PRON,der
de,148,40,durch,ADP,durch
de,148,41,seine,DET,sein
de,148,42,Taille,NOUN,Taille
de,148,43,unter,ADP,unter
de,148,44,den,DET,der
de,148,45,Bekannten,NOUN,bekannte
de,148,46,fast,ADV,fast
de,148,47,Aufsehen,NOUN,Aufsehen
de,148,48,gemacht,VERB,machen
de,148,49,hatte,AUX,haben
de,148,50,",",PUNCT,--
de,148,51,zog,VERB,ziehen
de,148,52,nun,ADV,nun
de,148,53,auch,ADV,auch
de,148,54,ein,DET,ein
de,148,55,anderes,ADJ,anderer
de,148,56,Hemd,NOUN,Hemd
de,148,57,hervor,ADV,hervor
de,148,58,und,CCONJ,und
de,148,59,begann,VERB,beginnen
de,148,60,sich,PRON,sich
de,148,61,sorgfältig,ADV,sorgfältig
de,148,62,anzuziehn,VERB,anzuziehn
de,148,63,.,PUNCT,--
de,153,0,Jetzt,ADV,jetzt
de,153,1,war,AUX,sein
de,153,2,das,DET,der
de,153,3,Nachttischchen,NOUN,Nachttischchen
de,153,4,von,ADP,von
de,153,5,ihrem,DET,ihr
de,153,6,Bett,NOUN,Bett
de,153,7,als,ADP,als
de,153,8,Verhandlungstisch,NOUN,Verhandlungstisch
de,153,9,in,ADP,in
de,153,10,die,DET,der
de,153,11,Mitte,NOUN,Mitte
de,153,12,des,DET,der
de,153,13,Zimmers,NOUN,Zimmer
de,153,14,gerückt,VERB,rücken
de,153,15,und,CCONJ,und
de,153,16,der,DET,der
de,153,17,Aufseher,NOUN,Aufseher
de,153,18,saß,VERB,sitzen
de,153,19,hinter,ADP,hinter
de,153,20,ihm,PRON,ihm
de,153,21,.,PUNCT,--
de,158,0,„,PUNCT,--
de,158,1,Josef,PROPN,Josef
de,158,2,K,PROPN,K
de,158,3,?,PUNCT,--
de,158,4,“,PUNCT,--
de,158,5,fragte,VERB,fragen
de,158,6,der,DET,der
de,158,7,Aufseher,NOUN,Aufseher
de,158,8,",",PUNCT,--
de,158,9,vielleicht,ADV,vielleicht
de,158,10,nur,ADV,nur
de,158,11,um,ADP,um
de,158,12,K.s,PROPN,K.s
de,158,13,zerstreute,ADJ,zerstreut
de,158,14,Blicke,NOUN,Blick
de,158,15,auf,ADP,auf
de,158,16,sich,PRON,sich
de,158,17,zu,PART,zu
de,158,18,lenken,VERB,lenken
de,158,19,.,PUNCT,--
de,163,0,„,PUNCT,--
de,163,1,Sie,PRON,sie
de,163,2,mißverstehen,VERB,mißverstehen
de,163,3,mich,PRON,mich
de,163,4,vielleicht,ADV,vielleicht
de,163,5,",",PUNCT,--
de,163,6,“,PUNCT,--
de,163,7,beeilte,VERB,beeilen
de,163,8,sich,PRON,sich
de,163,9,K.,PROPN,K.
de,163,10,zu,PART,zu
de,163,11,bemerken,VERB,bemerken
de,163,12,.,PUNCT,--
de,184,0,Wir,PRON,wir
de,184,1,könnten,AUX,können
de,184,2,die,DET,der
de,184,3,regelrechtesten,ADJ,regelrechtest
de,184,4,Uniformen,NOUN,Uniform
de,184,5,tragen,VERB,tragen
de,184,6,und,CCONJ,und
de,184,7,Ihre,DET,ihr
de,184,8,Sache,NOUN,Sache
de,184,9,würde,AUX,werden
de,184,10,um,ADP,um
de,184,11,nichts,PRON,nichts
de,184,12,schlechter,ADV,schlecht
de,184,13,stehn,VERB,stehn
de,184,14,.,PUNCT,--
de,193,0,Für,ADP,für
de,193,1,seine,DET,sein
de,193,2,Offenheit,NOUN,Offenheit
de,193,3,wurde,AUX,werden
de,193,4,er,PRON,er
de,193,5,mit,ADP,mit
de,193,6,einer,DET,ein
de,193,7,Rüge,NOUN,Rüge
de,193,8,bestraft,VERB,bestrafen
de,193,9,?,PUNCT,--
de,197,0,„,PUNCT,--
de,197,1,Gewiß,PART,gewiß
de,197,2,",",PUNCT,--
de,197,3,“,PUNCT,--
de,197,4,sagte,VERB,sagen
de,197,5,der,DET,der
de,197,6,Aufseher,NOUN,Aufseher
de,197,7,",",PUNCT,--
de,197,8,„,PUNCT,--
de,197,9,aber,CCONJ,aber
de,197,10,ich,PRON,ich
de,197,11,weiß,VERB,wissen
de,197,12,nicht,PART,nicht
de,197,13,",",PUNCT,--
de,197,14,welchen,DET,welcher
de,197,15,Sinn,NOUN,Sinn
de,197,16,das,PRON,der
de,197,17,haben,VERB,haben
de,197,18,sollte,AUX,sollen
de,197,19,",",PUNCT,--
de,197,20,es,PRON,es
de,197,21,müßte,AUX,müssen
de,197,22,denn,ADV,denn
de,197,23,sein,AUX,sein
de,197,24,",",PUNCT,--
de,197,25,daß,SCONJ,daß
de,197,26,Sie,PRON,sie
de,197,27,irgendeine,DET,irgendein
de,197,28,private,ADJ,privat
de,197,29,Angelegenheit,NOUN,Angelegenheit
de,197,30,mit,ADP,mit
de,197,31,ihm,PRON,ihm
de,197,32,zu,PART,zu
de,197,33,besprechen,VERB,besprechen
de,197,34,haben,AUX,haben
de,197,35,.,PUNCT,--
de,197,36,“,PUNCT,--
de,198,0,„,PUNCT,--
de,198,1,Welchen,DET,welchenr
de,198,2,Sinn,NOUN,Sinn
de,198,3,?,PUNCT,--
de,198,4,“,PUNCT,--
de,198,5,rief,VERB,rufen
de,198,6,K.,PROPN,K.
de,198,7,mehr,ADV,mehr
de,198,8,bestürzt,ADV,bestürzt
de,198,9,als,ADP,als
de,198,10,geärgert,VERB,ärgern
de,198,11,.,PUNCT,--
de,202,0,Die,DET,der
de,202,1,Herren,NOUN,Herr
de,202,2,haben,AUX,haben
de,202,3,mich,PRON,mich
de,202,4,zuerst,ADV,zuerst
de,202,5,überfallen,VERB,überfallen
de,202,6,und,CCONJ,und
de,202,7,jetzt,ADV,jetzt
de,202,8,sitzen,VERB,sitzen
de,202,9,oder,CCONJ,oder
de,202,10,stehn,VERB,stehnn
de,202,11,sie,PRON,sie
de,202,12,hier,ADV,hier
de,202,13,herum,ADV,herum
de,202,14,und,CCONJ,und
de,202,15,lassen,VERB,lassen
de,202,16,mich,PRON,sich
de,202,17,vor,ADP,vor
de,202,18,Ihnen,PRON,ihnen
de,202,19,die,DET,der
de,202,20,hohe,ADJ,hoch
de,202,21,Schule,NOUN,Schule
de,202,22,reiten,VERB,reiten
de,202,23,.,PUNCT,--
de,210,0,„,PUNCT,--
de,210,1,Weg,NOUN,Weg
de,210,2,von,ADP,von
de,210,3,dort,ADV,dort
de,210,4,",",PUNCT,--
de,210,5,“,PUNCT,--
de,210,6,rief,VERB,rufen
de,210,7,er,PRON,er
de,210,8,dann,ADV,dann
de,210,9,hinüber,ADV,hinüber
de,210,10,.,PUNCT,--
de,225,0,Nein,PART,nein
de,225,1,",",PUNCT,--
de,225,2,nein,PART,nein
de,225,3,",",PUNCT,--
de,225,4,das,PRON,der
de,225,5,geht,VERB,gehen
de,225,6,wirklich,ADV,wirklich
de,225,7,nicht,PART,nicht
de,225,8,.,PUNCT,--
de,243,0,Auch,ADV,auch
de,243,1,die,DET,der
de,243,2,andern,NOUN,anderer
de,243,3,hatten,AUX,haben
de,243,4,sich,PRON,sich
de,243,5,genähert,VERB,nähern
de,243,6,.,PUNCT,--
de,254,0,Wie,ADV,wie
de,254,1,hatte,AUX,haben
de,254,2,K.,PROPN,K.
de,254,3,das,PRON,der
de,254,4,übersehen,VERB,übersehen
de,254,5,können,AUX,können
de,254,6,?,PUNCT,--
de,265,0,Kaminer,NOUN,Kaminer
de,265,1,lief,VERB,laufen
de,265,2,zur,ADP,zu
de,265,3,Ecke,NOUN,Ecke
de,265,4,",",PUNCT,--
de,265,5,um,SCONJ,um
de,265,6,den,DET,der
de,265,7,Wagen,NOUN,Wagen
de,265,8,zu,PART,zu
de,265,9,holen,VERB,holen
de,265,10,",",PUNCT,--
de,265,11,die,PRON,der
de,265,12,zwei,NUM,zwei
de,265,13,andern,PRON,anderer
de,265,14,versuchten,VERB,versuchen
de,265,15,offensichtlich,ADV,offensichtlich
de,265,16,K.,PROPN,K.
de,265,17,zu,PART,zu
de,265,18,zerstreuen,VERB,zerstreuen
de,265,19,",",PUNCT,--
de,265,20,als,SCONJ,als
de,265,21,plötzlich,ADV,plötzlich
de,265,22,Kullich,ADV,Kullich
de,265,23,auf,ADP,auf
de,265,24,das,DET,der
de,265,25,gegenüberliegende,ADJ,gegenüberliegend
de,265,26,Haustor,NOUN,Haustor
de,265,27,zeigte,VERB,zeigen
de,265,28,",",PUNCT,--
de,265,29,in,ADP,in
de,265,30,dem,PRON,der
de,265,31,eben,ADV,eben
de,265,32,der,DET,der
de,265,33,große,ADJ,groß
de,265,34,Mann,NOUN,Mann
de,265,35,mit,ADP,mit
de,265,36,dem,DET,der
de,265,37,blonden,ADJ,blond
de,265,38,Spitzbart,NOUN,Spitzbart
de,265,39,erschien,VERB,erscheinen
de,265,40,und,CCONJ,und
de,265,41,im,ADP,in
de,265,42,ersten,ADJ,erster
de,265,43,Augenblick,NOUN,Augenblick
de,265,44,",",PUNCT,--
de,265,45,ein,DET,ein
de,265,46,wenig,PRON,wenig
de,265,47,verlegen,ADV,verlegen
de,265,48,darüber,ADV,darüber
de,265,49,",",PUNCT,--
de,265,50,daß,SCONJ,daß
de,265,51,er,PRON,er
de,265,52,sich,PRON,sich
de,265,53,jetzt,ADV,jetzt
de,265,54,in,ADP,in
de,265,55,seiner,DET,sein
de,265,56,ganzen,ADJ,ganz
de,265,57,Größe,NOUN,Größe
de,265,58,zeigte,VERB,zeigen
de,265,59,",",PUNCT,--
de,265,60,zur,ADP,zu
de,265,61,Wand,NOUN,Wand
de,265,62,zurücktrat,VERB,zurücktreten
de,265,63,und,CCONJ,und
de,265,64,sich,PRON,sich
de,265,65,anlehnte,VERB,anlehnen
de,265,66,.,PUNCT,--
de,270,0,Da,ADV,da
de,270,1,erinnerte,VERB,erinnern
de,270,2,sich,PRON,sich
de,270,3,K.,PROPN,K.
de,270,4,",",PUNCT,--
de,270,5,daß,SCONJ,daß
de,270,6,er,PRON,er
de,270,7,das,DET,der
de,270,8,Weggehn,NOUN,Weggehn
de,270,9,des,DET,der
de,270,10,Aufsehers,NOUN,Aufseher
de,270,11,und,CCONJ,und
de,270,12,der,DET,der
de,270,13,Wächter,NOUN,Wächter
de,270,14,gar,ADV,gar
de,270,15,nicht,PART,nicht
de,270,16,bemerkt,VERB,bemerken
de,270,17,hatte,AUX,haben
de,270,18,",",PUNCT,--
de,270,19,der,DET,der
de,270,20,Aufseher,NOUN,Aufseher
de,270,21,hatte,AUX,haben
de,270,22,ihm,PRON,ihm
de,270,23,die,DET,der
de,270,24,drei,NUM,drei
de,270,25,Beamten,NOUN,Beamter
de,270,26,verdeckt,VERB,verdecken
de,270,27,und,CCONJ,und
de,270,28,nun,ADV,nun
de,270,29,wieder,ADV,wieder
de,270,30,die,DET,der
de,270,31,Beamten,NOUN,Beamter
de,270,32,den,DET,der
de,270,33,Aufseher,NOUN,Aufseher
de,270,34,.,PUNCT,--
de,277,0,Außerdem,ADV,außerdem
de,277,1,ging,VERB,gehen
de,277,2,K.,PROPN,K.
de,277,3,einmal,ADV,einmal
de,277,4,in,ADP,in
de,277,5,der,DET,der
de,277,6,Woche,NOUN,Woche
de,277,7,zu,ADP,zu
de,277,8,einem,DET,ein
de,277,9,Mädchen,NOUN,Mädchen
de,277,10,namens,ADP,namens
de,277,11,Elsa,PROPN,Elsa
de,277,12,",",PUNCT,--
de,277,13,die,PRON,der
de,277,14,während,ADP,während
de,277,15,der,DET,der
de,277,16,Nacht,NOUN,Nacht
de,277,17,bis,ADP,bis
de,277,18,in,ADP,in
de,277,19,den,DET,der
de,277,20,späten,ADJ,spät
de,277,21,Morgen,NOUN,Morgen
de,277,22,als,ADP,als
de,277,23,Kellnerin,NOUN,Kellnerin
de,277,24,in,ADP,in
de,277,25,einer,DET,ein
de,277,26,Weinstube,NOUN,Weinstube
de,277,27,bediente,VERB,bedienen
de,277,28,und,CCONJ,und
de,277,29,während,ADP,während
de,277,30,des,DET,der
de,277,31,Tages,NOUN,Tag
de,277,32,nur,ADV,nur
de,277,33,vom,ADP,von
de,277,34,Bett,NOUN,Bett
de,277,35,aus,ADP,aus
de,277,36,Besuche,NOUN,Besuch
de,277,37,empfing,VERB,empfangen
de,277,38,.,PUNCT,--
de,284,0,Als,SCONJ,als
de,284,1,er,PRON,er
de,284,2,um,ADP,um
de,284,3,½10,NOUN,½10
de,284,4,Uhr,NOUN,Uhr
de,284,5,abends,ADV,abends
de,284,6,vor,ADP,vor
de,284,7,dem,DET,der
de,284,8,Hause,NOUN,Haus
de,284,9,",",PUNCT,--
de,284,10,in,ADP,in
de,284,11,dem,PRON,der
de,284,12,er,PRON,er
de,284,13,wohnte,VERB,wohnen
de,284,14,",",PUNCT,--
de,284,15,ankam,VERB,ankommen
de,284,16,",",PUNCT,--
de,284,17,traf,VERB,treffen
de,284,18,er,PRON,er
de,284,19,im,ADP,in
de,284,20,Haustor,NOUN,Haustor
de,284,21,einen,DET,ein
de,284,22,jungen,ADJ,jung
de,284,23,Burschen,NOUN,Bursch
de,284,24,",",PUNCT,--
de,284,25,der,PRON,der
de,284,26,dort,ADV,dort
de,284,27,breitbeinig,ADV,breitbeinig
de,284,28,stand,VERB,stehen
de,284,29,und,CCONJ,und
de,284,30,eine,DET,ein
de,284,31,Pfeife,NOUN,Pfeife
de,284,32,rauchte,VERB,rauchen
de,284,33,.,PUNCT,--
de,293,0,Sie,PRON,sie
de,293,1,saß,VERB,sitzen
de,293,2,mit,ADP,mit
de,293,3,einem,DET,ein
de,293,4,Strickstrumpf,NOUN,Strickstrumpf
de,293,5,am,ADP,an
de,293,6,Tisch,NOUN,Tisch
de,293,7,",",PUNCT,--
de,293,8,auf,ADP,auf
de,293,9,dem,PRON,der
de,293,10,noch,ADV,noch
de,293,11,ein,DET,ein
de,293,12,Haufen,NOUN,Haufen
de,293,13,alter,ADJ,alt
de,293,14,Strümpfe,NOUN,Strümpfe
de,293,15,lag,VERB,liegen
de,293,16,.,PUNCT,--
de,305,0,„,PUNCT,--
de,305,1,Ach,INTJ,ach
de,305,2,so,ADV,so
de,305,3,",",PUNCT,--
de,305,4,“,PUNCT,--
de,305,5,sagte,VERB,sagen
de,305,6,sie,PRON,sie
de,305,7,und,CCONJ,und
de,305,8,kehrte,VERB,kehren
de,305,9,wieder,ADV,wieder
de,305,10,in,ADP,in
de,305,11,ihre,DET,ihr
de,305,12,Ruhe,NOUN,Ruhe
de,305,13,zurück,ADV,zurück
de,305,14,",",PUNCT,--
de,305,15,„,PUNCT,--
de,305,16,das,PRON,der
de,305,17,hat,AUX,haben
de,305,18,mir,PRON,mir
de,305,19,keine,DET,kein
de,305,20,besondere,ADJ,besonderer
de,305,21,Arbeit,NOUN,Arbeit
de,305,22,gemacht,VERB,machen
de,305,23,.,PUNCT,--
de,305,24,“,PUNCT,--
de,312,0,„,PUNCT,--
de,312,1,Meinen,VERB,meinen
de,312,2,Sie,PRON,sie
de,312,3,das,PRON,der
de,312,4,ernstlich,ADV,ernstlich
de,312,5,?,PUNCT,--
de,312,6,“,PUNCT,--
de,312,7,fragte,VERB,fragen
de,312,8,K.,PROPN,K.
de,312,9,„,PUNCT,--
de,312,10,Ja,PART,ja
de,312,11,",",PUNCT,--
de,312,12,“,PUNCT,--
de,312,13,sagte,VERB,sagen
de,312,14,sie,PRON,sie
de,312,15,leiser,ADV,leise
de,312,16,",",PUNCT,--
de,312,17,„,PUNCT,--
de,312,18,aber,CCONJ,aber
de,312,19,vor,ADP,vor
de,312,20,allem,PRON,alle
de,312,21,dürfen,AUX,dürfen
de,312,22,Sie,PRON,sie
de,312,23,es,PRON,es
de,312,24,nicht,PART,nicht
de,312,25,zu,PART,zu
de,312,26,schwer,ADV,schwer
de,312,27,nehmen,VERB,nehmen
de,312,28,.,PUNCT,--
de,313,0,Was,PRON,was
de,313,1,geschieht,VERB,geschehen
de,313,2,nicht,PART,nicht
de,313,3,alles,PRON,alle
de,313,4,in,ADP,in
de,313,5,der,DET,der
de,313,6,Welt,NOUN,Welt
de,313,7,!,PUNCT,--
de,330,0,Sie,PRON,sie
de,330,1,stand,VERB,stehen
de,330,2,auf,ADP,auf
de,330,3,",",PUNCT,--
de,330,4,weil,SCONJ,weil
de,330,5,auch,ADV,auch
de,330,6,er,PRON,er
de,330,7,aufgestanden,VERB,aufstehen
de,330,8,war,AUX,sein
de,330,9,",",PUNCT,--
de,330,10,sie,PRON,sie
de,330,11,war,AUX,sein
de,330,12,ein,DET,ein
de,330,13,wenig,PRON,wenig
de,330,14,befangen,ADV,befangen
de,330,15,",",PUNCT,--
de,330,16,weil,SCONJ,weil
de,330,17,ihr,PRON,ihr
de,330,18,nicht,PART,nicht
de,330,19,alles,PRON,alle
de,330,20,",",PUNCT,--
de,330,21,was,PRON,wer
de,330,22,K.,PROPN,K.
de,330,23,gesagt,VERB,sagen
de,330,24,hatte,AUX,haben
de,330,25,",",PUNCT,--
de,330,26,verständlich,ADV,verständlich
de,330,27,gewesen,AUX,sein
de,330,28,war,AUX,sein
de,330,29,.,PUNCT,--
de,336,0,Wollten,AUX,Wollten
de,336,1,Sie,PRON,sie
de,336,2,etwas,PRON,etwas
de,336,3,von,ADP,von
de,336,4,ihr,PRON,ihr
de,336,5,?,PUNCT,--
de,337,0,Soll,AUX,sollen
de,337,1,ich,PRON,ich
de,337,2,ihr,PRON,ihr
de,337,3,etwas,PRON,etwas
de,337,4,ausrichten,VERB,ausrichten
de,337,5,?,PUNCT,--
de,337,6,“,PUNCT,--
de,340,0,„,PUNCT,--
de,340,1,Das,PRON,der
de,340,2,ist,AUX,sein
de,340,3,ja,ADV,ja
de,340,4,ganz,ADV,ganz
de,340,5,gleichgültig,ADV,gleichgültig
de,340,6,",",PUNCT,--
de,340,7,“,PUNCT,--
de,340,8,sagte,VERB,sagen
de,340,9,K.,PROPN,K.
de,340,10,und,CCONJ,und
de,340,11,drehte,VERB,drehen
de,340,12,schon,ADV,schon
de,340,13,den,DET,der
de,340,14,gesenkten,ADJ,gesenkt
de,340,15,Kopf,NOUN,Kopf
de,340,16,der,DET,der
de,340,17,Tür,NOUN,Tür
de,340,18,zu,ADP,zu
de,340,19,",",PUNCT,--
de,340,20,um,SCONJ,um
de,340,21,wegzugehn,VERB,Wegzugehn
de,340,22,",",PUNCT,--
de,340,23,„,PUNCT,--
de,340,24,ich,PRON,ich
de,340,25,wollte,AUX,wollen
de,340,26,mich,PRON,sich
de,340,27,nur,ADV,nur
de,340,28,bei,ADP,bei
de,340,29,ihr,PRON,ihr
de,340,30,entschuldigen,VERB,entschuldigen
de,340,31,",",PUNCT,--
de,340,32,daß,SCONJ,daß
de,340,33,ich,PRON,ich
de,340,34,heute,ADV,heute
de,340,35,ihr,DET,ihr
de,340,36,Zimmer,NOUN,Zimmer
de,340,37,in,ADP,in
de,340,38,Anspruch,NOUN,Anspruch
de,340,39,genommen,VERB,nehmen
de,340,40,habe,AUX,haben
de,340,41,.,PUNCT,--
de,340,42,“,PUNCT,--
de,366,0,Sofort,ADV,Sofort
de,366,1,aber,ADV,aber
de,366,2,erschien,VERB,erscheinen
de,366,3,ihm,PRON,ihm
de,366,4,das,DET,der
de,366,5,entsetzlich,ADV,entsetzlich
de,366,6,übertrieben,ADV,übertrieben
de,366,7,und,CCONJ,und
de,366,8,er,PRON,er
de,366,9,hatte,AUX,haben
de,366,10,sogar,ADV,sogar
de,366,11,den,DET,der
de,366,12,Verdacht,NOUN,Verdacht
de,366,13,gegen,ADP,gegen
de,366,14,sich,PRON,sich
de,366,15,",",PUNCT,--
de,366,16,daß,SCONJ,daß
de,366,17,er,PRON,er
de,366,18,darauf,ADV,darauf
de,366,19,ausging,VERB,ausgehen
de,366,20,",",PUNCT,--
de,366,21,die,DET,der
de,366,22,Wohnung,NOUN,Wohnung
de,366,23,wegen,ADP,wegen
de,366,24,der,DET,der
de,366,25,Vorfälle,NOUN,Vorfall
de,366,26,am,ADP,an
de,366,27,Morgen,NOUN,Morgen
de,366,28,zu,PART,zu
de,366,29,wechseln,VERB,wechseln
de,366,30,.,PUNCT,--
de,369,0,Etwa,ADV,etwa
de,369,1,bis,ADP,bis
de,369,2,11,NUM,11
de,369,3,Uhr,NOUN,Uhr
de,369,4,lag,VERB,liegen
de,369,5,er,PRON,er
de,369,6,ruhig,ADV,ruhig
de,369,7,",",PUNCT,--
de,369,8,eine,DET,ein
de,369,9,Zigarre,NOUN,Zigarre
de,369,10,rauchend,ADV,rauchend
de,369,11,",",PUNCT,--
de,369,12,auf,ADP,auf
de,369,13,dem,DET,der
de,369,14,Kanapee,NOUN,Kanapee
de,369,15,.,PUNCT,--
de,373,0,Beides,PRON,beide
de,373,1,konnte,AUX,können
de,373,2,er,PRON,er
de,373,3,allerdings,ADV,allerdings
de,373,4,noch,ADV,noch
de,373,5,dadurch,ADV,dadurch
de,373,6,nachholen,VERB,nachholen
de,373,7,",",PUNCT,--
de,373,8,daß,SCONJ,daß
de,373,9,er,PRON,er
de,373,10,jetzt,ADV,jetzt
de,373,11,in,ADP,in
de,373,12,das,DET,der
de,373,13,Weinlokal,NOUN,Weinlokal
de,373,14,ging,VERB,gehen
de,373,15,",",PUNCT,--
de,373,16,in,ADP,in
de,373,17,dem,PRON,der
de,373,18,Elsa,PROPN,Elsa
de,373,19,bedienstet,VERB,bediensten
de,373,20,war,AUX,sein
de,373,21,.,PUNCT,--
de,381,0,In,ADP,in
de,381,1,seiner,DET,sein
de,381,2,Hilflosigkeit,NOUN,Hilflosigkeit
de,381,3,und,CCONJ,und
de,381,4,da,ADV,da
de,381,5,keine,DET,kein
de,381,6,Zeit,NOUN,Zeit
de,381,7,zu,PART,zu
de,381,8,verlieren,VERB,verlieren
de,381,9,war,AUX,sein
de,381,10,",",PUNCT,--
de,381,11,flüsterte,VERB,flüstern
de,381,12,er,PRON,er
de,381,13,durch,ADP,durch
de,381,14,den,DET,der
de,381,15,Türspalt,NOUN,Türspalt
de,381,16,:,PUNCT,--
de,381,17,„,PUNCT,--
de,381,18,Fräulein,NOUN,Fräulein
de,381,19,Bürstner,PROPN,Bürstner
de,381,20,.,PUNCT,--
de,381,21,“,PUNCT,--
de,402,0,Sie,PRON,sie
de,402,1,kreuzte,VERB,kreuzen
de,402,2,leicht,ADV,leicht
de,402,3,die,DET,der
de,402,4,Beine,NOUN,Bein
de,402,5,.,PUNCT,--
de,408,0,„,PUNCT,--
de,408,1,Aber,CCONJ,aber
de,408,2,doch,ADV,doch
de,408,3,das,DET,der
de,408,4,eigentlich,ADV,eigentlich
de,408,5,Interessante,NOUN,interessante
de,408,6,",",PUNCT,--
de,408,7,“,PUNCT,--
de,408,8,sagte,VERB,sagen
de,408,9,Fräulein,NOUN,Fräulein
de,408,10,Bürstner,PROPN,Bürstner
de,408,11,.,PUNCT,--
de,417,0,„,PUNCT,--
de,417,1,Es,PRON,es
de,417,2,ist,AUX,sein
de,417,3,sonderbar,ADV,sonderbar
de,417,4,",",PUNCT,--
de,417,5,“,PUNCT,--
de,417,6,sagte,VERB,sagen
de,417,7,Fräulein,NOUN,Fräulein
de,417,8,Bürstner,PROPN,Bürstner
de,417,9,",",PUNCT,--
de,417,10,„,PUNCT,--
de,417,11,daß,SCONJ,daß
de,417,12,ich,PRON,ich
de,417,13,gezwungen,VERB,zwingen
de,417,14,bin,AUX,sein
de,417,15,",",PUNCT,--
de,417,16,Ihnen,PRON,ihnen
de,417,17,etwas,PRON,etwas
de,417,18,zu,PART,zu
de,417,19,verbieten,VERB,verbieten
de,417,20,",",PUNCT,--
de,417,21,was,PRON,was
de,417,22,Sie,PRON,sie
de,417,23,sich,PRON,sich
de,417,24,selbst,ADV,selbst
de,417,25,verbieten,VERB,verbieten
de,417,26,müßten,AUX,müssen
de,417,27,",",PUNCT,--
de,417,28,nämlich,ADV,nämlich
de,417,29,in,ADP,in
de,417,30,meiner,DET,mein
de,417,31,Abwesenheit,NOUN,Abwesenheit
de,417,32,mein,DET,mein
de,417,33,Zimmer,NOUN,Zimmer
de,417,34,zu,PART,zu
de,417,35,betreten,VERB,betreten
de,417,36,.,PUNCT,--
de,417,37,“,PUNCT,--
de,423,0,„,PUNCT,--
de,423,1,Doch,CCONJ,doch
de,423,2,",",PUNCT,--
de,423,3,“,PUNCT,--
de,423,4,sagte,VERB,sagen
de,423,5,K.,PROPN,K.
de,423,6,",",PUNCT,--
de,423,7,„,PUNCT,--
de,423,8,glauben,VERB,glauben
de,423,9,Sie,PRON,sie
de,423,10,denn,ADV,denn
de,423,11,",",PUNCT,--
de,423,12,daß,SCONJ,daß
de,423,13,ich,PRON,ich
de,423,14,schuldlos,ADV,schuldlos
de,423,15,bin,AUX,sein
de,423,16,?,PUNCT,--
de,423,17,“,PUNCT,--
de,429,0,„,PUNCT,--
de,429,1,Nein,PART,nein
de,429,2,",",PUNCT,--
de,429,3,das,PRON,der
de,429,4,habe,VERB,haben
de,429,5,ich,PRON,ich
de,429,6,nicht,PART,nicht
de,429,7,",",PUNCT,--
de,429,8,“,PUNCT,--
de,429,9,sagte,VERB,sagen
de,429,10,Fräulein,NOUN,Fräulein
de,429,11,Bürstner,PROPN,Bürstner
de,429,12,„,PUNCT,--
de,429,13,und,CCONJ,und
de,429,14,habe,AUX,haben
de,429,15,es,PRON,es
de,429,16,auch,ADV,auch
de,429,17,schon,ADV,schon
de,429,18,oft,ADV,oft
de,429,19,bedauert,VERB,bedauern
de,429,20,",",PUNCT,--
de,429,21,denn,CCONJ,denn
de,429,22,ich,PRON,ich
de,429,23,möchte,AUX,möchten
de,429,24,alles,PRON,alle
de,429,25,wissen,VERB,wissen
de,429,26,",",PUNCT,--
de,429,27,und,CCONJ,und
de,429,28,gerade,ADV,gerade
de,429,29,Gerichtssachen,NOUN,Gerichtssache
de,429,30,interessieren,VERB,interessieren
de,429,31,mich,PRON,mich
de,429,32,ungemein,ADV,ungemein
de,429,33,.,PUNCT,--
de,430,0,Das,DET,der
de,430,1,Gericht,NOUN,Gericht
de,430,2,hat,AUX,haben
de,430,3,eine,DET,ein
de,430,4,eigentümliche,ADJ,eigentümlich
de,430,5,Anziehungskraft,NOUN,Anziehungskraft
de,430,6,",",PUNCT,--
de,430,7,nicht,PART,nicht
de,430,8,?,PUNCT,--
de,453,0,„,PUNCT,--
de,453,1,Sie,PRON,sie
de,453,2,kamen,VERB,kommen
de,453,3,so,ADV,so
de,453,4,spät,ADV,spät
de,453,5,",",PUNCT,--
de,453,6,“,PUNCT,--
de,453,7,sagte,VERB,sagen
de,453,8,K.,PROPN,K.
de,453,9,„,PUNCT,--
de,458,0,„,PUNCT,--
de,458,1,Dann,ADV,dann
de,458,2,kann,AUX,können
de,458,3,ich,PRON,ich
de,458,4,es,PRON,es
de,458,5,Ihnen,PRON,ihnen
de,458,6,nicht,PART,nicht
de,458,7,zeigen,VERB,zeigen
de,458,8,",",PUNCT,--
de,458,9,“,PUNCT,--
de,458,10,sagte,VERB,sagen
de,458,11,K.,PROPN,K.
de,458,12,aufgeregt,ADV,aufgeregt
de,458,13,",",PUNCT,--
de,458,14,als,SCONJ,als
de,458,15,füge,VERB,fügen
de,458,16,man,PRON,man
de,458,17,ihm,PRON,ihm
de,458,18,dadurch,ADV,dadurch
de,458,19,einen,DET,ein
de,458,20,unermeßlichen,ADJ,unermeßlich
de,458,21,Schaden,NOUN,Schaden
de,458,22,zu,ADP,zu
de,458,23,.,PUNCT,--
de,465,0,Ja,PART,ja
de,465,1,",",PUNCT,--
de,465,2,ich,PRON,ich
de,465,3,vergesse,VERB,vergessen
de,465,4,mich,PRON,sich
de,465,5,",",PUNCT,--
de,465,6,die,DET,der
de,465,7,wichtigste,ADJ,wichtig
de,465,8,Person,NOUN,Person
de,465,9,",",PUNCT,--
de,465,10,also,ADV,also
de,465,11,ich,PRON,ich
de,465,12,",",PUNCT,--
de,465,13,stehe,VERB,stehen
de,465,14,hier,ADV,hier
de,465,15,vor,ADP,vor
de,465,16,dem,DET,der
de,465,17,Tischchen,NOUN,Tischchen
de,465,18,.,PUNCT,--
de,472,0,K.,PROPN,K.
de,472,1,erschrak,VERB,erschrak
de,472,2,deshalb,ADV,deshalb
de,472,3,besonders,ADV,besonders
de,472,4,stark,ADV,stark
de,472,5,",",PUNCT,--
de,472,6,weil,SCONJ,weil
de,472,7,er,PRON,er
de,472,8,noch,ADV,noch
de,472,9,ein,DET,ein
de,472,10,Weilchen,NOUN,Weilchen
de,472,11,ganz,ADV,ganz
de,472,12,unfähig,ADV,unfähig
de,472,13,war,AUX,sein
de,472,14,",",PUNCT,--
de,472,15,an,ADP,an
de,472,16,etwas,DET,etwas
de,472,17,anderes,PRON,anderer
de,472,18,zu,PART,zu
de,472,19,denken,VERB,denken
de,472,20,als,ADP,als
de,472,21,an,ADP,an
de,472,22,die,DET,der
de,472,23,Vorfälle,NOUN,Vorfall
de,472,24,des,DET,der
de,472,25,Morgens,NOUN,Morgen
de,472,26,und,CCONJ,und
de,472,27,an,ADP,an
de,472,28,das,DET,der
de,472,29,Mädchen,NOUN,Mädchen
de,472,30,",",PUNCT,--
de,472,31,dem,PRON,der
de,472,32,er,PRON,er
de,472,33,sie,PRON,sie
de,472,34,vorführte,VERB,vorführn
de,472,35,.,PUNCT,--
de,478,0,Es,PRON,es
de,478,1,ist,AUX,sein
de,478,2,gerade,ADV,gerade
de,478,3,kein,DET,kein
de,478,4,anderes,ADJ,anderer
de,478,5,Zimmer,NOUN,Zimmer
de,478,6,frei,ADV,frei
de,478,7,.,PUNCT,--
de,493,0,Wollen,AUX,wollen
de,493,1,Sie,PRON,sie
de,493,2,verbreitet,VERB,verbreiten
de,493,3,haben,AUX,haben
de,493,4,",",PUNCT,--
de,493,5,daß,SCONJ,daß
de,493,6,ich,PRON,ich
de,493,7,Sie,PRON,sie
de,493,8,überfallen,VERB,überfallen
de,493,9,habe,AUX,haben
de,493,10,",",PUNCT,--
de,493,11,so,ADV,so
de,493,12,wird,AUX,werden
de,493,13,Frau,NOUN,Frau
de,493,14,Grubach,PROPN,Grubach
de,493,15,in,ADP,in
de,493,16,diesem,DET,dieser
de,493,17,Sinne,NOUN,Sinn
de,493,18,unterrichtet,VERB,unterrichten
de,493,19,werden,AUX,werden
de,493,20,und,CCONJ,und
de,493,21,wird,AUX,werden
de,493,22,es,PRON,es
de,493,23,glauben,VERB,glauben
de,493,24,",",PUNCT,--
de,493,25,ohne,SCONJ,ohne
de,493,26,das,DET,der
de,493,27,Vertrauen,NOUN,vertrauen
de,493,28,zu,ADP,zu
de,493,29,mir,PRON,mir
de,493,30,zu,PART,zu
de,493,31,verlieren,VERB,verlieren
de,493,32,",",PUNCT,--
de,493,33,so,ADV,so
de,493,34,sehr,ADV,sehr
de,493,35,hängt,VERB,hängen
de,493,36,sie,PRON,sie
de,493,37,an,ADP,an
de,493,38,mir,PRON,mir
de,493,39,.,PUNCT,--
de,493,40,“,PUNCT,--
de,501,0,Ich,PRON,ich
de,501,1,kann,AUX,können
de,501,2,für,ADP,für
de,501,3,alles,PRON,alle
de,501,4,",",PUNCT,--
de,501,5,was,PRON,wer
de,501,6,in,ADP,in
de,501,7,meinem,DET,mein
de,501,8,Zimmer,NOUN,Zimmer
de,501,9,geschieht,VERB,geschehen
de,501,10,",",PUNCT,--
de,501,11,die,DET,der
de,501,12,Verantwortung,NOUN,Verantwortung
de,501,13,tragen,VERB,tragen
de,501,14,",",PUNCT,--
de,501,15,und,CCONJ,und
de,501,16,zwar,ADV,zwar
de,501,17,gegenüber,ADP,gegenüber
de,501,18,jedem,PRON,jeder
de,501,19,.,PUNCT,--
de,510,0,Aber,CCONJ,aber
de,510,1,vor,ADP,vor
de,510,2,der,DET,der
de,510,3,Tür,NOUN,Tür
de,510,4,",",PUNCT,--
de,510,5,als,SCONJ,als
de,510,6,hätte,AUX,haben
de,510,7,er,PRON,er
de,510,8,nicht,PART,nicht
de,510,9,erwartet,VERB,erwarten
de,510,10,",",PUNCT,--
de,510,11,hier,ADV,hier
de,510,12,eine,DET,ein
de,510,13,Tür,NOUN,Tür
de,510,14,zu,PART,zu
de,510,15,finden,VERB,finden
de,510,16,",",PUNCT,--
de,510,17,stockte,VERB,stocken
de,510,18,er,PRON,er
de,510,19,",",PUNCT,--
de,510,20,diesen,DET,dieser
de,510,21,Augenblick,NOUN,Augenblick
de,510,22,benutzte,ADJ,benutzt
de,510,23,Fräulein,NOUN,Fräulein
de,510,24,Bürstner,PROPN,Bürstner
de,510,25,",",PUNCT,--
de,510,26,sich,PRON,sich
de,510,27,loszumachen,VERB,losmachen
de,510,28,",",PUNCT,--
de,510,29,die,DET,der
de,510,30,Tür,NOUN,Tür
de,510,31,zu,PART,zu
de,510,32,öffnen,VERB,öffnen
de,510,33,",",PUNCT,--
de,510,34,ins,ADP,in
de,510,35,Vorzimmer,NOUN,Vorzimmer
de,510,36,zu,PART,zu
de,510,37,schlüpfen,VERB,schlüpfen
de,510,38,und,CCONJ,und
de,510,39,von,ADP,von
de,510,40,dort,ADV,dort
de,510,41,aus,ADP,aus
de,510,42,K.,PROPN,K.
de,510,43,leise,ADV,leise
de,510,44,zu,PART,zu
de,510,45,sagen,VERB,sagen
de,510,46,:,PUNCT,--
de,510,47,„,PUNCT,--
de,510,48,Nun,ADV,nun
de,510,49,kommen,VERB,kommen
de,510,50,Sie,PRON,sie
de,510,51,doch,ADV,doch
de,510,52,",",PUNCT,--
de,510,53,bitte,ADV,bitte
de,510,54,.,PUNCT,--
de,529,0,Die,DET,der
de,529,1,Untersuchungen,NOUN,Untersuchung
de,529,2,wären,AUX,sein
de,529,3,beispielsweise,ADV,beispielsweise
de,529,4,auch,ADV,auch
de,529,5,in,ADP,in
de,529,6,der,DET,der
de,529,7,Nacht,NOUN,Nacht
de,529,8,möglich,ADV,möglich
de,529,9,",",PUNCT,--
de,529,10,aber,CCONJ,aber
de,529,11,da,ADV,da
de,529,12,sei,AUX,sein
de,529,13,wohl,ADV,wohl
de,529,14,K.,PROPN,K.
de,529,15,nicht,PART,nicht
de,529,16,frisch,ADV,frisch
de,529,17,genug,ADV,genug
de,529,18,.,PUNCT,--
de,552,0,Erst,ADV,erst
de,552,1,als,SCONJ,als
de,552,2,der,DET,der
de,552,3,Direktor-Stellvertreter,NOUN,Direktor-Stellvertreter
de,552,4,abläutete,VERB,abläuten
de,552,5,",",PUNCT,--
de,552,6,erschrak,VERB,erschrak
de,552,7,er,PRON,er
de,552,8,und,CCONJ,und
de,552,9,sagte,VERB,sagen
de,552,10,",",PUNCT,--
de,552,11,um,SCONJ,um
de,552,12,sein,DET,sein
de,552,13,unnützes,ADJ,unnütz
de,552,14,Dastehn,NOUN,dastehn
de,552,15,nur,ADV,nur
de,552,16,ein,DET,ein
de,552,17,wenig,PRON,wenig
de,552,18,zu,PART,zu
de,552,19,entschuldigen,VERB,entschuldigen
de,552,20,:,PUNCT,--
de,556,0,Der,DET,der
de,556,1,Direktor-Stellvertreter,NOUN,Direktor-Stellvertreter
de,556,2,sprach,VERB,sprechen
de,556,3,noch,ADV,noch
de,556,4,im,ADP,in
de,556,5,Weggehn,NOUN,Weggehn
de,556,6,über,ADP,über
de,556,7,andere,ADJ,anderer
de,556,8,Dinge,NOUN,Ding
de,556,9,.,PUNCT,--
de,562,0,Die,DET,der
de,562,1,ersten,ADJ,erster
de,562,2,zwei,NUM,zwei
de,562,3,fuhren,NOUN,fahren
de,562,4,in,ADP,in
de,562,5,einer,DET,ein
de,562,6,Elektrischen,NOUN,Elektrischen
de,562,7,quer,ADV,quer
de,562,8,über,ADP,über
de,562,9,K.s,PROPN,K.s
de,562,10,Weg,NOUN,Weg
de,562,11,",",PUNCT,--
de,562,12,Kaminer,NOUN,Kaminer
de,562,13,aber,ADV,aber
de,562,14,saß,VERB,sitzen
de,562,15,auf,ADP,auf
de,562,16,der,DET,der
de,562,17,Terrasse,NOUN,Terrasse
de,562,18,eines,DET,ein
de,562,19,Kaffeehauses,NOUN,Kaffeehaus
de,562,20,und,CCONJ,und
de,562,21,beugte,VERB,beugen
de,562,22,sich,PRON,sich
de,562,23,gerade,ADV,gerade
de,562,24,",",PUNCT,--
de,562,25,als,SCONJ,als
de,562,26,K.,PROPN,K.
de,562,27,vorüberkam,VERB,vorüberkommen
de,562,28,",",PUNCT,--
de,562,29,neugierig,ADV,neugierig
de,562,30,über,ADP,über
de,562,31,die,DET,der
de,562,32,Brüstung,NOUN,Brüstung
de,562,33,.,PUNCT,--
de,572,0,Dort,ADV,dort
de,572,1,gingen,VERB,gehen
de,572,2,Frauen,NOUN,Frau
de,572,3,aus,ADP,aus
de,572,4,und,CCONJ,und
de,572,5,ein,ADV,ein
de,572,6,oder,CCONJ,oder
de,572,7,standen,VERB,stehen
de,572,8,auf,ADP,auf
de,572,9,den,DET,der
de,572,10,Stufen,NOUN,Stufe
de,572,11,und,CCONJ,und
de,572,12,plauderten,VERB,plaudern
de,572,13,.,PUNCT,--
de,582,0,Vor,ADP,vor
de,582,1,einer,DET,ein
de,582,2,Pumpe,NOUN,Pumpe
de,582,3,stand,VERB,stehen
de,582,4,ein,DET,ein
de,582,5,schwaches,ADJ,schwach
de,582,6,junges,ADJ,jung
de,582,7,Mädchen,NOUN,Mädchen
de,582,8,in,ADP,in
de,582,9,einer,DET,ein
de,582,10,Nachtjoppe,NOUN,Nachtjoppe
de,582,11,und,CCONJ,und
de,582,12,blickte,VERB,blicken
de,582,13,",",PUNCT,--
de,582,14,während,SCONJ,während
de,582,15,das,DET,der
de,582,16,Wasser,NOUN,Wasser
de,582,17,in,ADP,in
de,582,18,ihre,DET,ihr
de,582,19,Kanne,NOUN,Kanne
de,582,20,strömte,VERB,strömen
de,582,21,",",PUNCT,--
de,582,22,auf,ADP,auf
de,582,23,K.,PROPN,K.
de,582,24,hin,ADV,hin
de,582,25,.,PUNCT,--
de,591,0,hätte,AUX,haben
de,591,1,er,PRON,er
de,591,2,sie,PRON,sie
de,591,3,abschütteln,VERB,abschütteln
de,591,4,wollen,AUX,wollen
de,591,5,",",PUNCT,--
de,591,6,hätte,AUX,haben
de,591,7,er,PRON,er
de,591,8,ihnen,PRON,ihnen
de,591,9,wehtun,VERB,wehtun
de,591,10,müssen,AUX,müssen
de,591,11,und,CCONJ,und
de,591,12,er,PRON,er
de,591,13,fürchtete,VERB,fürchten
de,591,14,ihr,DET,ihr
de,591,15,Geschrei,NOUN,Geschrei
de,591,16,.,PUNCT,--
de,612,0,K.,PROPN,K.
de,612,1,glaubte,VERB,glauben
de,612,2,in,ADP,in
de,612,3,eine,DET,ein
de,612,4,Versammlung,NOUN,Versammlung
de,612,5,einzutreten,VERB,eintreten
de,612,6,.,PUNCT,--
de,617,0,„,PUNCT,--
de,617,1,Sehr,ADV,sehr
de,617,2,vernünftig,ADV,vernünftig
de,617,3,",",PUNCT,--
de,617,4,“,PUNCT,--
de,617,5,sagte,VERB,sagen
de,617,6,K.,PROPN,K.
de,617,7,",",PUNCT,--
de,617,8,„,PUNCT,--
de,617,9,es,PRON,es
de,617,10,ist,AUX,sein
de,617,11,aber,ADV,aber
de,617,12,schon,ADV,schon
de,617,13,jetzt,ADV,jetzt
de,617,14,zu,PART,zu
de,617,15,voll,ADV,voll
de,617,16,.,PUNCT,--
de,617,17,“,PUNCT,--
de,623,0,dafür,ADV,dafür
de,623,1,sprach,VERB,sprechen
de,623,2,auch,ADV,auch
de,623,3,",",PUNCT,--
de,623,4,daß,SCONJ,daß
de,623,5,K.,PROPN,K.
de,623,6,in,ADP,in
de,623,7,den,DET,der
de,623,8,ersten,ADJ,erster
de,623,9,Reihen,NOUN,Reihe
de,623,10,rechts,ADV,rechts
de,623,11,und,CCONJ,und
de,623,12,links,ADV,links
de,623,13,kaum,ADV,kaum
de,623,14,ein,DET,ein
de,623,15,ihm,PRON,ihm
de,623,16,zugewendetes,ADJ,zugewendet
de,623,17,Gesicht,NOUN,Gesicht
de,623,18,sah,VERB,sehen
de,623,19,",",PUNCT,--
de,623,20,sondern,CCONJ,sondern
de,623,21,nur,ADV,nur
de,623,22,die,DET,der
de,623,23,Rücken,NOUN,Rücken
de,623,24,von,ADP,von
de,623,25,Leuten,NOUN,Leute
de,623,26,",",PUNCT,--
de,623,27,welche,PRON,welcher
de,623,28,ihre,DET,ihr
de,623,29,Reden,NOUN,Rede
de,623,30,und,CCONJ,und
de,623,31,Bewegungen,NOUN,Bewegung
de,623,32,nur,ADV,nur
de,623,33,an,ADP,an
de,623,34,Leute,NOUN,Leute
de,623,35,ihrer,DET,ihr
de,623,36,Partei,NOUN,Partei
de,623,37,richteten,VERB,richten
de,623,38,.,PUNCT,--
de,673,0,„,PUNCT,--
de,673,1,Es,PRON,es
de,673,2,hilft,VERB,helfen
de,673,3,nichts,PRON,nichts
de,673,4,",",PUNCT,--
de,673,5,“,PUNCT,--
de,673,6,fuhr,VERB,fahren
de,673,7,K.,PROPN,K.
de,673,8,fort,ADV,fort
de,673,9,",",PUNCT,--
de,673,10,„,PUNCT,--
de,673,11,auch,ADV,auch
de,673,12,Ihr,DET,ihr
de,673,13,Heftchen,NOUN,Heftchen
de,673,14,",",PUNCT,--
de,673,15,Herr,NOUN,Herr
de,673,16,Untersuchungsrichter,NOUN,Untersuchungsrichter
de,673,17,",",PUNCT,--
de,673,18,bestätigt,VERB,bestätigen
de,673,19,",",PUNCT,--
de,673,20,was,PRON,wer
de,673,21,ich,PRON,ich
de,673,22,sage,VERB,sagen
de,673,23,.,PUNCT,--
de,673,24,“,PUNCT,--
de,689,0,Auch,ADV,auch
de,689,1,K.,PROPN,K.
de,689,2,maß,VERB,maß
de,689,3,ihm,PRON,ihm
de,689,4,keine,DET,kein
de,689,5,Bedeutung,NOUN,Bedeutung
de,689,6,bei,ADP,bei
de,689,7,",",PUNCT,--
de,689,8,war,AUX,sein
de,689,9,aber,ADV,aber
de,689,10,doch,ADV,doch
de,689,11,aufgemuntert,VERB,aufgemuntern
de,689,12,;,PUNCT,--
de,710,0,Als,SCONJ,als
de,710,1,K.,PROPN,K.
de,710,2,sich,PRON,sich
de,710,3,hier,ADV,hier
de,710,4,unterbrach,VERB,unterbrechen
de,710,5,und,CCONJ,und
de,710,6,nach,ADP,nach
de,710,7,dem,DET,der
de,710,8,stillen,ADJ,still
de,710,9,Untersuchungsrichter,NOUN,Untersuchungsrichter
de,710,10,hinsah,VERB,hinsehen
de,710,11,",",PUNCT,--
de,710,12,glaubte,VERB,glauben
de,710,13,er,PRON,er
de,710,14,zu,PART,zu
de,710,15,bemerken,VERB,bemerken
de,710,16,",",PUNCT,--
de,710,17,daß,SCONJ,daß
de,710,18,dieser,PRON,dieser
de,710,19,gerade,ADV,gerade
de,710,20,mit,ADP,mit
de,710,21,einem,DET,ein
de,710,22,Blick,NOUN,Blick
de,710,23,jemandem,PRON,jemand
de,710,24,in,ADP,in
de,710,25,der,DET,der
de,710,26,Menge,NOUN,Menge
de,710,27,ein,DET,ein
de,710,28,Zeichen,NOUN,Zeichen
de,710,29,gab,VERB,geben
de,710,30,.,PUNCT,--
de,731,0,Und,CCONJ,und
de,731,1,der,DET,der
de,731,2,Sinn,NOUN,Sinn
de,731,3,dieser,DET,dieser
de,731,4,großen,ADJ,groß
de,731,5,Organisation,NOUN,Organisation
de,731,6,",",PUNCT,--
de,731,7,meine,DET,mein
de,731,8,Herren,NOUN,Herr
de,731,9,?,PUNCT,--
de,763,0,„,PUNCT,--
de,763,1,Ihr,PRON,ihr
de,763,2,Lumpen,NOUN,Lumpen
de,763,3,",",PUNCT,--
de,763,4,ich,PRON,ich
de,763,5,schenke,VERB,schenken
de,763,6,euch,PRON,euch
de,763,7,alle,DET,aller
de,763,8,Verhöre,NOUN,Verhöre
de,763,9,",",PUNCT,--
de,763,10,“,PUNCT,--
de,763,11,rief,VERB,rufen
de,763,12,er,PRON,er
de,763,13,",",PUNCT,--
de,763,14,öffnete,VERB,öffnen
de,763,15,die,DET,der
de,763,16,Tür,NOUN,Tür
de,763,17,und,CCONJ,und
de,763,18,eilte,VERB,eilen
de,763,19,die,DET,der
de,763,20,Treppe,NOUN,Treppe
de,763,21,hinunter,ADV,hinunter
de,763,22,.,PUNCT,--
de,769,0,DER,DET,DER
de,769,1,STUDENT,PROPN,STUDENT
de,769,2,·,ADJ,·
de,776,0,„,PUNCT,--
de,776,1,Warum,ADV,warum
de,776,2,sollte,AUX,sollen
de,776,3,keine,DET,kein
de,776,4,Sitzung,NOUN,Sitzung
de,776,5,sein,AUX,sein
de,776,6,?,PUNCT,--
de,776,7,“,PUNCT,--
de,776,8,fragte,VERB,fragen
de,776,9,er,PRON,er
de,776,10,und,CCONJ,und
de,776,11,wollte,AUX,wollen
de,776,12,es,PRON,es
de,776,13,nicht,PART,nicht
de,776,14,glauben,VERB,glauben
de,776,15,.,PUNCT,--
de,785,0,„,PUNCT,--
de,785,1,Nun,ADV,nun
de,785,2,",",PUNCT,--
de,785,3,dann,ADV,dann
de,785,4,gehe,VERB,gehen
de,785,5,ich,PRON,ich
de,785,6,wieder,ADV,wieder
de,785,7,",",PUNCT,--
de,785,8,“,PUNCT,--
de,785,9,sagte,VERB,sagen
de,785,10,K.,PROPN,K.
de,785,11,„,PUNCT,--
de,785,12,Soll,AUX,sollen
de,785,13,ich,PRON,ich
de,785,14,dem,DET,der
de,785,15,Untersuchungsrichter,NOUN,Untersuchungsrichter
de,785,16,etwas,PRON,etwas
de,785,17,melden,VERB,melden
de,785,18,?,PUNCT,--
de,785,19,“,PUNCT,--
de,785,20,fragte,VERB,fragen
de,785,21,die,DET,der
de,785,22,Frau,NOUN,Frau
de,785,23,.,PUNCT,--
de,788,0,Die,DET,der
de,788,1,Frau,NOUN,Frau
de,788,2,bemerkte,VERB,bemerken
de,788,3,sein,DET,sein
de,788,4,Staunen,NOUN,Staune
de,788,5,und,CCONJ,und
de,788,6,sagte,VERB,sagen
de,788,7,:,PUNCT,--
de,788,8,„,PUNCT,--
de,788,9,Ja,PART,ja
de,788,10,",",PUNCT,--
de,788,11,wir,PRON,wir
de,788,12,haben,VERB,haben
de,788,13,hier,ADV,hier
de,788,14,freie,ADJ,frei
de,788,15,Wohnung,NOUN,Wohnung
de,788,16,",",PUNCT,--
de,788,17,müssen,AUX,müssen
de,788,18,aber,ADV,aber
de,788,19,an,ADP,an
de,788,20,Sitzungstagen,NOUN,Sitzungstage
de,788,21,das,DET,der
de,788,22,Zimmer,NOUN,Zimmer
de,788,23,ausräumen,VERB,ausräumen
de,788,24,.,PUNCT,--
de,811,0,Aber,CCONJ,aber
de,811,1,ich,PRON,ich
de,811,2,bin,AUX,sein
de,811,3,dadurch,ADV,dadurch
de,811,4,",",PUNCT,--
de,811,5,daß,SCONJ,daß
de,811,6,ich,PRON,ich
de,811,7,angeblich,ADV,angeblich
de,811,8,verhaftet,VERB,verhaften
de,811,9,wurde,AUX,werden
de,811,10,—,PUNCT,--
de,811,11,ich,PRON,ich
de,811,12,bin,AUX,sein
de,811,13,nämlich,ADV,nämlich
de,811,14,verhaftet,VERB,verhaften
de,811,15,—,PUNCT,--
de,811,16,gezwungen,VERB,zwingen
de,811,17,worden,AUX,werden
de,811,18,",",PUNCT,--
de,811,19,hier,ADV,hier
de,811,20,einzugreifen,VERB,eingreifen
de,811,21,",",PUNCT,--
de,811,22,und,CCONJ,und
de,811,23,zwar,ADV,zwar
de,811,24,um,ADP,um
de,811,25,meinetwillen,VERB,meinetwillen
de,811,26,.,PUNCT,--
de,822,0,„,PUNCT,--
de,822,1,Die,DET,der
de,822,2,Plagen,NOUN,Plage
de,822,3,",",PUNCT,--
de,822,4,welche,DET,welcher
de,822,5,Grete,PROPN,Grete
de,822,6,von,ADP,von
de,822,7,ihrem,DET,ihr
de,822,8,Manne,NOUN,Manne
de,822,9,Hans,PROPN,Hans
de,822,10,zu,PART,zu
de,822,11,erleiden,VERB,erleiden
de,822,12,hatte,AUX,haben
de,822,13,.,PUNCT,--
de,822,14,“,PUNCT,--
de,829,0,Über,ADP,über
de,829,1,meine,DET,mein
de,829,2,Gefahr,NOUN,Gefahr
de,829,3,reden,VERB,reden
de,829,4,Sie,PRON,sie
de,829,5,nicht,PART,nicht
de,829,6,mehr,ADV,mehr
de,829,7,",",PUNCT,--
de,829,8,ich,PRON,ich
de,829,9,fürchte,VERB,fürchten
de,829,10,die,DET,der
de,829,11,Gefahr,NOUN,Gefahr
de,829,12,nur,ADV,nur
de,829,13,dort,ADV,dort
de,829,14,",",PUNCT,--
de,829,15,wo,SCONJ,wo
de,829,16,ich,PRON,ich
de,829,17,sie,PRON,sie
de,829,18,fürchten,VERB,fürchten
de,829,19,will,AUX,wollen
de,829,20,.,PUNCT,--
de,833,0,Sie,PRON,sie
de,833,1,fielen,VERB,fallen
de,833,2,mir,PRON,mir
de,833,3,übrigens,ADV,übrigens
de,833,4,gleich,ADV,gleich
de,833,5,damals,ADV,damals
de,833,6,auf,ADP,auf
de,833,7,",",PUNCT,--
de,833,8,als,SCONJ,als
de,833,9,Sie,PRON,sie
de,833,10,zum,ADP,zu
de,833,11,erstenmal,ADV,erstenmal
de,833,12,hier,ADV,hier
de,833,13,eintraten,VERB,eintraen
de,833,14,.,PUNCT,--
de,835,0,‚,ADV,‚
de,835,1,Das,PRON,der
de,835,2,ist,AUX,sein
de,835,3,also,ADV,also
de,835,4,alles,PRON,alle
de,835,5,",",PUNCT,--
de,835,6,‘,PUNCT,--
de,835,7,dachte,VERB,denken
de,835,8,K.,PROPN,K.
de,835,9,",",PUNCT,--
de,835,10,‚,ADV,‚
de,835,11,sie,PRON,sie
de,835,12,bietet,VERB,bieten
de,835,13,sich,PRON,sich
de,835,14,mir,PRON,mir
de,835,15,an,ADP,an
de,835,16,",",PUNCT,--
de,835,17,sie,PRON,sie
de,835,18,ist,AUX,sein
de,835,19,verdorben,VERB,verderben
de,835,20,wie,ADP,wie
de,835,21,alle,PRON,alle
de,835,22,hier,ADV,hier
de,835,23,rings,ADV,rings
de,835,24,herum,ADV,herum
de,835,25,",",PUNCT,--
de,835,26,sie,PRON,sie
de,835,27,hat,AUX,haben
de,835,28,die,DET,der
de,835,29,Gerichtsbeamten,NOUN,Gerichtsbeamt
de,835,30,satt,ADV,satt
de,835,31,",",PUNCT,--
de,835,32,was,PRON,was
de,835,33,ja,ADV,ja
de,835,34,begreiflich,ADV,begreiflich
de,835,35,ist,AUX,sein
de,835,36,",",PUNCT,--
de,835,37,und,CCONJ,und
de,835,38,begrüßt,VERB,begrüßen
de,835,39,deshalb,ADV,deshalb
de,835,40,jeden,DET,jeder
de,835,41,beliebigen,ADJ,beliebig
de,835,42,Fremden,NOUN,fremde
de,835,43,mit,ADP,mit
de,835,44,einem,DET,ein
de,835,45,Kompliment,NOUN,Kompliment
de,835,46,wegen,ADP,wegen
de,835,47,seiner,DET,sein
de,835,48,Augen,NOUN,Auge
de,835,49,.,PUNCT,--
de,841,0,Das,PRON,der
de,841,1,will,AUX,wollen
de,841,2,ich,PRON,ich
de,841,3,nicht,PART,nicht
de,841,4,.,PUNCT,--
de,858,0,Vorausgesetzt,VERB,Vorausgesetzt
de,858,1,",",PUNCT,--
de,858,2,daß,SCONJ,daß
de,858,3,es,PRON,es
de,858,4,überhaupt,ADV,überhaupt
de,858,5,zu,ADP,zu
de,858,6,einem,DET,ein
de,858,7,wirklichen,ADJ,wirklich
de,858,8,Abschluß,NOUN,Abschluß
de,858,9,des,DET,der
de,858,10,Prozesses,NOUN,Prozeß
de,858,11,kommt,VERB,kommen
de,858,12,",",PUNCT,--
de,858,13,was,PRON,wer
de,858,14,ich,PRON,ich
de,858,15,sehr,ADV,sehr
de,858,16,bezweifle,VERB,bezweifle
de,858,17,.,PUNCT,--
de,868,0,Ich,PRON,ich
de,868,1,wußte,VERB,wissen
de,868,2,nicht,PART,nicht
de,868,3,",",PUNCT,--
de,868,4,daß,SCONJ,daß
de,868,5,er,PRON,er
de,868,6,nur,ADV,nur
de,868,7,ein,DET,ein
de,868,8,niedriger,ADJ,niedrig
de,868,9,Beamter,NOUN,Beamter
de,868,10,ist,AUX,sein
de,868,11,",",PUNCT,--
de,868,12,aber,CCONJ,aber
de,868,13,da,SCONJ,da
de,868,14,Sie,PRON,sie
de,868,15,es,PRON,es
de,868,16,sagen,VERB,sagen
de,868,17,",",PUNCT,--
de,868,18,wird,AUX,werden
de,868,19,es,PRON,es
de,868,20,wahrscheinlich,ADV,wahrscheinlich
de,868,21,richtig,ADV,richtig
de,868,22,sein,AUX,sein
de,868,23,.,PUNCT,--
de,893,0,Auf,ADP,auf
de,893,1,welche,DET,welcher
de,893,2,Weise,NOUN,Weise
de,893,3,konnte,AUX,können
de,893,4,sie,PRON,sie
de,893,5,ihn,PRON,ihn
de,893,6,einfangen,VERB,einfangen
de,893,7,?,PUNCT,--
de,898,0,Es,PRON,es
de,898,1,könnte,AUX,können
de,898,2,sich,PRON,sich
de,898,3,dann,ADV,dann
de,898,4,einmal,ADV,einmal
de,898,5,der,DET,der
de,898,6,Fall,NOUN,Fall
de,898,7,ereignen,VERB,ereignen
de,898,8,",",PUNCT,--
de,898,9,daß,SCONJ,daß
de,898,10,der,DET,der
de,898,11,Untersuchungsrichter,NOUN,Untersuchungsrichter
de,898,12,nach,ADP,nach
de,898,13,mühevoller,ADJ,mühevoll
de,898,14,Arbeit,NOUN,Arbeit
de,898,15,an,ADP,an
de,898,16,Lügenberichten,NOUN,Lügenbericht
de,898,17,über,ADP,über
de,898,18,K.,PROPN,K.
de,898,19,in,ADP,in
de,898,20,später,ADJ,spät
de,898,21,Nacht,NOUN,Nacht
de,898,22,das,DET,der
de,898,23,Bett,NOUN,Bett
de,898,24,der,DET,der
de,898,25,Frau,NOUN,Frau
de,898,26,leer,ADV,leer
de,898,27,fand,VERB,finden
de,898,28,.,PUNCT,--
de,908,0,K.,PROPN,K.
de,908,1,blieb,VERB,bleiben
de,908,2,ganz,ADV,ganz
de,908,3,nahe,ADV,nah
de,908,4,bei,ADP,bei
de,908,5,ihm,PRON,ihm
de,908,6,stehn,ADV,stehn
de,908,7,und,CCONJ,und
de,908,8,sagte,VERB,sagen
de,908,9,lächelnd,ADV,lächelnd
de,908,10,:,PUNCT,--
de,910,0,Wenn,SCONJ,wenn
de,910,1,Sie,PRON,sie
de,910,2,aber,ADV,aber
de,910,3,vielleicht,ADV,vielleicht
de,910,4,hergekommen,VERB,hergekommen
de,910,5,sind,AUX,sein
de,910,6,",",PUNCT,--
de,910,7,um,SCONJ,um
de,910,8,zu,PART,zu
de,910,9,studieren,VERB,studieren
de,910,10,—,PUNCT,--
de,910,11,ich,PRON,ich
de,910,12,hörte,VERB,hören
de,910,13,",",PUNCT,--
de,910,14,daß,SCONJ,daß
de,910,15,Sie,PRON,sie
de,910,16,Student,NOUN,Student
de,910,17,sind,AUX,sein
de,910,18,—,PUNCT,--
de,910,19,so,ADV,so
de,910,20,will,AUX,wollen
de,910,21,ich,PRON,ich
de,910,22,Ihnen,PRON,ihnen
de,910,23,gerne,ADV,gerne
de,910,24,Platz,NOUN,Platz
de,910,25,machen,VERB,machen
de,910,26,und,CCONJ,und
de,910,27,mit,ADP,mit
de,910,28,der,DET,der
de,910,29,Frau,NOUN,Frau
de,910,30,weggehn,VERB,weggehn
de,910,31,.,PUNCT,--
de,932,0,K.,PROPN,K.
de,932,1,gefiel,VERB,gefallen
de,932,2,diese,DET,dieser
de,932,3,Vorstellung,NOUN,Vorstellung
de,932,4,so,ADV,so
de,932,5,",",PUNCT,--
de,932,6,daß,SCONJ,daß
de,932,7,er,PRON,er
de,932,8,beschloß,VERB,beschließen
de,932,9,",",PUNCT,--
de,932,10,wenn,SCONJ,wenn
de,932,11,sich,PRON,sich
de,932,12,nur,ADV,nur
de,932,13,irgendeine,DET,irgendein
de,932,14,Gelegenheit,NOUN,Gelegenheit
de,932,15,dafür,ADV,dafür
de,932,16,ergeben,VERB,ergeben
de,932,17,sollte,AUX,sollen
de,932,18,",",PUNCT,--
de,932,19,den,DET,der
de,932,20,Studenten,NOUN,Student
de,932,21,einmal,ADV,einmal
de,932,22,zu,ADP,zu
de,932,23,Elsa,PROPN,Elsa
de,932,24,mitzunehmen,VERB,mitnehmen
de,932,25,.,PUNCT,--
de,954,0,Und,CCONJ,und
de,954,1,er,PRON,er
de,954,2,reichte,VERB,reichen
de,954,3,K.,PROPN,K.
de,954,4,",",PUNCT,--
de,954,5,der,PRON,der
de,954,6,es,PRON,es
de,954,7,gar,ADV,gar
de,954,8,nicht,PART,nicht
de,954,9,erwartet,VERB,erwarten
de,954,10,hatte,AUX,haben
de,954,11,",",PUNCT,--
de,954,12,die,DET,der
de,954,13,Hand,NOUN,Hand
de,954,14,.,PUNCT,--
de,966,0,Davon,ADV,davon
de,966,1,träume,VERB,träumen
de,966,2,ich,PRON,ich
de,966,3,immer,ADV,immer
de,966,4,.,PUNCT,--
de,981,0,Aber,CCONJ,aber
de,981,1,ich,PRON,ich
de,981,2,darf,AUX,dürfen
de,981,3,es,PRON,es
de,981,4,nicht,PART,nicht
de,981,5,und,CCONJ,und
de,981,6,andere,PRON,anderer
de,981,7,machen,VERB,machen
de,981,8,mir,PRON,mir
de,981,9,den,DET,der
de,981,10,Gefallen,NOUN,Gefallen
de,981,11,nicht,PART,nicht
de,981,12,",",PUNCT,--
de,981,13,denn,CCONJ,denn
de,981,14,alle,PRON,alle
de,981,15,fürchten,VERB,fürchten
de,981,16,seine,DET,sein
de,981,17,Macht,NOUN,Macht
de,981,18,.,PUNCT,--
de,993,0,„,PUNCT,--
de,993,1,Man,PRON,man
de,993,2,rebelliert,VERB,rebellieren
de,993,3,eben,ADV,eben
de,993,4,immer,ADV,immer
de,993,5,.,PUNCT,--
de,993,6,“,PUNCT,--
de,998,0,Es,PRON,es
de,998,1,wird,AUX,werden
de,998,2,sich,PRON,sich
de,998,3,niemand,PRON,niemand
de,998,4,um,ADP,um
de,998,5,Sie,PRON,sie
de,998,6,kümmern,VERB,kümmern
de,998,7,.,PUNCT,--
de,998,8,“,PUNCT,--
de,1014,0,Sie,PRON,sie
de,1014,1,standen,VERB,stehen
de,1014,2,niemals,ADV,niemals
de,1014,3,vollständig,ADV,vollständig
de,1014,4,aufrecht,ADV,aufrecht
de,1014,5,",",PUNCT,--
de,1014,6,der,DET,der
de,1014,7,Rücken,NOUN,Rücken
de,1014,8,war,AUX,sein
de,1014,9,geneigt,VERB,neigen
de,1014,10,",",PUNCT,--
de,1014,11,die,DET,der
de,1014,12,Knie,NOUN,Knie
de,1014,13,geknickt,VERB,knicken
de,1014,14,",",PUNCT,--
de,1014,15,sie,PRON,sie
de,1014,16,standen,VERB,stehen
de,1014,17,wie,ADP,wie
de,1014,18,Straßenbettler,NOUN,Straßenbettler
de,1014,19,.,PUNCT,--
de,1019,0,„,PUNCT,--
de,1019,1,Worauf,ADV,worauf
de,1019,2,warten,VERB,warten
de,1019,3,Sie,PRON,sie
de,1019,4,hier,ADV,hier
de,1019,5,?,PUNCT,--
de,1019,6,“,PUNCT,--
de,1019,7,fragte,VERB,fragen
de,1019,8,K.,PROPN,K.
de,1019,9,höflich,ADV,höflich
de,1019,10,.,PUNCT,--
de,1026,0,Offenbar,ADV,offenbar
de,1026,1,hatte,AUX,haben
de,1026,2,er,PRON,er
de,1026,3,diesen,DET,dieser
de,1026,4,Anfang,NOUN,Anfang
de,1026,5,gewählt,VERB,wählen
de,1026,6,",",PUNCT,--
de,1026,7,um,SCONJ,um
de,1026,8,ganz,ADV,ganz
de,1026,9,genau,ADV,genau
de,1026,10,auf,ADP,auf
de,1026,11,die,DET,der
de,1026,12,Fragestellung,NOUN,Fragestellung
de,1026,13,zu,PART,zu
de,1026,14,antworten,VERB,antworten
de,1026,15,",",PUNCT,--
de,1026,16,fand,VERB,finden
de,1026,17,aber,ADV,aber
de,1026,18,jetzt,ADV,jetzt
de,1026,19,die,DET,der
de,1026,20,Fortsetzung,NOUN,Fortsetzung
de,1026,21,nicht,PART,nicht
de,1026,22,.,PUNCT,--
de,1040,0,glaubte,VERB,glauben
de,1040,1,man,PRON,man
de,1040,2,ihm,PRON,ihm
de,1040,3,nicht,PART,nicht
de,1040,4,",",PUNCT,--
de,1040,5,daß,SCONJ,daß
de,1040,6,er,PRON,er
de,1040,7,angeklagt,VERB,anklagen
de,1040,8,war,AUX,sein
de,1040,9,",",PUNCT,--
de,1040,10,so,ADV,so
de,1040,11,war,AUX,sein
de,1040,12,es,PRON,es
de,1040,13,desto,ADV,desto
de,1040,14,besser,ADV,gut
de,1040,15,;,PUNCT,--
de,1047,0,Der,DET,der
de,1047,1,Wächter,NOUN,Wächter
de,1047,2,",",PUNCT,--
de,1047,3,der,PRON,der
de,1047,4,wegen,ADP,wegen
de,1047,5,des,DET,der
de,1047,6,Schreins,NOUN,Schrein
de,1047,7,gekommen,VERB,kommen
de,1047,8,war,AUX,sein
de,1047,9,",",PUNCT,--
de,1047,10,fragte,VERB,fragen
de,1047,11,nach,ADP,nach
de,1047,12,dem,DET,der
de,1047,13,Vorgefallenen,NOUN,vorgefallener
de,1047,14,.,PUNCT,--
de,1058,0,„,PUNCT,--
de,1058,1,Es,PRON,es
de,1058,2,ist,AUX,sein
de,1058,3,der,DET,der
de,1058,4,einzige,ADJ,einzig
de,1058,5,Weg,NOUN,Weg
de,1058,6,",",PUNCT,--
de,1058,7,“,PUNCT,--
de,1058,8,sagte,VERB,sagen
de,1058,9,der,DET,der
de,1058,10,Gerichtsdiener,NOUN,Gerichtsdiener
de,1058,11,nun,ADV,nun
de,1058,12,schon,ADV,schon
de,1058,13,vorwurfsvoll,ADV,vorwurfsvoll
de,1058,14,",",PUNCT,--
de,1058,15,„,PUNCT,--
de,1058,16,ich,PRON,ich
de,1058,17,kann,AUX,können
de,1058,18,nicht,PART,nicht
de,1058,19,wieder,ADV,wieder
de,1058,20,mit,ADP,mit
de,1058,21,Ihnen,PRON,ihnen
de,1058,22,zurückgehn,NUM,zurückgehn
de,1058,23,",",PUNCT,--
de,1058,24,ich,PRON,ich
de,1058,25,muß,AUX,müssen
de,1058,26,doch,ADV,doch
de,1058,27,meine,DET,mein
de,1058,28,Meldung,NOUN,Meldung
de,1058,29,vorbringen,VERB,vorbringen
de,1058,30,und,CCONJ,und
de,1058,31,habe,AUX,haben
de,1058,32,schon,ADV,schon
de,1058,33,viel,DET,viel
de,1058,34,Zeit,NOUN,Zeit
de,1058,35,durch,ADP,durch
de,1058,36,Sie,PRON,sie
de,1058,37,versäumt,VERB,versäumen
de,1058,38,.,PUNCT,--
de,1058,39,“,PUNCT,--
de,1070,0,Aber,CCONJ,aber
de,1070,1,sein,AUX,sein
de,1070,2,stummes,VERB,stummes
de,1071,0,Dastehn,ADV,dastehn
de,1071,1,mußte,AUX,müssen
de,1071,2,auffallend,ADV,auffallend
de,1071,3,sein,AUX,sein
de,1071,4,und,CCONJ,und
de,1071,5,wirklich,ADV,wirklich
de,1071,6,sahen,VERB,sehen
de,1071,7,ihn,PRON,ihn
de,1071,8,das,DET,der
de,1071,9,Mädchen,NOUN,Mädchen
de,1071,10,und,CCONJ,und
de,1071,11,der,DET,der
de,1071,12,Gerichtsdiener,NOUN,Gerichtsdiener
de,1071,13,derartig,ADV,derartig
de,1071,14,an,ADP,an
de,1071,15,",",PUNCT,--
de,1071,16,als,SCONJ,als
de,1071,17,ob,SCONJ,ob
de,1071,18,in,ADP,in
de,1071,19,der,DET,der
de,1071,20,nächsten,ADJ,nächster
de,1071,21,Minute,NOUN,Minute
de,1071,22,irgendeine,DET,irgendein
de,1071,23,große,ADJ,groß
de,1071,24,Verwandlung,NOUN,Verwandlung
de,1071,25,mit,ADP,mit
de,1071,26,ihm,PRON,ihm
de,1071,27,geschehen,VERB,geschehen
de,1071,28,müsse,AUX,müssen
de,1071,29,",",PUNCT,--
de,1071,30,die,PRON,der
de,1071,31,sie,PRON,sie
de,1071,32,zu,PART,zu
de,1071,33,beobachten,VERB,beobachten
de,1071,34,nicht,PART,nicht
de,1071,35,versäumen,VERB,versäumen
de,1071,36,wollten,AUX,wollen
de,1071,37,.,PUNCT,--
de,1103,0,Und,CCONJ,und
de,1103,1,er,PRON,er
de,1103,2,hob,VERB,heben
de,1103,3,die,DET,der
de,1103,4,Schultern,NOUN,Schulter
de,1103,5,",",PUNCT,--
de,1103,6,um,SCONJ,um
de,1103,7,es,PRON,es
de,1103,8,den,DET,der
de,1103,9,beiden,PRON,beide
de,1103,10,zu,PART,zu
de,1103,11,erleichtern,VERB,erleichtern
de,1103,12,",",PUNCT,--
de,1103,13,ihm,PRON,ihm
de,1103,14,unter,ADP,unter
de,1103,15,die,DET,der
de,1103,16,Arme,NOUN,Arm
de,1103,17,zu,PART,zu
de,1103,18,greifen,VERB,greifen
de,1103,19,.,PUNCT,--
de,1113,0,Er,PRON,er
de,1113,1,weiß,VERB,wissen
de,1113,2,auf,ADP,auf
de,1113,3,alle,DET,aller
de,1113,4,Fragen,NOUN,Frage
de,1113,5,eine,DET,ein
de,1113,6,Antwort,NOUN,Antwort
de,1113,7,",",PUNCT,--
de,1113,8,Sie,PRON,sie
de,1113,9,können,AUX,können
de,1113,10,ihn,PRON,ihn
de,1113,11,",",PUNCT,--
de,1113,12,wenn,SCONJ,wenn
de,1113,13,Sie,PRON,sie
de,1113,14,einmal,ADV,einmal
de,1113,15,Lust,NOUN,Lust
de,1113,16,dazu,ADV,dazu
de,1113,17,haben,VERB,haben
de,1113,18,",",PUNCT,--
de,1113,19,daraufhin,ADV,daraufhin
de,1113,20,erproben,VERB,erproben
de,1113,21,.,PUNCT,--
de,1126,0,„,PUNCT,--
de,1126,1,Ich,PRON,ich
de,1126,2,glaube,VERB,glauben
de,1126,3,",",PUNCT,--
de,1126,4,er,PRON,er
de,1126,5,würde,AUX,werden
de,1126,6,noch,ADV,noch
de,1126,7,ärgere,ADJ,ärgern
de,1126,8,Beleidigungen,NOUN,Beleidigung
de,1126,9,verzeihen,VERB,verzeihen
de,1126,10,",",PUNCT,--
de,1126,11,wenn,SCONJ,wenn
de,1126,12,ich,PRON,ich
de,1126,13,ihn,PRON,ihn
de,1126,14,schließlich,ADV,schließlich
de,1126,15,hinausführe,VERB,hinausführen
de,1126,16,.,PUNCT,--
de,1126,17,“,PUNCT,--
de,1139,0,„,PUNCT,--
de,1139,1,Ich,PRON,ich
de,1139,2,weiß,VERB,wissen
de,1139,3,",",PUNCT,--
de,1139,4,“,PUNCT,--
de,1139,5,sagte,VERB,sagen
de,1139,6,er,PRON,er
de,1139,7,",",PUNCT,--
de,1139,8,„,PUNCT,--
de,1139,9,daß,SCONJ,daß
de,1139,10,die,DET,der
de,1139,11,Erledigung,NOUN,Erledigung
de,1139,12,meiner,DET,mein
de,1139,13,Anträge,NOUN,Antrag
de,1139,14,heute,ADV,heute
de,1139,15,noch,ADV,noch
de,1139,16,nicht,PART,nicht
de,1139,17,gegeben,VERB,geben
de,1139,18,werden,AUX,werden
de,1139,19,kann,AUX,können
de,1139,20,.,PUNCT,--
de,1146,0,„,PUNCT,--
de,1146,1,Nein,PART,nein
de,1146,2,",",PUNCT,--
de,1146,3,“,PUNCT,--
de,1146,4,sagte,VERB,sagen
de,1146,5,K.,PROPN,K.
de,1146,6,",",PUNCT,--
de,1146,7,„,PUNCT,--
de,1146,8,ich,PRON,ich
de,1146,9,will,AUX,wollen
de,1146,10,nicht,PART,nicht
de,1146,11,ausruhn,ADV,ausruhn
de,1146,12,.,PUNCT,--
de,1146,13,“,PUNCT,--
de,1164,0,Wollte,AUX,Wollte
de,1164,1,etwa,ADV,etwa
de,1164,2,sein,DET,sein
de,1164,3,Körper,NOUN,Körper
de,1164,4,revolutionieren,VERB,revolutionieren
de,1164,5,und,CCONJ,und
de,1164,6,ihm,PRON,ihm
de,1164,7,einen,DET,ein
de,1164,8,neuen,ADJ,neu
de,1164,9,Prozeß,NOUN,Prozeß
de,1164,10,bereiten,VERB,bereiten
de,1164,11,",",PUNCT,--
de,1164,12,da,SCONJ,da
de,1164,13,er,PRON,er
de,1164,14,den,DET,der
de,1164,15,alten,ADJ,alt
de,1164,16,so,ADV,so
de,1164,17,mühelos,ADV,mühelos
de,1164,18,ertrug,VERB,ertragen
de,1164,19,.,PUNCT,--
de,1183,0,Immer,ADV,immer
de,1183,1,war,AUX,sein
de,1183,2,noch,ADV,noch
de,1183,3,ein,DET,ein
de,1183,4,Wäschestück,NOUN,Wäschestück
de,1183,5,oder,CCONJ,oder
de,1183,6,ein,DET,ein
de,1183,7,Deckchen,NOUN,Deckchen
de,1183,8,oder,CCONJ,oder
de,1183,9,ein,DET,ein
de,1183,10,Buch,NOUN,Buch
de,1183,11,vergessen,VERB,vergessen
de,1183,12,",",PUNCT,--
de,1183,13,das,PRON,der
de,1183,14,besonders,ADV,besonders
de,1183,15,geholt,VERB,holen
de,1183,16,und,CCONJ,und
de,1183,17,in,ADP,in
de,1183,18,die,DET,der
de,1183,19,neue,ADJ,neu
de,1183,20,Wohnung,NOUN,Wohnung
de,1183,21,hinübergetragen,VERB,hinübergetragen
de,1183,22,werden,AUX,werden
de,1183,23,mußte,AUX,müssen
de,1183,24,.,PUNCT,--
de,1198,0,Ich,PRON,ich
de,1198,1,sollte,AUX,sollen
de,1198,2,meine,DET,mein
de,1198,3,Mieter,NOUN,Mieter
de,1198,4,verleumden,VERB,verleumden
de,1198,5,!,PUNCT,--
de,1205,0,„,PUNCT,--
de,1205,1,Es,PRON,es
de,1205,2,war,AUX,sein
de,1205,3,ja,ADV,ja
de,1205,4,damals,ADV,damals
de,1205,5,auch,ADV,auch
de,1205,6,von,ADP,von
de,1205,7,mir,PRON,mir
de,1205,8,nicht,PART,nicht
de,1205,9,so,ADV,so
de,1205,10,schlimm,ADV,schlimm
de,1205,11,gemeint,VERB,meinen
de,1205,12,.,PUNCT,--
de,1222,0,„,PUNCT,--
de,1222,1,Haben,VERB,haben
de,1222,2,Sie,PRON,sie
de,1222,3,denn,ADV,denn
de,1222,4,dadurch,ADV,dadurch
de,1222,5,einen,DET,ein
de,1222,6,Schaden,NOUN,Schaden
de,1222,7,?,PUNCT,--
de,1222,8,“,PUNCT,--
de,1238,0,K.,PROPN,K.
de,1238,1,hörte,VERB,hören
de,1238,2,das,DET,der
de,1238,3,Dienstmädchen,NOUN,Dienstmädchen
de,1238,4,nachdenklich,ADV,nachdenklich
de,1238,5,an,ADP,an
de,1238,6,",",PUNCT,--
de,1238,7,dann,ADV,dann
de,1238,8,wandte,VERB,wenden
de,1238,9,er,PRON,er
de,1238,10,sich,PRON,sich
de,1238,11,mit,ADP,mit
de,1238,12,einem,DET,ein
de,1238,13,fast,ADV,fast
de,1238,14,höhnischen,ADJ,höhnisch
de,1238,15,Blick,NOUN,Blick
de,1238,16,nach,ADP,nach
de,1238,17,der,DET,der
de,1238,18,erschrockenen,ADJ,erschrocken
de,1238,19,Frau,NOUN,Frau
de,1238,20,Grubach,PROPN,Grubach
de,1238,21,um,ADP,um
de,1238,22,.,PUNCT,--
de,1247,0,Der,DET,der
de,1247,1,Tisch,NOUN,Tisch
de,1247,2,war,AUX,sein
de,1247,3,bereits,ADV,bereits
de,1247,4,gedeckt,VERB,decken
de,1247,5,",",PUNCT,--
de,1247,6,und,CCONJ,und
de,1247,7,zwar,ADV,zwar
de,1247,8,für,ADP,für
de,1247,9,viele,DET,vieler
de,1247,10,Personen,NOUN,Person
de,1247,11,",",PUNCT,--
de,1247,12,da,SCONJ,da
de,1247,13,am,ADP,an
de,1247,14,Sonntag,NOUN,Sonntag
de,1247,15,fast,ADV,fast
de,1247,16,alle,DET,aller
de,1247,17,Mieter,NOUN,Mieter
de,1247,18,hier,ADV,hier
de,1247,19,zu,ADP,zu
de,1247,20,Mittag,NOUN,Mittag
de,1247,21,aßen,VERB,aßen
de,1247,22,.,PUNCT,--
de,1255,0,„,PUNCT,--
de,1255,1,Nein,PART,nein
de,1255,2,",",PUNCT,--
de,1255,3,“,PUNCT,--
de,1255,4,sagte,VERB,sagen
de,1255,5,K.,PROPN,K.
de,1255,6,„,PUNCT,--
de,1255,7,Wollen,VERB,wollen
de,1255,8,Sie,PRON,sie
de,1255,9,sich,PRON,sich
de,1255,10,nicht,PART,nicht
de,1255,11,setzen,VERB,setzen
de,1255,12,",",PUNCT,--
de,1255,13,“,PUNCT,--
de,1255,14,sagte,VERB,sagen
de,1255,15,Fräulein,NOUN,Fräulein
de,1255,16,Montag,NOUN,Montag
de,1255,17,.,PUNCT,--
de,1260,0,Sie,PRON,sie
de,1260,1,wollte,AUX,wollen
de,1260,2,selbst,ADV,selbst
de,1260,3,kommen,VERB,kommen
de,1260,4,",",PUNCT,--
de,1260,5,aber,CCONJ,aber
de,1260,6,sie,PRON,sie
de,1260,7,fühlt,VERB,fühlen
de,1260,8,sich,PRON,sich
de,1260,9,heute,ADV,heute
de,1260,10,ein,DET,ein
de,1260,11,wenig,PRON,wenig
de,1260,12,unwohl,ADV,unwohl
de,1260,13,.,PUNCT,--
de,1267,0,„,PUNCT,--
de,1267,1,Fräulein,NOUN,Fräulein
de,1267,2,Bürstner,PROPN,Bürstner
de,1267,3,will,AUX,wollen
de,1267,4,mir,PRON,mir
de,1267,5,offenbar,ADV,offenbar
de,1267,6,die,DET,der
de,1267,7,persönliche,ADJ,persönlich
de,1267,8,Aussprache,NOUN,Aussprache
de,1267,9,",",PUNCT,--
de,1267,10,um,SCONJ,um
de,1267,11,die,PRON,der
de,1267,12,ich,PRON,ich
de,1267,13,sie,PRON,sie
de,1267,14,gebeten,VERB,bitten
de,1267,15,habe,AUX,haben
de,1267,16,",",PUNCT,--
de,1267,17,nicht,PART,nicht
de,1267,18,bewilligen,VERB,bewilligen
de,1267,19,.,PUNCT,--
de,1267,20,“,PUNCT,--
de,1268,0,„,PUNCT,--
de,1268,1,Das,PRON,der
de,1268,2,ist,AUX,sein
de,1268,3,es,PRON,es
de,1268,4,",",PUNCT,--
de,1268,5,“,PUNCT,--
de,1268,6,sagte,VERB,sagen
de,1268,7,Fräulein,NOUN,Fräulein
de,1268,8,Montag,NOUN,Montag
de,1268,9,",",PUNCT,--
de,1268,10,„,PUNCT,--
de,1268,11,oder,CCONJ,oder
de,1268,12,vielmehr,ADV,vielmehr
de,1268,13,",",PUNCT,--
de,1268,14,so,ADV,so
de,1268,15,ist,AUX,sein
de,1268,16,es,PRON,es
de,1268,17,gar,ADV,gar
de,1268,18,nicht,PART,nicht
de,1268,19,",",PUNCT,--
de,1268,20,Sie,PRON,sie
de,1268,21,drücken,VERB,drücken
de,1268,22,es,PRON,es
de,1268,23,sonderbar,ADV,sonderbar
de,1268,24,scharf,ADV,scharf
de,1268,25,aus,ADP,aus
de,1268,26,.,PUNCT,--
de,1285,0,Seine,DET,sein
de,1285,1,Höflichkeit,NOUN,Höflichkeit
de,1285,2,gegen,ADP,gegen
de,1285,3,Fräulein,NOUN,Fräulein
de,1285,4,Montag,NOUN,Montag
de,1285,5,stach,VERB,steachen
de,1285,6,auffallend,ADV,auffallend
de,1285,7,von,ADP,von
de,1285,8,der,DET,der
de,1285,9,Behandlung,NOUN,Behandlung
de,1285,10,ab,ADP,ab
de,1285,11,",",PUNCT,--
de,1285,12,die,PRON,der
de,1285,13,sie,PRON,sie
de,1285,14,von,ADP,von
de,1285,15,K.,PROPN,K.
de,1285,16,erfahren,VERB,erfahren
de,1285,17,hatte,AUX,haben
de,1285,18,.,PUNCT,--
de,1302,0,Es,PRON,es
de,1302,1,erinnerte,VERB,erinnern
de,1302,2,übrigens,ADV,übrigens
de,1302,3,kaum,ADV,kaum
de,1302,4,mehr,ADV,mehr
de,1302,5,an,ADP,an
de,1302,6,das,DET,der
de,1302,7,Zimmer,NOUN,Zimmer
de,1302,8,",",PUNCT,--
de,1302,9,wie,SCONJ,wie
de,1302,10,es,PRON,es
de,1302,11,K.,PROPN,K.
de,1302,12,gekannt,VERB,kennen
de,1302,13,hatte,AUX,haben
de,1302,14,.,PUNCT,--
de,1304,0,Fräulein,NOUN,Fräulein
de,1304,1,Bürstner,PROPN,Bürstner
de,1304,2,war,AUX,sein
de,1304,3,wahrscheinlich,ADV,wahrscheinlich
de,1304,4,fortgegangen,VERB,fortgangen
de,1304,5,",",PUNCT,--
de,1304,6,während,SCONJ,während
de,1304,7,Fräulein,NOUN,Fräulein
de,1304,8,Montag,NOUN,Montag
de,1304,9,im,ADP,in
de,1304,10,Eßzimmer,NOUN,Eßzimmer
de,1304,11,auf,ADP,auf
de,1304,12,K.,PROPN,K.
de,1304,13,eingeredet,VERB,eingereden
de,1304,14,hatte,AUX,haben
de,1304,15,.,PUNCT,--
de,1316,0,Unbrauchbare,NOUN,Unbrauchbar
de,1316,1,alte,ADJ,alt
de,1316,2,Drucksorten,NOUN,Drucksort
de,1316,3,",",PUNCT,--
de,1316,4,umgeworfene,ADJ,umgeworfen
de,1316,5,leere,ADJ,leer
de,1316,6,irdene,ADJ,irden
de,1316,7,Tintenflaschen,NOUN,Tintenflasche
de,1316,8,lagen,VERB,liegen
de,1316,9,hinter,ADP,hinter
de,1316,10,der,DET,der
de,1316,11,Schwelle,NOUN,Schwelle
de,1316,12,.,PUNCT,--
de,1323,0,Wir,PRON,wir
de,1323,1,sollen,AUX,sollen
de,1323,2,geprügelt,VERB,prügeln
de,1323,3,werden,AUX,werden
de,1323,4,",",PUNCT,--
de,1323,5,weil,SCONJ,weil
de,1323,6,du,PRON,du
de,1323,7,dich,PRON,dich
de,1323,8,beim,ADP,bei
de,1323,9,Untersuchungsrichter,NOUN,Untersuchungsrichter
de,1323,10,über,ADP,über
de,1323,11,uns,PRON,uns
de,1323,12,beklagt,VERB,beklagen
de,1323,13,hast,AUX,haben
de,1323,14,.,PUNCT,--
de,1323,15,“,PUNCT,--
de,1327,0,„,PUNCT,--
de,1327,1,Herr,NOUN,Herr
de,1327,2,",",PUNCT,--
de,1327,3,“,PUNCT,--
de,1327,4,sagte,VERB,sagen
de,1327,5,Willem,NOUN,Willem
de,1327,6,",",PUNCT,--
de,1327,7,während,SCONJ,während
de,1327,8,Franz,PROPN,Franz
de,1327,9,sich,PRON,sich
de,1327,10,hinter,ADP,hinter
de,1327,11,ihm,PRON,ihm
de,1327,12,vor,ADP,vor
de,1327,13,dem,DET,der
de,1327,14,Dritten,NOUN,dritter
de,1327,15,offenbar,ADV,offenbar
de,1327,16,zu,PART,zu
de,1327,17,sichern,VERB,sichern
de,1327,18,suchte,VERB,suchen
de,1327,19,",",PUNCT,--
de,1327,20,„,PUNCT,--
de,1327,21,wenn,SCONJ,wenn
de,1327,22,Ihr,PRON,ihr
de,1327,23,wüßtet,VERB,wüßten
de,1327,24,",",PUNCT,--
de,1327,25,wie,ADV,wie
de,1327,26,schlecht,ADV,schlecht
de,1327,27,wir,PRON,wir
de,1327,28,bezahlt,VERB,bezahlen
de,1327,29,sind,AUX,sein
de,1327,30,",",PUNCT,--
de,1327,31,Ihr,PRON,ihr
de,1327,32,würdet,AUX,würden
de,1327,33,besser,ADV,gut
de,1327,34,über,ADP,über
de,1327,35,uns,PRON,uns
de,1327,36,urteilen,VERB,urteilen
de,1327,37,.,PUNCT,--
de,1344,0,„,PUNCT,--
de,1344,1,Gibt,VERB,geben
de,1344,2,es,PRON,es
de,1344,3,keine,DET,kein
de,1344,4,Möglichkeit,NOUN,Möglichkeit
de,1344,5,",",PUNCT,--
de,1344,6,den,PRON,der
de,1344,7,zweien,NOUN,zweie
de,1344,8,die,DET,der
de,1344,9,Prügel,NOUN,Prügel
de,1344,10,zu,PART,zu
de,1344,11,ersparen,VERB,ersparen
de,1344,12,",",PUNCT,--
de,1344,13,“,PUNCT,--
de,1344,14,fragte,VERB,fragen
de,1344,15,er,PRON,er
de,1344,16,ihn,PRON,ihn
de,1344,17,.,PUNCT,--
de,1350,0,—,PUNCT,--
de,1350,1,Weißt,VERB,weißen
de,1350,2,du,PRON,du
de,1350,3,",",PUNCT,--
de,1350,4,wodurch,SCONJ,wodurch
de,1350,5,er,PRON,er
de,1350,6,so,ADV,so
de,1350,7,fett,ADV,fett
de,1350,8,geworden,AUX,werden
de,1350,9,ist,AUX,sein
de,1350,10,?,PUNCT,--
de,1369,0,Der,DET,der
de,1369,1,Wächter,NOUN,Wächter
de,1369,2,Franz,PROPN,Franz
de,1369,3,",",PUNCT,--
de,1369,4,der,PRON,der
de,1369,5,vielleicht,ADV,vielleicht
de,1369,6,in,ADP,in
de,1369,7,Erwartung,NOUN,Erwartung
de,1369,8,eines,DET,ein
de,1369,9,guten,ADJ,gut
de,1369,10,Ausgangs,NOUN,Ausgang
de,1369,11,des,DET,der
de,1369,12,Eingreifens,NOUN,Eingreifen
de,1369,13,von,ADP,von
de,1369,14,K.,PROPN,K.
de,1369,15,bisher,ADV,bisher
de,1369,16,ziemlich,ADV,ziemlich
de,1369,17,zurückhaltend,ADV,zurückhaltend
de,1369,18,gewesen,AUX,sein
de,1369,19,war,AUX,sein
de,1369,20,",",PUNCT,--
de,1369,21,trat,VERB,treten
de,1369,22,jetzt,ADV,jetzt
de,1369,23,nur,ADV,nur
de,1369,24,noch,ADV,noch
de,1369,25,mit,ADP,mit
de,1369,26,den,DET,der
de,1369,27,Hosen,NOUN,Hose
de,1369,28,bekleidet,VERB,bekleiden
de,1369,29,zur,ADP,zu
de,1369,30,Tür,NOUN,Tür
de,1369,31,",",PUNCT,--
de,1369,32,hing,VERB,hing
de,1369,33,sich,PRON,sich
de,1369,34,niederkniend,ADV,niederkniend
de,1369,35,an,ADP,an
de,1369,36,K.s,PROPN,K.s
de,1369,37,Arm,PROPN,Arm
de,1369,38,und,CCONJ,und
de,1369,39,flüsterte,VERB,flüstern
de,1369,40,:,PUNCT,--
de,1396,0,Und,CCONJ,und
de,1396,1,K.,PROPN,K.
de,1396,2,hätte,AUX,haben
de,1396,3,nicht,PART,nicht
de,1396,4,gespart,VERB,sparen
de,1396,5,",",PUNCT,--
de,1396,6,es,PRON,es
de,1396,7,lag,VERB,liegen
de,1396,8,ihm,PRON,ihm
de,1396,9,wirklich,ADV,wirklich
de,1396,10,daran,ADV,daran
de,1396,11,",",PUNCT,--
de,1396,12,die,DET,der
de,1396,13,Wächter,NOUN,Wächter
de,1396,14,zu,PART,zu
de,1396,15,befreien,VERB,befreien
de,1396,16,;,PUNCT,--
de,1426,0,Die,DET,der
de,1426,1,Diener,NOUN,Diener
de,1426,2,waren,AUX,sein
de,1426,3,bereit,ADV,bereit
de,1426,4,",",PUNCT,--
de,1426,5,es,PRON,es
de,1426,6,am,ADP,an
de,1426,7,nächsten,ADJ,nächster
de,1426,8,Tag,NOUN,Tag
de,1426,9,zu,PART,zu
de,1426,10,tun,VERB,tun
de,1426,11,",",PUNCT,--
de,1426,12,K.,PROPN,K.
de,1426,13,nickte,VERB,nicken
de,1426,14,",",PUNCT,--
de,1426,15,jetzt,ADV,jetzt
de,1426,16,spät,ADV,spät
de,1426,17,am,ADP,an
de,1426,18,Abend,NOUN,Abend
de,1426,19,konnte,AUX,können
de,1426,20,er,PRON,er
de,1426,21,sie,PRON,sie
de,1426,22,nicht,PART,nicht
de,1426,23,mehr,ADV,mehr
de,1426,24,zu,ADP,zu
de,1426,25,der,DET,der
de,1426,26,Arbeit,NOUN,Arbeit
de,1426,27,zwingen,VERB,zwingen
de,1426,28,",",PUNCT,--
de,1426,29,wie,SCONJ,wie
de,1426,30,er,PRON,er
de,1426,31,es,PRON,es
de,1426,32,eigentlich,ADV,eigentlich
de,1426,33,beabsichtigt,VERB,beabsichtigen
de,1426,34,hatte,AUX,haben
de,1426,35,.,PUNCT,--
de,1444,0,„,PUNCT,--
de,1444,1,Du,PRON,du
de,1444,2,schaust,VERB,schausen
de,1444,3,aus,ADP,aus
de,1444,4,dem,DET,der
de,1444,5,Fenster,NOUN,Fenster
de,1444,6,",",PUNCT,--
de,1444,7,“,PUNCT,--
de,1444,8,rief,VERB,rufen
de,1444,9,der,DET,der
de,1444,10,Onkel,NOUN,Onkel
de,1444,11,mit,ADP,mit
de,1444,12,erhobenen,ADJ,erhoben
de,1444,13,Armen,NOUN,arme
de,1444,14,",",PUNCT,--
de,1444,15,„,PUNCT,--
de,1444,16,um,ADP,um
de,1444,17,Himmels,NOUN,Himmel
de,1444,18,willen,ADP,willen
de,1444,19,",",PUNCT,--
de,1444,20,Josef,PROPN,Josef
de,1444,21,",",PUNCT,--
de,1444,22,antworte,VERB,antworen
de,1444,23,mir,PRON,mir
de,1444,24,doch,ADV,doch
de,1444,25,.,PUNCT,--
de,1445,0,Ist,AUX,sein
de,1445,1,es,PRON,es
de,1445,2,wahr,ADV,wahr
de,1445,3,",",PUNCT,--
de,1445,4,kann,AUX,können
de,1445,5,es,PRON,es
de,1445,6,denn,ADV,denn
de,1445,7,wahr,ADV,wahr
de,1445,8,sein,AUX,sein
de,1445,9,?,PUNCT,--
de,1445,10,“,PUNCT,--
de,1455,0,Er,PRON,er
de,1455,1,zog,VERB,ziehen
de,1455,2,den,DET,der
de,1455,3,Brief,NOUN,Brief
de,1455,4,aus,ADP,aus
de,1455,5,der,DET,der
de,1455,6,Brieftasche,NOUN,Brieftasche
de,1455,7,.,PUNCT,--
de,1499,0,K.,PROPN,K.
de,1499,1,",",PUNCT,--
de,1499,2,der,PRON,der
de,1499,3,vor,ADP,vor
de,1499,4,dem,DET,der
de,1499,5,Schreibtisch,NOUN,Schreibtisch
de,1499,6,stand,VERB,stehen
de,1499,7,",",PUNCT,--
de,1499,8,erklärte,VERB,erklären
de,1499,9,dem,DET,der
de,1499,10,jungen,ADJ,jung
de,1499,11,Mann,NOUN,Mann
de,1499,12,",",PUNCT,--
de,1499,13,der,PRON,der
de,1499,14,kühl,ADV,kühl
de,1499,15,aber,ADV,aber
de,1499,16,aufmerksam,ADV,aufmerksam
de,1499,17,zuhörte,VERB,zuhören
de,1499,18,",",PUNCT,--
de,1499,19,mit,ADP,mit
de,1499,20,leiser,ADJ,leise
de,1499,21,Stimme,NOUN,Stimme
de,1499,22,unter,ADP,unter
de,1499,23,Zuhilfenahme,NOUN,Zuhilfenahme
de,1499,24,verschiedener,ADJ,verschieden
de,1499,25,Schriftstücke,NOUN,Schriftstück
de,1499,26,",",PUNCT,--
de,1499,27,was,PRON,wer
de,1499,28,in,ADP,in
de,1499,29,seiner,DET,sein
de,1499,30,Abwesenheit,NOUN,Abwesenheit
de,1499,31,heute,ADV,heute
de,1499,32,noch,ADV,noch
de,1499,33,erledigt,VERB,erledigen
de,1499,34,werden,AUX,werden
de,1499,35,müsse,AUX,müssen
de,1499,36,.,PUNCT,--
de,1500,0,Der,DET,der
de,1500,1,Onkel,NOUN,Onkel
de,1500,2,störte,VERB,stören
de,1500,3,",",PUNCT,--
de,1500,4,indem,SCONJ,indem
de,1500,5,er,PRON,er
de,1500,6,zuerst,ADV,zuerst
de,1500,7,mit,ADP,mit
de,1500,8,großen,ADJ,groß
de,1500,9,Augen,NOUN,Auge
de,1500,10,und,CCONJ,und
de,1500,11,nervösem,ADJ,nervös
de,1500,12,Lippenbeißen,NOUN,Lippenbeiße
de,1500,13,dabeistand,VERB,dabeistand
de,1500,14,",",PUNCT,--
de,1500,15,ohne,SCONJ,ohne
de,1500,16,allerdings,ADV,allerdings
de,1500,17,zuzuhören,VERB,zuzuhören
de,1500,18,",",PUNCT,--
de,1500,19,aber,CCONJ,aber
de,1500,20,der,DET,der
de,1500,21,Anschein,NOUN,Anschein
de,1500,22,dessen,PRON,der
de,1500,23,war,AUX,sein
de,1500,24,schon,ADV,schon
de,1500,25,störend,ADV,störend
de,1500,26,genug,ADV,genug
de,1500,27,.,PUNCT,--
de,1503,0,Der,DET,der
de,1503,1,junge,ADJ,jung
de,1503,2,Mann,NOUN,Mann
de,1503,3,tat,VERB,tun
de,1503,4,",",PUNCT,--
de,1503,5,als,SCONJ,als
de,1503,6,bemerke,VERB,bemerken
de,1503,7,er,PRON,er
de,1503,8,nichts,PRON,nichts
de,1503,9,davon,ADV,davon
de,1505,0,Die,DET,der
de,1505,1,Tür,NOUN,Tür
de,1505,2,hatte,AUX,haben
de,1505,3,sich,PRON,sich
de,1505,4,noch,ADV,noch
de,1505,5,kaum,ADV,kaum
de,1505,6,geschlossen,VERB,schließen
de,1505,7,",",PUNCT,--
de,1505,8,als,SCONJ,als
de,1505,9,der,DET,der
de,1505,10,Onkel,NOUN,Onkel
de,1505,11,ausrief,VERB,ausrief
de,1505,12,:,PUNCT,--
de,1505,13,„,PUNCT,--
de,1505,14,Endlich,ADV,endlich
de,1505,15,ist,AUX,sein
de,1505,16,der,DET,der
de,1505,17,Hampelmann,NOUN,Hampelmann
de,1505,18,weggegangen,VERB,weggehen
de,1505,19,",",PUNCT,--
de,1505,20,jetzt,ADV,jetzt
de,1505,21,können,AUX,können
de,1505,22,doch,ADV,doch
de,1505,23,auch,ADV,auch
de,1505,24,wir,PRON,wir
de,1505,25,gehn,VERB,gehn
de,1505,26,.,PUNCT,--
de,1512,0,„,PUNCT,--
de,1512,1,Vor,ADP,vor
de,1512,2,allem,PRON,alle
de,1512,3,",",PUNCT,--
de,1512,4,Onkel,NOUN,Onkel
de,1512,5,",",PUNCT,--
de,1512,6,“,PUNCT,--
de,1512,7,sagte,VERB,sagen
de,1512,8,K.,PROPN,K.
de,1512,9,",",PUNCT,--
de,1512,10,„,PUNCT,--
de,1512,11,handelt,VERB,handeln
de,1512,12,es,PRON,es
de,1512,13,sich,PRON,sich
de,1512,14,gar,ADV,gar
de,1512,15,nicht,PART,nicht
de,1512,16,um,ADP,um
de,1512,17,einen,DET,ein
de,1512,18,Prozeß,NOUN,Prozeß
de,1512,19,vor,ADP,vor
de,1512,20,dem,DET,der
de,1512,21,gewöhnlichen,ADJ,gewöhnlich
de,1512,22,Gericht,NOUN,Gericht
de,1512,23,.,PUNCT,--
de,1512,24,“,PUNCT,--
de,1518,0,der,DET,der
de,1518,1,lebhafte,ADJ,lebhaft
de,1518,2,Straßenverkehr,NOUN,Straßenverkehr
de,1518,3,nahm,VERB,nehmen
de,1518,4,sie,PRON,sie
de,1518,5,auf,ADP,auf
de,1518,6,.,PUNCT,--
de,1526,0,Auf,ADP,auf
de,1526,1,dem,DET,der
de,1526,2,Land,NOUN,Land
de,1526,3,wirst,AUX,wirst
de,1526,4,du,PRON,du
de,1526,5,dich,PRON,dich
de,1526,6,kräftigen,VERB,kräftig
de,1526,7,",",PUNCT,--
de,1526,8,das,PRON,der
de,1526,9,wird,AUX,werden
de,1526,10,gut,ADV,gut
de,1526,11,sein,AUX,sein
de,1526,12,",",PUNCT,--
de,1526,13,es,PRON,es
de,1526,14,stehen,VERB,stehen
de,1526,15,dir,PRON,dir
de,1526,16,ja,ADV,ja
de,1526,17,gewiß,ADV,gewiß
de,1526,18,Anstrengungen,NOUN,Anstrengung
de,1526,19,bevor,ADV,bevor
de,1526,20,.,PUNCT,--
de,1529,0,auf,ADP,auf
de,1529,1,das,DET,der
de,1529,2,Land,NOUN,Land
de,1529,3,müßten,AUX,müssen
de,1529,4,sie,PRON,sie
de,1529,5,aber,ADV,aber
de,1529,6,erst,ADV,erst
de,1529,7,Organe,NOUN,Organ
de,1529,8,delegieren,VERB,delegieren
de,1529,9,oder,CCONJ,oder
de,1529,10,nur,ADV,nur
de,1529,11,brieflich,ADV,brieflich
de,1529,12,",",PUNCT,--
de,1529,13,telegraphisch,ADV,telegraphisch
de,1529,14,",",PUNCT,--
de,1529,15,telephonisch,ADV,telephonisch
de,1529,16,auf,ADP,auf
de,1529,17,dich,PRON,dich
de,1529,18,einzuwirken,VERB,einwirken
de,1529,19,suchen,VERB,suchen
de,1529,20,.,PUNCT,--
de,1536,0,Weißt,VERB,weißen
de,1536,1,du,PRON,du
de,1536,2,",",PUNCT,--
de,1536,3,was,PRON,was
de,1536,4,das,PRON,der
de,1536,5,bedeutet,VERB,bedeuten
de,1536,6,?,PUNCT,--
de,1539,0,Josef,PROPN,Josef
de,1539,1,",",PUNCT,--
de,1539,2,nimm,VERB,nimm
de,1539,3,dich,PRON,dich
de,1539,4,doch,ADV,doch
de,1539,5,zusammen,ADV,zusammen
de,1539,6,.,PUNCT,--
de,1547,0,„,PUNCT,--
de,1547,1,Richtig,ADV,richtig
de,1547,2,",",PUNCT,--
de,1547,3,“,PUNCT,--
de,1547,4,sagte,VERB,sagen
de,1547,5,der,DET,der
de,1547,6,Onkel,NOUN,Onkel
de,1547,7,in,ADP,in
de,1547,8,einem,DET,ein
de,1547,9,Ton,NOUN,Ton
de,1547,10,",",PUNCT,--
de,1547,11,als,SCONJ,als
de,1547,12,kämen,VERB,kommen
de,1547,13,sie,PRON,sie
de,1547,14,jetzt,ADV,jetzt
de,1547,15,endlich,ADV,endlich
de,1547,16,einander,PRON,einander
de,1547,17,näher,ADV,nah
de,1547,18,",",PUNCT,--
de,1547,19,„,PUNCT,--
de,1547,20,ich,PRON,ich
de,1547,21,machte,VERB,machen
de,1547,22,den,DET,der
de,1547,23,Vorschlag,NOUN,Vorschlag
de,1547,24,nur,ADV,nur
de,1547,25,",",PUNCT,--
de,1547,26,weil,SCONJ,weil
de,1547,27,ich,PRON,ich
de,1547,28,",",PUNCT,--
de,1547,29,wenn,SCONJ,wenn
de,1547,30,du,PRON,du
de,1547,31,hier,ADV,hier
de,1547,32,bliebst,ADV,bliebst
de,1547,33,",",PUNCT,--
de,1547,34,die,DET,der
de,1547,35,Sache,NOUN,Sache
de,1547,36,von,ADP,von
de,1547,37,deiner,DET,dein
de,1547,38,Gleichgültigkeit,NOUN,Gleichgültigkeit
de,1547,39,gefährdet,VERB,gefährden
de,1547,40,sah,VERB,sehen
de,1547,41,und,CCONJ,und
de,1547,42,es,PRON,es
de,1547,43,für,ADP,für
de,1547,44,besser,ADV,gut
de,1547,45,hielt,VERB,halten
de,1547,46,",",PUNCT,--
de,1547,47,wenn,SCONJ,wenn
de,1547,48,ich,PRON,ich
de,1547,49,statt,ADP,statt
de,1547,50,deiner,PRON,dein
de,1547,51,für,ADP,für
de,1547,52,dich,PRON,dich
de,1547,53,arbeitete,VERB,arbeiten
de,1547,54,.,PUNCT,--
de,1549,0,„,PUNCT,--
de,1549,1,Darin,ADV,darin
de,1549,2,wären,AUX,sein
de,1549,3,wir,PRON,wir
de,1549,4,also,ADV,also
de,1549,5,einig,ADV,einig
de,1549,6,",",PUNCT,--
de,1549,7,“,PUNCT,--
de,1549,8,sagte,VERB,sagen
de,1549,9,K.,PROPN,K.
de,1549,10,„,PUNCT,--
de,1549,11,Und,CCONJ,und
de,1549,12,hast,AUX,haben
de,1549,13,du,PRON,du
de,1549,14,jetzt,ADV,jetzt
de,1549,15,einen,DET,ein
de,1549,16,Vorschlag,NOUN,Vorschlag
de,1549,17,dafür,ADV,dafür
de,1549,18,",",PUNCT,--
de,1549,19,was,PRON,was
de,1549,20,ich,PRON,ich
de,1549,21,zunächst,ADV,zunächst
de,1549,22,machen,VERB,machen
de,1549,23,soll,AUX,sollen
de,1549,24,?,PUNCT,--
de,1549,25,“,PUNCT,--
de,1593,0,„,PUNCT,--
de,1593,1,Ich,PRON,ich
de,1593,2,glaube,VERB,glauben
de,1593,3,wohl,ADV,wohl
de,1593,4,",",PUNCT,--
de,1593,5,“,PUNCT,--
de,1593,6,sagte,VERB,sagen
de,1593,7,das,DET,der
de,1593,8,Mädchen,NOUN,Mädchen
de,1593,9,",",PUNCT,--
de,1593,10,es,PRON,es
de,1593,11,hatte,AUX,haben
de,1593,12,Zeit,NOUN,Zeit
de,1593,13,gefunden,VERB,finden
de,1593,14,mit,ADP,mit
de,1593,15,der,DET,der
de,1593,16,Kerze,NOUN,Kerze
de,1593,17,voranzugehn,ADV,voranzugehn
de,1593,18,und,CCONJ,und
de,1593,19,die,DET,der
de,1593,20,Zimmertür,NOUN,Zimmertür
de,1593,21,zu,PART,zu
de,1593,22,öffnen,VERB,öffnen
de,1593,23,.,PUNCT,--
de,1621,0,„,PUNCT,--
de,1621,1,Du,PRON,du
de,1621,2,Verdammte,NOUN,verdammte
de,1621,3,",",PUNCT,--
de,1621,4,“,PUNCT,--
de,1621,5,sagte,VERB,sagen
de,1621,6,er,PRON,er
de,1621,7,im,ADP,in
de,1621,8,ersten,ADJ,erster
de,1621,9,Gurgeln,NOUN,Gurgel
de,1621,10,der,DET,der
de,1621,11,Aufregung,NOUN,Aufregung
de,1621,12,noch,ADV,noch
de,1621,13,ziemlich,ADV,ziemlich
de,1621,14,unverständlich,ADV,unverständlich
de,1621,15,",",PUNCT,--
de,1621,16,K.,PROPN,K.
de,1621,17,erschrak,VERB,erschrak
de,1621,18,",",PUNCT,--
de,1621,19,trotzdem,SCONJ,trotzdem
de,1621,20,er,PRON,er
de,1621,21,etwas,DET,etwas
de,1621,22,Ähnliches,NOUN,Ähnliches
de,1621,23,erwartet,VERB,erwarten
de,1621,24,hatte,AUX,haben
de,1621,25,",",PUNCT,--
de,1621,26,und,CCONJ,und
de,1621,27,lief,VERB,laufen
de,1621,28,auf,ADP,auf
de,1621,29,den,DET,der
de,1621,30,Onkel,NOUN,Onkel
de,1621,31,zu,ADP,zu
de,1621,32,",",PUNCT,--
de,1621,33,mit,ADP,mit
de,1621,34,der,DET,der
de,1621,35,bestimmten,ADJ,bestimmt
de,1621,36,Absicht,NOUN,Absicht
de,1621,37,",",PUNCT,--
de,1621,38,ihm,PRON,ihm
de,1621,39,mit,ADP,mit
de,1621,40,beiden,DET,beide
de,1621,41,Händen,NOUN,Hand
de,1621,42,den,DET,der
de,1621,43,Mund,NOUN,Mund
de,1621,44,zu,PART,zu
de,1621,45,schließen,VERB,schließen
de,1621,46,.,PUNCT,--
de,1641,0,Aber,CCONJ,aber
de,1641,1,in,ADP,in
de,1641,2,viel,ADV,viel
de,1641,3,teilnehmenderem,ADJ,teilnehmender
de,1641,4,Tone,NOUN,Tone
de,1641,5,fuhr,VERB,fahren
de,1641,6,er,PRON,er
de,1641,7,fort,ADV,fort
de,1641,8,:,PUNCT,--
de,1650,0,„,PUNCT,--
de,1650,1,Ich,PRON,ich
de,1650,2,verstehe,VERB,verstehen
de,1650,3,nicht,PART,nicht
de,1650,4,“,PUNCT,--
de,1650,5,—,PUNCT,--
de,1650,6,sagte,VERB,sagen
de,1650,7,er,PRON,er
de,1650,8,deshalb,ADV,deshalb
de,1650,9,.,PUNCT,--
de,1653,0,Worüber,ADV,worüber
de,1653,1,wollten,AUX,wollen
de,1653,2,Sie,PRON,sie
de,1653,3,denn,ADV,denn
de,1653,4,mit,ADP,mit
de,1653,5,mir,PRON,mir
de,1653,6,sprechen,VERB,sprechen
de,1653,7,?,PUNCT,--
de,1662,0,„,PUNCT,--
de,1662,1,Mit,ADP,mit
de,1662,2,wem,PRON,wem
de,1662,3,sollte,AUX,sollen
de,1662,4,ich,PRON,ich
de,1662,5,denn,ADV,denn
de,1662,6,verkehren,VERB,verkehren
de,1662,7,",",PUNCT,--
de,1662,8,wenn,SCONJ,wenn
de,1662,9,nicht,PART,nicht
de,1662,10,mit,ADP,mit
de,1662,11,Leuten,NOUN,Leute
de,1662,12,meines,DET,mein
de,1662,13,Faches,NOUN,Fach
de,1662,14,?,PUNCT,--
de,1662,15,“,PUNCT,--
de,1662,16,fügte,VERB,fügen
de,1662,17,der,DET,der
de,1662,18,Advokat,NOUN,Advokat
de,1662,19,hinzu,ADV,hinzu
de,1662,20,.,PUNCT,--
de,1709,0,Zuerst,ADV,zuerst
de,1709,1,sahen,VERB,sehen
de,1709,2,Sie,PRON,sie
de,1709,3,mich,PRON,mich
de,1709,4,gleich,ADV,gleich
de,1709,5,beim,ADP,bei
de,1709,6,Eintritt,NOUN,Eintritt
de,1709,7,ununterbrochen,ADV,ununterbrochen
de,1709,8,an,ADP,an
de,1709,9,und,CCONJ,und
de,1709,10,dann,ADV,dann
de,1709,11,ließen,VERB,lassen
de,1709,12,Sie,PRON,sie
de,1709,13,mich,PRON,mich
de,1709,14,warten,VERB,warten
de,1709,15,.,PUNCT,--
de,1720,0,er,PRON,er
de,1720,1,saß,VERB,sitzen
de,1720,2,auf,ADP,auf
de,1720,3,einem,DET,ein
de,1720,4,hohen,ADJ,hoch
de,1720,5,Thronsessel,NOUN,Thronsessel
de,1720,6,",",PUNCT,--
de,1720,7,dessen,DET,der
de,1720,8,Vergoldung,NOUN,Vergoldung
de,1720,9,vielfach,ADV,vielfach
de,1720,10,aus,ADP,aus
de,1720,11,dem,DET,der
de,1720,12,Bilde,NOUN,Bilde
de,1720,13,hervorstach,VERB,hervorstach
de,1720,14,.,PUNCT,--
de,1723,0,„,PUNCT,--
de,1723,1,Vielleicht,ADV,vielleicht
de,1723,2,ist,AUX,sein
de,1723,3,das,PRON,der
de,1723,4,mein,DET,mein
de,1723,5,Richter,NOUN,Richter
de,1723,6,",",PUNCT,--
de,1723,7,“,PUNCT,--
de,1723,8,sagte,VERB,sagen
de,1723,9,K.,PROPN,K.
de,1723,10,und,CCONJ,und
de,1723,11,zeigte,VERB,zeigen
de,1723,12,mit,ADP,mit
de,1723,13,einem,DET,ein
de,1723,14,Finger,NOUN,Finger
de,1723,15,auf,ADP,auf
de,1723,16,das,DET,der
de,1723,17,Bild,NOUN,Bild
de,1723,18,.,PUNCT,--
de,1780,0,Eilig,ADV,Eilig
de,1780,1,",",PUNCT,--
de,1780,2,mit,ADP,mit
de,1780,3,offenem,ADJ,offen
de,1780,4,Mund,NOUN,Mund
de,1780,5,erkletterte,VERB,erklettern
de,1780,6,sie,PRON,sie
de,1780,7,mit,ADP,mit
de,1780,8,den,DET,der
de,1780,9,Knien,NOUN,Knium
de,1780,10,seinen,DET,sein
de,1780,11,Schoß,NOUN,Schoß
de,1780,12,",",PUNCT,--
de,1780,13,K.,PROPN,K.
de,1780,14,sah,VERB,sehen
de,1780,15,fast,ADV,fast
de,1780,16,bestürzt,ADV,bestürzt
de,1780,17,zu,ADP,zu
de,1780,18,ihr,PRON,ihr
de,1780,19,auf,ADP,auf
de,1780,20,",",PUNCT,--
de,1780,21,jetzt,ADV,jetzt
de,1780,22,",",PUNCT,--
de,1780,23,da,SCONJ,da
de,1780,24,sie,PRON,sie
de,1780,25,ihm,PRON,ihm
de,1780,26,so,ADV,so
de,1780,27,nahe,ADV,nah
de,1780,28,war,AUX,sein
de,1780,29,",",PUNCT,--
de,1780,30,ging,VERB,gehen
de,1780,31,ein,DET,ein
de,1780,32,bitterer,ADJ,bitter
de,1780,33,anfeuernder,ADJ,anfeuernd
de,1780,34,Geruch,NOUN,Geruch
de,1780,35,wie,ADP,wie
de,1780,36,von,ADP,von
de,1780,37,Pfeffer,NOUN,Pfeffer
de,1780,38,von,ADP,von
de,1780,39,ihr,PRON,ihr
de,1780,40,aus,ADP,aus
de,1780,41,",",PUNCT,--
de,1780,42,sie,PRON,sie
de,1780,43,nahm,VERB,nehmen
de,1780,44,seinen,DET,sein
de,1780,45,Kopf,NOUN,Kopf
de,1780,46,an,ADP,an
de,1780,47,sich,PRON,sich
de,1780,48,",",PUNCT,--
de,1780,49,beugte,VERB,beugen
de,1780,50,sich,PRON,sich
de,1780,51,über,ADP,über
de,1780,52,ihn,PRON,ihn
de,1780,53,hinweg,ADV,hinweg
de,1780,54,und,CCONJ,und
de,1780,55,biß,NOUN,Biß
de,1780,56,und,CCONJ,und
de,1780,57,küßte,VERB,küßen
de,1780,58,seinen,DET,sein
de,1780,59,Hals,NOUN,Hals
de,1780,60,",",PUNCT,--
de,1780,61,biß,VERB,Biß
de,1780,62,selbst,ADV,selbst
de,1780,63,in,ADP,in
de,1780,64,seine,DET,sein
de,1780,65,Haare,NOUN,Haar
de,1780,66,.,PUNCT,--
de,1788,0,Verkriechst,PROPN,Verkriechst
de,1788,1,dich,PRON,dich
de,1788,2,mit,ADP,mit
de,1788,3,einem,DET,ein
de,1788,4,kleinen,ADJ,klein
de,1788,5,schmutzigen,ADJ,schmutzig
de,1788,6,Ding,NOUN,Ding
de,1788,7,",",PUNCT,--
de,1788,8,das,PRON,der
de,1788,9,überdies,ADV,überdies
de,1788,10,offensichtlich,ADV,offensichtlich
de,1788,11,die,DET,der
de,1788,12,Geliebte,NOUN,Geliebte
de,1788,13,des,DET,der
de,1788,14,Advokaten,NOUN,Advokat
de,1788,15,ist,AUX,sein
de,1788,16,",",PUNCT,--
de,1788,17,und,CCONJ,und
de,1788,18,bleibst,ADV,bleibst
de,1788,19,stundenlang,ADV,stundenlang
de,1788,20,weg,ADV,weg
de,1788,21,.,PUNCT,--
de,1815,0,viel,PRON,viel
de,1815,1,war,AUX,sein
de,1815,2,es,PRON,es
de,1815,3,jedenfalls,ADV,jedenfalls
de,1815,4,nicht,PART,nicht
de,1815,5,",",PUNCT,--
de,1815,6,schon,ADV,schon
de,1815,7,einen,DET,ein
de,1815,8,Monat,NOUN,Monat
de,1815,9,lang,ADV,lang
de,1815,10,hatte,AUX,haben
de,1815,11,er,PRON,er
de,1815,12,ihn,PRON,ihn
de,1815,13,nicht,PART,nicht
de,1815,14,mehr,ADV,mehr
de,1815,15,zu,ADP,zu
de,1815,16,sich,PRON,sich
de,1815,17,berufen,VERB,berufen
de,1815,18,und,CCONJ,und
de,1815,19,auch,ADV,auch
de,1815,20,bei,ADP,bei
de,1815,21,keiner,PRON,keiner
de,1815,22,der,DET,der
de,1815,23,frühern,ADJ,früher
de,1815,24,Besprechungen,NOUN,Besprechung
de,1815,25,hatte,AUX,haben
de,1815,26,K.,PROPN,K.
de,1815,27,den,DET,der
de,1815,28,Eindruck,NOUN,Eindruck
de,1815,29,gehabt,VERB,haben
de,1815,30,",",PUNCT,--
de,1815,31,daß,SCONJ,daß
de,1815,32,dieser,DET,dieser
de,1815,33,Mann,NOUN,Mann
de,1815,34,viel,PRON,viel
de,1815,35,für,ADP,für
de,1815,36,ihn,PRON,ihn
de,1815,37,erreichen,VERB,erreichen
de,1815,38,könne,AUX,können
de,1815,39,.,PUNCT,--
de,1820,0,Der,DET,der
de,1820,1,Advokat,NOUN,Advokat
de,1820,2,dagegen,ADV,dagegen
de,1820,3,",",PUNCT,--
de,1820,4,statt,SCONJ,statt
de,1820,5,zu,PART,zu
de,1820,6,fragen,VERB,fragen
de,1820,7,",",PUNCT,--
de,1820,8,erzählte,VERB,erzählen
de,1820,9,selbst,ADV,selbst
de,1820,10,oder,CCONJ,oder
de,1820,11,saß,VERB,sitzen
de,1820,12,ihm,PRON,ihm
de,1820,13,stumm,ADV,stumm
de,1820,14,gegenüber,ADP,gegenüber
de,1820,15,",",PUNCT,--
de,1820,16,beugte,VERB,beugen
de,1820,17,sich,PRON,sich
de,1820,18,",",PUNCT,--
de,1820,19,wahrscheinlich,ADV,wahrscheinlich
de,1820,20,wegen,ADP,wegen
de,1820,21,seines,DET,sein
de,1820,22,schwachen,ADJ,schwach
de,1820,23,Gehörs,NOUN,Gehörs
de,1820,24,",",PUNCT,--
de,1820,25,ein,DET,ein
de,1820,26,wenig,PRON,wenig
de,1820,27,über,ADP,über
de,1820,28,den,DET,der
de,1820,29,Schreibtisch,NOUN,Schreibtisch
de,1820,30,vor,ADP,vor
de,1820,31,",",PUNCT,--
de,1820,32,zog,VERB,ziehen
de,1820,33,an,ADP,an
de,1820,34,einem,DET,ein
de,1820,35,Bartstrahn,NOUN,Bartstrahn
de,1820,36,innerhalb,ADP,innerhalb
de,1820,37,seines,DET,sein
de,1820,38,Bartes,NOUN,Bart
de,1820,39,und,CCONJ,und
de,1820,40,blickte,VERB,blicken
de,1820,41,auf,ADP,auf
de,1820,42,den,DET,der
de,1820,43,Teppich,NOUN,Teppich
de,1820,44,nieder,ADV,nieder
de,1820,45,",",PUNCT,--
de,1820,46,vielleicht,ADV,vielleicht
de,1820,47,gerade,ADV,gerade
de,1820,48,auf,ADP,auf
de,1820,49,die,DET,der
de,1820,50,Stelle,NOUN,Stelle
de,1820,51,",",PUNCT,--
de,1820,52,wo,SCONJ,wo
de,1820,53,K.,PROPN,K.
de,1820,54,mit,ADP,mit
de,1820,55,Leni,PROPN,Leni
de,1820,56,gelegen,VERB,liegen
de,1820,57,war,AUX,sein
de,1820,58,.,PUNCT,--
de,1828,0,Er,PRON,er
de,1828,1,habe,AUX,haben
de,1828,2,natürlich,ADV,natürlich
de,1828,3,sofort,ADV,sofort
de,1828,4,zu,PART,zu
de,1828,5,arbeiten,VERB,arbeiten
de,1828,6,begonnen,VERB,beginnen
de,1828,7,und,CCONJ,und
de,1828,8,die,DET,der
de,1828,9,erste,ADJ,erster
de,1828,10,Eingabe,NOUN,Eingabe
de,1828,11,sei,AUX,sein
de,1828,12,schon,ADV,schon
de,1828,13,fast,ADV,fast
de,1828,14,fertiggestellt,VERB,fertigstellen
de,1828,15,.,PUNCT,--
de,1840,0,Die,DET,der
de,1840,1,Verteidigung,NOUN,Verteidigung
de,1840,2,ist,AUX,sein
de,1840,3,nämlich,ADV,nämlich
de,1840,4,durch,ADP,durch
de,1840,5,das,DET,der
de,1840,6,Gesetz,NOUN,Gesetz
de,1840,7,nicht,PART,nicht
de,1840,8,eigentlich,ADV,eigentlich
de,1840,9,gestattet,VERB,gestatten
de,1840,10,",",PUNCT,--
de,1840,11,sondern,CCONJ,sondern
de,1840,12,nur,ADV,nur
de,1840,13,geduldet,VERB,dulden
de,1840,14,und,CCONJ,und
de,1840,15,selbst,ADV,selbst
de,1840,16,darüber,ADV,darüber
de,1840,17,",",PUNCT,--
de,1840,18,ob,SCONJ,ob
de,1840,19,aus,ADP,aus
de,1840,20,der,DET,der
de,1840,21,betreffenden,ADJ,betreffend
de,1840,22,Gesetzesstelle,NOUN,Gesetzesstelle
de,1840,23,wenigstens,ADV,wenigstens
de,1840,24,Duldung,NOUN,Duldung
de,1840,25,herausgelesen,VERB,herausgelesen
de,1840,26,werden,AUX,werden
de,1840,27,soll,AUX,sollen
de,1840,28,",",PUNCT,--
de,1840,29,besteht,VERB,bestehen
de,1840,30,Streit,NOUN,Streit
de,1840,31,.,PUNCT,--
de,1846,0,Im,ADP,in
de,1846,1,Fußboden,NOUN,Fußboden
de,1846,2,dieser,DET,dieser
de,1846,3,Kammer,NOUN,Kammer
de,1846,4,—,PUNCT,--
de,1846,5,um,SCONJ,um
de,1846,6,nur,ADV,nur
de,1846,7,noch,ADV,noch
de,1846,8,ein,DET,ein
de,1846,9,Beispiel,NOUN,Beispiel
de,1846,10,für,ADP,für
de,1846,11,diese,DET,dieser
de,1846,12,Zustände,NOUN,Zustand
de,1846,13,anzuführen,VERB,anzuführen
de,1846,14,—,PUNCT,--
de,1846,15,ist,AUX,sein
de,1846,16,nun,ADV,nun
de,1846,17,schon,ADV,schon
de,1846,18,seit,ADP,seit
de,1846,19,mehr,DET,mehr
de,1846,20,als,ADP,als
de,1846,21,einem,DET,ein
de,1846,22,Jahr,NOUN,Jahr
de,1846,23,ein,DET,ein
de,1846,24,Loch,NOUN,Loch
de,1846,25,",",PUNCT,--
de,1846,26,nicht,PART,nicht
de,1846,27,so,ADV,so
de,1846,28,groß,ADV,groß
de,1846,29,",",PUNCT,--
de,1846,30,daß,SCONJ,daß
de,1846,31,ein,DET,ein
de,1846,32,Mensch,NOUN,Mensch
de,1846,33,durchfallen,VERB,durchfallen
de,1846,34,könnte,AUX,können
de,1846,35,",",PUNCT,--
de,1846,36,aber,CCONJ,aber
de,1846,37,groß,ADV,groß
de,1846,38,genug,ADV,genug
de,1846,39,",",PUNCT,--
de,1846,40,daß,SCONJ,daß
de,1846,41,man,PRON,man
de,1846,42,mit,ADP,mit
de,1846,43,einem,DET,ein
de,1846,44,Bein,NOUN,Bein
de,1846,45,ganz,ADV,ganz
de,1846,46,einsinkt,VERB,einsinken
de,1846,47,.,PUNCT,--
de,1874,0,Andererseits,ADV,andererseits
de,1874,1,sei,AUX,sein
de,1874,2,es,PRON,es
de,1874,3,allerdings,ADV,allerdings
de,1874,4,auch,ADV,auch
de,1874,5,richtig,ADV,richtig
de,1874,6,",",PUNCT,--
de,1874,7,daß,SCONJ,daß
de,1874,8,die,DET,der
de,1874,9,Herren,NOUN,Herr
de,1874,10,nicht,PART,nicht
de,1874,11,etwa,ADV,etwa
de,1874,12,nur,ADV,nur
de,1874,13,aus,ADP,aus
de,1874,14,Menschenliebe,NOUN,Menschenlieb
de,1874,15,oder,CCONJ,oder
de,1874,16,aus,ADP,aus
de,1874,17,freundschaftlichen,ADJ,freundschaftlich
de,1874,18,Gefühlen,NOUN,Gefühl
de,1874,19,sich,PRON,sich
de,1874,20,mit,ADP,mit
de,1874,21,der,DET,der
de,1874,22,Verteidigung,NOUN,Verteidigung
de,1874,23,",",PUNCT,--
de,1874,24,natürlich,ADV,natürlich
de,1874,25,nur,ADV,nur
de,1874,26,mit,ADP,mit
de,1874,27,einer,DET,ein
de,1874,28,sachverständigen,ADJ,sachverständig
de,1874,29,Verteidigung,NOUN,Verteidigung
de,1874,30,",",PUNCT,--
de,1874,31,in,ADP,in
de,1874,32,Verbindung,NOUN,Verbindung
de,1874,33,setzen,VERB,setzen
de,1874,34,",",PUNCT,--
de,1874,35,sie,PRON,sie
de,1874,36,sind,AUX,sein
de,1874,37,vielmehr,ADV,vielmehr
de,1874,38,in,ADP,in
de,1874,39,gewisser,ADJ,gewiß
de,1874,40,Hinsicht,NOUN,Hinsicht
de,1874,41,auch,ADV,auch
de,1874,42,auf,ADP,auf
de,1874,43,sie,PRON,sie
de,1874,44,angewiesen,ADV,anweisen
de,1874,45,.,PUNCT,--
de,1875,0,Hier,ADV,hier
de,1875,1,mache,VERB,machen
de,1875,2,sich,PRON,sich
de,1875,3,eben,ADV,eben
de,1875,4,der,DET,der
de,1875,5,Nachteil,NOUN,Nachteil
de,1875,6,einer,DET,ein
de,1875,7,Gerichtsorganisation,NOUN,Gerichtsorganisation
de,1875,8,geltend,ADV,geltend
de,1875,9,",",PUNCT,--
de,1875,10,die,PRON,der
de,1875,11,selbst,ADV,selbst
de,1875,12,in,ADP,in
de,1875,13,ihren,DET,ihr
de,1875,14,Anfängen,NOUN,Anfang
de,1875,15,den,DET,der
de,1875,16,geheimen,ADJ,geheim
de,1875,17,Bericht,NOUN,Bericht
de,1875,18,festsetzt,VERB,festsetzen
de,1875,19,.,PUNCT,--
de,1878,0,An,ADP,an
de,1878,1,diesem,DET,dieser
de,1878,2,Fenster,NOUN,Fenster
de,1878,3,hätte,AUX,haben
de,1878,4,man,PRON,man
de,1878,5,manche,DET,mancher
de,1878,6,Herren,NOUN,Herr
de,1878,7,",",PUNCT,--
de,1878,8,von,ADP,von
de,1878,9,denen,PRON,der
de,1878,10,man,PRON,man
de,1878,11,es,PRON,es
de,1878,12,am,PART,am
de,1878,13,wenigsten,ADV,wenigster
de,1878,14,erwarten,VERB,erwarten
de,1878,15,würde,AUX,werden
de,1878,16,",",PUNCT,--
de,1878,17,antreffen,VERB,antreffen
de,1878,18,können,AUX,können
de,1878,19,wie,ADP,wie
de,1878,20,sie,PRON,sie
de,1878,21,geradezu,ADV,geradezu
de,1878,22,trostlos,ADV,trostlos
de,1878,23,auf,ADP,auf
de,1878,24,die,DET,der
de,1878,25,Gasse,NOUN,Gasse
de,1878,26,hinaussahen,VERB,hinaussahen
de,1878,27,",",PUNCT,--
de,1878,28,während,SCONJ,während
de,1878,29,der,DET,der
de,1878,30,Advokat,NOUN,Advokat
de,1878,31,an,ADP,an
de,1878,32,seinem,DET,sein
de,1878,33,Tisch,NOUN,Tisch
de,1878,34,die,DET,der
de,1878,35,Akten,NOUN,Akte
de,1878,36,studierte,VERB,studieren
de,1878,37,",",PUNCT,--
de,1878,38,um,SCONJ,um
de,1878,39,ihnen,PRON,ihnen
de,1878,40,einen,DET,ein
de,1878,41,guten,ADJ,gut
de,1878,42,Rat,NOUN,Rat
de,1878,43,geben,VERB,geben
de,1878,44,zu,PART,zu
de,1878,45,können,AUX,können
de,1878,46,.,PUNCT,--
de,1887,0,Alle,DET,aller
de,1887,1,Beamten,NOUN,Beamter
de,1887,2,seien,AUX,sein
de,1887,3,gereizt,VERB,reizen
de,1887,4,",",PUNCT,--
de,1887,5,selbst,ADV,selbst
de,1887,6,wenn,SCONJ,wenn
de,1887,7,sie,PRON,sie
de,1887,8,ruhig,ADV,ruhig
de,1887,9,scheinen,VERB,scheinen
de,1887,10,.,PUNCT,--
de,1911,0,Oft,ADV,oft
de,1911,1,können,AUX,können
de,1911,2,sie,PRON,sie
de,1911,3,durch,ADP,durch
de,1911,4,Harmlosigkeiten,NOUN,Harmlosigkeite
de,1911,5,",",PUNCT,--
de,1911,6,unter,ADP,unter
de,1911,7,die,PRON,der
de,1911,8,allerdings,ADV,allerdings
de,1911,9,K.s,PROPN,K.s
de,1911,10,Verhalten,NOUN,verhalten
de,1911,11,leider,ADV,leider
de,1911,12,nicht,PART,nicht
de,1911,13,gehörte,VERB,gehören
de,1911,14,",",PUNCT,--
de,1911,15,derartig,ADV,derartig
de,1911,16,verletzt,VERB,verletzen
de,1911,17,werden,AUX,werden
de,1911,18,",",PUNCT,--
de,1911,19,daß,SCONJ,daß
de,1911,20,sie,PRON,sie
de,1911,21,selbst,ADV,selbst
de,1911,22,mit,ADP,mit
de,1911,23,guten,ADJ,gut
de,1911,24,Freunden,NOUN,Freund
de,1911,25,zu,PART,zu
de,1911,26,reden,VERB,reden
de,1911,27,aufhören,VERB,aufhören
de,1911,28,",",PUNCT,--
de,1911,29,sich,PRON,sich
de,1911,30,von,ADP,von
de,1911,31,ihnen,PRON,ihnen
de,1911,32,abwenden,VERB,abwenden
de,1911,33,",",PUNCT,--
de,1911,34,wenn,SCONJ,wenn
de,1911,35,sie,PRON,sie
de,1911,36,ihnen,PRON,ihnen
de,1911,37,begegnen,VERB,begegnen
de,1911,38,",",PUNCT,--
de,1911,39,und,CCONJ,und
de,1911,40,ihnen,PRON,ihnen
de,1911,41,in,ADP,in
de,1911,42,allem,PRON,alle
de,1911,43,möglichen,ADJ,möglich
de,1911,44,entgegenarbeiten,VERB,entgegenarbeien
de,1911,45,.,PUNCT,--
de,1921,0,Wie,ADV,wie
de,1921,1,könnte,AUX,können
de,1921,2,er,PRON,er
de,1921,3,sich,PRON,sich
de,1921,4,überhaupt,ADV,überhaupt
de,1921,5,",",PUNCT,--
de,1921,6,wenn,SCONJ,wenn
de,1921,7,er,PRON,er
de,1921,8,einmal,ADV,einmal
de,1921,9,Hilfe,NOUN,Hilfe
de,1921,10,in,ADP,in
de,1921,11,Anspruch,NOUN,Anspruch
de,1921,12,genommen,VERB,nehmen
de,1921,13,hat,AUX,haben
de,1921,14,",",PUNCT,--
de,1921,15,allein,ADV,allein
de,1921,16,noch,ADV,noch
de,1921,17,erhalten,VERB,erhalten
de,1921,18,.,PUNCT,--
de,1925,0,Der,DET,der
de,1925,1,Prozeß,NOUN,Prozeß
de,1925,2,ist,AUX,sein
de,1925,3,eben,ADV,eben
de,1925,4,in,ADP,in
de,1925,5,ein,DET,ein
de,1925,6,Stadium,NOUN,Stadium
de,1925,7,getreten,VERB,treten
de,1925,8,",",PUNCT,--
de,1925,9,wo,SCONJ,wo
de,1925,10,keine,DET,kein
de,1925,11,Hilfe,NOUN,Hilfe
de,1925,12,mehr,ADV,mehr
de,1925,13,geleistet,VERB,leisten
de,1925,14,werden,AUX,werden
de,1925,15,darf,AUX,dürfen
de,1925,16,",",PUNCT,--
de,1925,17,wo,SCONJ,wo
de,1925,18,ihn,PRON,ihn
de,1925,19,unzugängliche,ADJ,unzugänglich
de,1925,20,Gerichtshöfe,NOUN,Gerichtshöfe
de,1925,21,bearbeiten,VERB,bearbeiten
de,1925,22,",",PUNCT,--
de,1925,23,wo,SCONJ,wo
de,1925,24,auch,ADV,auch
de,1925,25,der,DET,der
de,1925,26,Angeklagte,NOUN,angeklagter
de,1925,27,für,ADP,für
de,1925,28,den,DET,der
de,1925,29,Advokaten,NOUN,Advokat
de,1925,30,nicht,PART,nicht
de,1925,31,mehr,ADV,mehr
de,1925,32,erreichbar,ADV,erreichbar
de,1925,33,ist,AUX,sein
de,1925,34,.,PUNCT,--
de,1928,0,Nun,ADV,nun
de,1928,1,sind,AUX,sein
de,1928,2,ja,ADV,ja
de,1928,3,solche,DET,solcher
de,1928,4,Fälle,NOUN,Fall
de,1928,5,glücklicherweise,ADV,glücklicherweise
de,1928,6,Ausnahmen,NOUN,Ausnahme
de,1928,7,",",PUNCT,--
de,1928,8,und,CCONJ,und
de,1928,9,selbst,ADV,selbst
de,1928,10,wenn,SCONJ,wenn
de,1928,11,K.s,PROPN,K.s
de,1928,12,Prozeß,NOUN,Prozeß
de,1928,13,ein,DET,ein
de,1928,14,solcher,DET,solcher
de,1928,15,Fall,NOUN,Fall
de,1928,16,sein,AUX,sein
de,1928,17,sollte,AUX,sollen
de,1928,18,",",PUNCT,--
de,1928,19,sei,AUX,sein
de,1928,20,er,PRON,er
de,1928,21,doch,ADV,doch
de,1928,22,vorläufig,ADV,vorläufig
de,1928,23,noch,ADV,noch
de,1928,24,weit,ADV,weit
de,1928,25,von,ADP,von
de,1928,26,einem,DET,ein
de,1928,27,solchen,DET,solcher
de,1928,28,Stadium,NOUN,Stadium
de,1928,29,entfernt,ADV,entfernt
de,1928,30,.,PUNCT,--
de,1942,0,Dann,ADV,dann
de,1942,1,stand,VERB,stehen
de,1942,2,sie,PRON,sie
de,1942,3,hinter,ADP,hinter
de,1942,4,K.,PROPN,K.
de,1942,5,",",PUNCT,--
de,1942,6,sah,VERB,sehen
de,1942,7,scheinbar,ADV,scheinbar
de,1942,8,zu,ADP,zu
de,1942,9,",",PUNCT,--
de,1942,10,wie,SCONJ,wie
de,1942,11,der,DET,der
de,1942,12,Advokat,NOUN,Advokat
de,1942,13,mit,ADP,mit
de,1942,14,einer,DET,ein
de,1942,15,Art,NOUN,Art
de,1942,16,Gier,NOUN,Gier
de,1942,17,tief,ADV,tief
de,1942,18,zur,ADP,zu
de,1942,19,Tasse,NOUN,Tasse
de,1942,20,herabgebeugt,VERB,herabgebeugen
de,1942,21,den,DET,der
de,1942,22,Tee,NOUN,Tee
de,1942,23,eingoß,VERB,eingoß
de,1942,24,und,CCONJ,und
de,1942,25,trank,VERB,Trank
de,1942,26,",",PUNCT,--
de,1942,27,und,CCONJ,und
de,1942,28,ließ,VERB,lassen
de,1942,29,im,ADP,in
de,1942,30,Geheimen,NOUN,Geheimen
de,1942,31,ihre,DET,ihr
de,1942,32,Hand,NOUN,Hand
de,1942,33,von,ADP,von
de,1942,34,K.,PROPN,K.
de,1942,35,erfassen,VERB,erfassen
de,1942,36,.,PUNCT,--
de,1963,0,seine,DET,sein
de,1963,1,Stellung,NOUN,Stellung
de,1963,2,war,AUX,sein
de,1963,3,nicht,PART,nicht
de,1963,4,mehr,ADV,mehr
de,1963,5,vollständig,ADV,vollständig
de,1963,6,unabhängig,ADV,unabhängig
de,1963,7,von,ADP,von
de,1963,8,dem,DET,der
de,1963,9,Verlauf,NOUN,Verlauf
de,1963,10,des,DET,der
de,1963,11,Prozesses,NOUN,Prozeß
de,1963,12,",",PUNCT,--
de,1963,13,er,PRON,er
de,1963,14,selbst,ADV,selbst
de,1963,15,hatte,AUX,haben
de,1963,16,unvorsichtigerweise,ADV,unvorsichtigerweise
de,1963,17,mit,ADP,mit
de,1963,18,einer,DET,ein
de,1963,19,gewissen,ADJ,gewiß
de,1963,20,unerklärlichen,ADJ,unerklärlich
de,1963,21,Genugtuung,NOUN,Genugtuung
de,1963,22,vor,ADP,vor
de,1963,23,Bekannten,NOUN,bekannte
de,1963,24,den,DET,der
de,1963,25,Prozeß,NOUN,Prozeß
de,1963,26,erwähnt,VERB,erwähnen
de,1963,27,",",PUNCT,--
de,1963,28,andere,PRON,anderer
de,1963,29,hatten,AUX,haben
de,1963,30,auf,ADP,auf
de,1963,31,unbekannte,ADJ,unbekannt
de,1963,32,Weise,NOUN,Weise
de,1963,33,davon,ADV,davon
de,1963,34,erfahren,VERB,erfahren
de,1963,35,",",PUNCT,--
de,1963,36,das,DET,der
de,1963,37,Verhältnis,NOUN,Verhältnis
de,1963,38,zu,ADP,zu
de,1963,39,Fräulein,NOUN,Fräulein
de,1963,40,Bürstner,PROPN,Bürstner
de,1963,41,schien,VERB,scheinen
de,1963,42,entsprechend,ADV,entsprechend
de,1963,43,dem,DET,der
de,1963,44,Prozeß,NOUN,Prozeß
de,1963,45,zu,PART,zu
de,1963,46,schwanken,VERB,schwanken
de,1963,47,—,PUNCT,--
de,1963,48,kurz,ADV,kurz
de,1963,49,",",PUNCT,--
de,1963,50,er,PRON,er
de,1963,51,hatte,AUX,haben
de,1963,52,kaum,ADV,kaum
de,1963,53,mehr,ADV,mehr
de,1963,54,die,DET,der
de,1963,55,Wahl,NOUN,Wahl
de,1963,56,",",PUNCT,--
de,1963,57,den,DET,der
de,1963,58,Prozeß,NOUN,Prozeß
de,1963,59,anzunehmen,VERB,annehmen
de,1963,60,oder,CCONJ,oder
de,1963,61,abzulehnen,VERB,ablehnen
de,1963,62,",",PUNCT,--
de,1963,63,er,PRON,er
de,1963,64,stand,VERB,stehen
de,1963,65,mitten,ADV,mitten
de,1963,66,darin,ADV,darin
de,1963,67,und,CCONJ,und
de,1963,68,mußte,AUX,müssen
de,1963,69,sich,PRON,sich
de,1963,70,wehren,VERB,wehren
de,1963,71,.,PUNCT,--
de,2007,0,Als,SCONJ,als
de,2007,1,er,PRON,er
de,2007,2,nun,ADV,nun
de,2007,3,verstummte,VERB,verstummen
de,2007,4,",",PUNCT,--
de,2007,5,glaubte,VERB,glauben
de,2007,6,K.,PROPN,K.
de,2007,7,zuerst,ADV,zuerst
de,2007,8,wirklich,ADV,wirklich
de,2007,9,",",PUNCT,--
de,2007,10,es,PRON,es
de,2007,11,geschehe,VERB,geschehen
de,2007,12,dies,PRON,dieser
de,2007,13,deshalb,ADV,deshalb
de,2007,14,",",PUNCT,--
de,2007,15,um,SCONJ,um
de,2007,16,ihm,PRON,ihm
de,2007,17,Gelegenheit,NOUN,Gelegenheit
de,2007,18,zu,ADP,zu
de,2007,19,dem,DET,der
de,2007,20,Eingeständnis,NOUN,Eingeständnis
de,2007,21,zu,PART,zu
de,2007,22,geben,VERB,geben
de,2007,23,",",PUNCT,--
de,2007,24,daß,SCONJ,daß
de,2007,25,er,PRON,er
de,2007,26,nicht,PART,nicht
de,2007,27,fähig,ADV,fähig
de,2007,28,sei,AUX,sein
de,2007,29,",",PUNCT,--
de,2007,30,zuzuhören,VERB,zuzuhören
de,2007,31,.,PUNCT,--
de,2010,0,Der,DET,der
de,2010,1,Fabrikant,NOUN,Fabrikant
de,2010,2,vermutete,VERB,vermuten
de,2010,3,Einwände,NOUN,Einwand
de,2010,4,",",PUNCT,--
de,2010,5,vielleicht,ADV,vielleicht
de,2010,6,waren,AUX,sein
de,2010,7,die,DET,der
de,2010,8,Ziffern,NOUN,Ziffer
de,2010,9,wirklich,ADV,wirklich
de,2010,10,nicht,PART,nicht
de,2010,11,feststehend,ADV,feststehend
de,2010,12,",",PUNCT,--
de,2010,13,vielleicht,ADV,vielleicht
de,2010,14,waren,AUX,sein
de,2010,15,sie,PRON,sie
de,2010,16,nicht,PART,nicht
de,2010,17,das,DET,der
de,2010,18,Entscheidende,NOUN,entscheidende
de,2010,19,",",PUNCT,--
de,2010,20,jedenfalls,ADV,jedenfalls
de,2010,21,bedeckte,VERB,bedecken
de,2010,22,der,DET,der
de,2010,23,Fabrikant,NOUN,Fabrikant
de,2010,24,die,DET,der
de,2010,25,Papiere,NOUN,Papier
de,2010,26,mit,ADP,mit
de,2010,27,der,DET,der
de,2010,28,Hand,NOUN,Hand
de,2010,29,und,CCONJ,und
de,2010,30,begann,VERB,beginnen
de,2010,31,von,ADP,von
de,2010,32,neuem,ADJ,neu
de,2010,33,",",PUNCT,--
de,2010,34,ganz,ADV,ganz
de,2010,35,nahe,ADV,nahe
de,2010,36,an,ADP,an
de,2010,37,K.,PROPN,K.
de,2010,38,heranrückend,ADV,heranrückend
de,2010,39,",",PUNCT,--
de,2010,40,eine,DET,ein
de,2010,41,allgemeine,ADJ,allgemein
de,2010,42,Darstellung,NOUN,Darstellung
de,2010,43,des,DET,der
de,2010,44,Geschäftes,NOUN,Geschäft
de,2010,45,.,PUNCT,--
de,2011,0,„,PUNCT,--
de,2011,1,Es,PRON,es
de,2011,2,ist,AUX,sein
de,2011,3,schwierig,ADV,schwierig
de,2011,4,",",PUNCT,--
de,2011,5,“,PUNCT,--
de,2011,6,sagte,VERB,sagen
de,2011,7,K.,PROPN,K.
de,2011,8,",",PUNCT,--
de,2011,9,rümpfte,VERB,rümpfen
de,2011,10,die,DET,der
de,2011,11,Lippen,NOUN,Lippe
de,2011,12,und,CCONJ,und
de,2011,13,sank,VERB,sinken
de,2011,14,",",PUNCT,--
de,2011,15,da,SCONJ,da
de,2011,16,die,DET,der
de,2011,17,Papiere,NOUN,Papier
de,2011,18,",",PUNCT,--
de,2011,19,das,DET,der
de,2011,20,einzig,ADV,einzig
de,2011,21,Faßbare,NOUN,Faßbare
de,2011,22,",",PUNCT,--
de,2011,23,verdeckt,VERB,verdecken
de,2011,24,waren,AUX,sein
de,2011,25,",",PUNCT,--
de,2011,26,haltlos,ADV,haltlos
de,2011,27,gegen,ADP,gegen
de,2011,28,die,DET,der
de,2011,29,Seitenlehne,NOUN,Seitenlehne
de,2011,30,.,PUNCT,--
de,2033,0,Lange,ADV,lange
de,2033,1,saß,VERB,sitzen
de,2033,2,er,PRON,er
de,2033,3,so,ADV,so
de,2033,4,",",PUNCT,--
de,2033,5,ohne,SCONJ,ohne
de,2033,6,zu,PART,zu
de,2033,7,wissen,VERB,wissen
de,2033,8,",",PUNCT,--
de,2033,9,was,PRON,was
de,2033,10,ihm,PRON,ihm
de,2033,11,eigentlich,ADV,eigentlich
de,2033,12,Sorgen,NOUN,Sorge
de,2033,13,machte,VERB,machen
de,2033,14,",",PUNCT,--
de,2033,15,nur,ADV,nur
de,2033,16,von,ADP,von
de,2033,17,Zeit,NOUN,Zeit
de,2033,18,zu,ADP,zu
de,2033,19,Zeit,NOUN,Zeit
de,2033,20,blickte,VERB,blicken
de,2033,21,er,PRON,er
de,2033,22,ein,DET,ein
de,2033,23,wenig,PRON,wenig
de,2033,24,erschreckt,VERB,erschreckt
de,2033,25,über,ADP,über
de,2033,26,die,DET,der
de,2033,27,Schulter,NOUN,Schulter
de,2033,28,hinweg,ADV,hinweg
de,2033,29,zur,ADP,zu
de,2033,30,Vorzimmertür,NOUN,Vorzimmertür
de,2033,31,",",PUNCT,--
de,2033,32,wo,SCONJ,wo
de,2033,33,er,PRON,er
de,2033,34,irrtümlicherweise,ADV,irrtümlicherweise
de,2033,35,ein,DET,ein
de,2033,36,Geräusch,NOUN,Geräusch
de,2033,37,zu,PART,zu
de,2033,38,hören,VERB,hören
de,2033,39,geglaubt,VERB,glauben
de,2033,40,hatte,AUX,haben
de,2033,41,.,PUNCT,--
de,2038,0,Hätte,VERB,haben
de,2038,1,er,PRON,er
de,2038,2,daran,ADV,daran
de,2038,3,zweifeln,VERB,zweifeln
de,2038,4,wollen,AUX,wollen
de,2038,5,",",PUNCT,--
de,2038,6,so,ADV,so
de,2038,7,hätte,AUX,haben
de,2038,8,ihn,PRON,ihn
de,2038,9,das,DET,der
de,2038,10,heutige,ADJ,heutig
de,2038,11,Beisammensein,NOUN,Beisammensein
de,2038,12,mit,ADP,mit
de,2038,13,dem,DET,der
de,2038,14,Direktor-Stellvertreter,NOUN,Direktor-Stellvertreter
de,2038,15,und,CCONJ,und
de,2038,16,dem,DET,der
de,2038,17,Fabrikanten,NOUN,Fabrikant
de,2038,18,hinreichend,ADV,hinreichend
de,2038,19,vom,ADP,von
de,2038,20,Gegenteil,NOUN,Gegenteil
de,2038,21,überzeugen,VERB,überzeugen
de,2038,22,können,AUX,können
de,2038,23,.,PUNCT,--
de,2059,0,Was,PRON,was
de,2059,1,hatte,AUX,haben
de,2059,2,also,ADV,also
de,2059,3,K.,PROPN,K.
de,2059,4,zu,PART,zu
de,2059,5,erhoffen,VERB,erhoffen
de,2059,6,?,PUNCT,--
de,2064,0,Auch,ADV,auch
de,2064,1,einige,DET,einiger
de,2064,2,Schneeflocken,NOUN,Schneeflock
de,2064,3,wurden,AUX,werden
de,2064,4,hereingeweht,VERB,hereingewehen
de,2064,5,.,PUNCT,--
de,2090,0,Aber,CCONJ,aber
de,2090,1,in,ADP,in
de,2090,2,solchen,DET,solcher
de,2090,3,Dingen,NOUN,Ding
de,2090,4,soll,AUX,sollen
de,2090,5,man,PRON,man
de,2090,6,nicht,PART,nicht
de,2090,7,das,DET,der
de,2090,8,Geringste,NOUN,geringster
de,2090,9,vernachlässigen,VERB,vernachlässigen
de,2090,10,.,PUNCT,--
de,2131,0,Aber,CCONJ,aber
de,2131,1,Sie,PRON,sie
de,2131,2,haben,VERB,haben
de,2131,3,gewiß,ADV,gewiß
de,2131,4,alles,PRON,alle
de,2131,5,durchgedacht,VERB,durchdachen
de,2131,6,und,CCONJ,und
de,2131,7,wissen,VERB,wissen
de,2131,8,",",PUNCT,--
de,2131,9,was,PRON,was
de,2131,10,Sie,PRON,sie
de,2131,11,tun,VERB,tun
de,2131,12,dürfen,AUX,dürfen
de,2131,13,.,PUNCT,--
de,2131,14,“,PUNCT,--
de,2136,0,Konnte,AUX,Können
de,2136,1,er,PRON,er
de,2136,2,sich,PRON,sich
de,2136,3,auf,ADP,auf
de,2136,4,seinen,DET,sein
de,2136,5,eigenen,ADJ,eigen
de,2136,6,Verstand,NOUN,Verstand
de,2136,7,tatsächlich,ADV,tatsächlich
de,2136,8,schon,ADV,schon
de,2136,9,so,ADV,so
de,2136,10,wenig,PRON,wenig
de,2136,11,verlassen,VERB,verlassen
de,2136,12,?,PUNCT,--
de,2149,0,Ich,PRON,ich
de,2149,1,bitte,VERB,bitten
de,2149,2,Sie,PRON,sie
de,2149,3,sehr,ADV,sehr
de,2149,4,um,ADP,um
de,2149,5,Verzeihung,NOUN,Verzeihung
de,2149,6,",",PUNCT,--
de,2149,7,aber,CCONJ,aber
de,2149,8,ich,PRON,ich
de,2149,9,habe,AUX,haben
de,2149,10,einen,DET,ein
de,2149,11,dringenden,ADJ,dringend
de,2149,12,Geschäftsgang,NOUN,Geschäftsgang
de,2149,13,zu,PART,zu
de,2149,14,erledigen,VERB,erledigen
de,2149,15,und,CCONJ,und
de,2149,16,muß,AUX,müssen
de,2149,17,sofort,ADV,sofort
de,2149,18,weggehn,VERB,weggehn
de,2149,19,.,PUNCT,--
de,2158,0,K.,PROPN,K.
de,2158,1,schlug,VERB,schlagen
de,2158,2,daher,ADV,daher
de,2158,3,den,DET,der
de,2158,4,Mantelkragen,NOUN,Mantelkrag
de,2158,5,in,ADP,in
de,2158,6,die,DET,der
de,2158,7,Höhe,NOUN,Höhe
de,2158,8,und,CCONJ,und
de,2158,9,knöpfte,VERB,knöpfen
de,2158,10,ihn,PRON,ihn
de,2158,11,hoch,ADV,hoch
de,2158,12,unter,ADP,unter
de,2158,13,dem,DET,der
de,2158,14,Halse,NOUN,Hals
de,2158,15,zu,ADP,zu
de,2158,16,.,PUNCT,--
de,2160,0,„,PUNCT,--
de,2160,1,Ja,PART,ja
de,2160,2,",",PUNCT,--
de,2160,3,“,PUNCT,--
de,2160,4,sagte,VERB,sagen
de,2160,5,K.,PROPN,K.
de,2160,6,und,CCONJ,und
de,2160,7,richtete,VERB,richten
de,2160,8,sich,PRON,sich
de,2160,9,auf,ADP,auf
de,2160,10,",",PUNCT,--
de,2160,11,„,PUNCT,--
de,2160,12,ich,PRON,ich
de,2160,13,habe,AUX,haben
de,2160,14,einen,DET,ein
de,2160,15,Geschäftsgang,NOUN,Geschäftsgang
de,2160,16,zu,PART,zu
de,2160,17,machen,VERB,machen
de,2160,18,.,PUNCT,--
de,2160,19,“,PUNCT,--
de,2172,0,Wie,SCONJ,wie
de,2172,1,sich,PRON,sich
de,2172,2,doch,ADV,doch
de,2172,3,der,DET,der
de,2172,4,Direktor-Stellvertreter,NOUN,Direktor-Stellvertreter
de,2172,5,alles,PRON,alle
de,2172,6,anzueignen,VERB,aneignen
de,2172,7,verstand,VERB,verstehen
de,2172,8,",",PUNCT,--
de,2172,9,was,PRON,wer
de,2172,10,K.,PROPN,K.
de,2172,11,jetzt,ADV,jetzt
de,2172,12,notgedrungen,ADV,notgedrung
de,2172,13,aufgeben,VERB,aufgeben
de,2172,14,mußte,AUX,müssen
de,2172,15,!,PUNCT,--
de,2199,0,Sie,PRON,sie
de,2199,1,lächelte,VERB,lächelen
de,2199,2,nicht,PART,nicht
de,2199,3,einmal,ADV,einmal
de,2199,4,",",PUNCT,--
de,2199,5,sondern,CCONJ,sondern
de,2199,6,sah,VERB,sehen
de,2199,7,K.,PROPN,K.
de,2199,8,ernst,ADV,ernst
de,2199,9,mit,ADP,mit
de,2199,10,scharfem,ADJ,scharf
de,2199,11,",",PUNCT,--
de,2199,12,aufforderndem,ADJ,auffordernd
de,2199,13,Blicke,NOUN,Blick
de,2199,14,an,ADP,an
de,2199,15,.,PUNCT,--
de,2204,0,„,PUNCT,--
de,2204,1,Ich,PRON,ich
de,2204,2,will,AUX,wollen
de,2204,3,mich,PRON,sich
de,2204,4,von,ADP,von
de,2204,5,ihm,PRON,ihm
de,2204,6,malen,VERB,malen
de,2204,7,lassen,VERB,lassen
de,2204,8,",",PUNCT,--
de,2204,9,“,PUNCT,--
de,2204,10,sagte,VERB,sagen
de,2204,11,er,PRON,er
de,2204,12,.,PUNCT,--
de,2221,0,K.,PROPN,K.
de,2221,1,wußte,VERB,wissen
de,2221,2,nicht,PART,nicht
de,2221,3,",",PUNCT,--
de,2221,4,wie,SCONJ,wie
de,2221,5,er,PRON,er
de,2221,6,das,DET,der
de,2221,7,Ganze,NOUN,ganze
de,2221,8,beurteilen,VERB,beurteilen
de,2221,9,sollte,AUX,sollen
de,2221,10,",",PUNCT,--
de,2221,11,es,PRON,es
de,2221,12,hatte,AUX,haben
de,2221,13,nämlich,ADV,nämlich
de,2221,14,den,DET,der
de,2221,15,Anschein,NOUN,Anschein
de,2221,16,",",PUNCT,--
de,2221,17,als,SCONJ,als
de,2221,18,ob,SCONJ,ob
de,2221,19,alles,PRON,alle
de,2221,20,in,ADP,in
de,2221,21,freundschaftlichem,ADJ,freundschaftlich
de,2221,22,Einvernehmen,NOUN,Einvernehmen
de,2221,23,geschehe,VERB,geschehen
de,2221,24,.,PUNCT,--
de,2240,0,„,PUNCT,--
de,2240,1,Ich,PRON,ich
de,2240,2,allein,ADV,allein
de,2240,3,auch,ADV,auch
de,2240,4,nicht,PART,nicht
de,2240,5,?,PUNCT,--
de,2240,6,“,PUNCT,--
de,2240,7,fragte,VERB,fragen
de,2240,8,es,PRON,es
de,2240,9,wieder,ADV,wieder
de,2240,10,.,PUNCT,--
de,2247,0,Hinter,ADP,hinter
de,2247,1,K.,PROPN,K.
de,2247,2,war,AUX,sein
de,2247,3,das,DET,der
de,2247,4,Fenster,NOUN,Fenster
de,2247,5,",",PUNCT,--
de,2247,6,durch,ADP,durch
de,2247,7,das,PRON,der
de,2247,8,man,PRON,man
de,2247,9,im,ADP,in
de,2247,10,Nebel,NOUN,Nebel
de,2247,11,nicht,PART,nicht
de,2247,12,weiter,ADV,weiter
de,2247,13,sehen,VERB,sehen
de,2247,14,konnte,AUX,können
de,2247,15,als,ADP,als
de,2247,16,über,ADP,über
de,2247,17,das,DET,der
de,2247,18,mit,ADP,mit
de,2247,19,Schnee,NOUN,Schnee
de,2247,20,bedeckte,ADJ,bedeckt
de,2247,21,Dach,NOUN,Dach
de,2247,22,des,DET,der
de,2247,23,Nachbarhauses,NOUN,Nachbarhauses
de,2247,24,.,PUNCT,--
de,2289,0,Allmählich,ADV,allmählich
de,2289,1,umgab,VERB,umgeben
de,2289,2,dieses,DET,dieser
de,2289,3,Spiel,NOUN,Spiel
de,2289,4,des,DET,der
de,2289,5,Schattens,NOUN,Schatten
de,2289,6,den,DET,der
de,2289,7,Kopf,NOUN,Kopf
de,2289,8,wie,ADP,wie
de,2289,9,ein,DET,ein
de,2289,10,Schmuck,NOUN,Schmuck
de,2289,11,oder,CCONJ,oder
de,2289,12,eine,DET,ein
de,2289,13,hohe,ADJ,hoch
de,2289,14,Auszeichnung,NOUN,Auszeichnung
de,2289,15,.,PUNCT,--
de,2290,0,Um,SCONJ,um
de,2290,1,die,DET,der
de,2290,2,Figur,NOUN,Figur
de,2290,3,der,DET,der
de,2290,4,Gerechtigkeit,NOUN,Gerechtigkeit
de,2290,5,aber,ADV,aber
de,2290,6,blieb,VERB,bleiben
de,2290,7,es,PRON,es
de,2290,8,bis,ADP,bis
de,2290,9,auf,ADP,auf
de,2290,10,eine,DET,ein
de,2290,11,unmerkliche,ADJ,unmerklich
de,2290,12,Tönung,NOUN,Tönung
de,2290,13,hell,ADV,hell
de,2290,14,",",PUNCT,--
de,2290,15,in,ADP,in
de,2290,16,dieser,DET,dieser
de,2290,17,Helligkeit,NOUN,Helligkeit
de,2290,18,schien,VERB,scheinen
de,2290,19,die,DET,der
de,2290,20,Figur,NOUN,Figur
de,2290,21,besonders,ADV,besonders
de,2290,22,vorzudringen,VERB,vordringen
de,2290,23,",",PUNCT,--
de,2290,24,sie,PRON,sie
de,2290,25,erinnerte,VERB,erinnern
de,2290,26,kaum,ADV,kaum
de,2290,27,mehr,ADV,mehr
de,2290,28,an,ADP,an
de,2290,29,die,DET,der
de,2290,30,Göttin,NOUN,Göttin
de,2290,31,der,DET,der
de,2290,32,Gerechtigkeit,NOUN,Gerechtigkeit
de,2290,33,",",PUNCT,--
de,2290,34,aber,CCONJ,aber
de,2290,35,auch,ADV,auch
de,2290,36,nicht,PART,nicht
de,2290,37,an,ADP,an
de,2290,38,die,PRON,der
de,2290,39,des,DET,der
de,2290,40,Sieges,NOUN,Sieg
de,2290,41,",",PUNCT,--
de,2290,42,sie,PRON,sie
de,2290,43,sah,VERB,sehen
de,2290,44,jetzt,ADV,jetzt
de,2290,45,vielmehr,ADV,vielmehr
de,2290,46,vollkommen,ADV,vollkommen
de,2290,47,wie,ADP,wie
de,2290,48,die,DET,der
de,2290,49,Göttin,NOUN,Göttin
de,2290,50,der,DET,der
de,2290,51,Jagd,NOUN,Jagd
de,2290,52,aus,ADP,aus
de,2290,53,.,PUNCT,--
de,2291,0,Die,DET,der
de,2291,1,Arbeit,NOUN,Arbeit
de,2291,2,des,DET,der
de,2291,3,Malers,NOUN,Maler
de,2291,4,zog,VERB,ziehen
de,2291,5,K.,PROPN,K.
de,2291,6,mehr,ADV,mehr
de,2291,7,an,ADP,an
de,2291,8,",",PUNCT,--
de,2291,9,als,SCONJ,als
de,2291,10,er,PRON,er
de,2291,11,wollte,VERB,wollen
de,2291,12,;,PUNCT,--
de,2292,0,schließlich,ADV,schließlich
de,2292,1,aber,ADV,aber
de,2292,2,machte,VERB,machen
de,2292,3,er,PRON,er
de,2292,4,sich,PRON,sich
de,2292,5,doch,ADV,doch
de,2292,6,Vorwürfe,NOUN,Vorwurf
de,2292,7,",",PUNCT,--
de,2292,8,daß,SCONJ,daß
de,2292,9,er,PRON,er
de,2292,10,so,ADV,so
de,2292,11,lange,ADV,lange
de,2292,12,schon,ADV,schon
de,2292,13,hier,ADV,hier
de,2292,14,war,AUX,sein
de,2292,15,und,CCONJ,und
de,2292,16,im,ADP,in
de,2292,17,Grunde,NOUN,Grund
de,2292,18,noch,ADV,noch
de,2292,19,nichts,PRON,nichts
de,2292,20,für,ADP,für
de,2292,21,seine,DET,sein
de,2292,22,eigene,ADJ,eigen
de,2292,23,Sache,NOUN,Sache
de,2292,24,unternommen,VERB,unternehmen
de,2292,25,hatte,AUX,haben
de,2292,26,.,PUNCT,--
de,2294,0,„,PUNCT,--
de,2294,1,Das,PRON,der
de,2294,2,darf,AUX,dürfen
de,2294,3,ich,PRON,ich
de,2294,4,nicht,PART,nicht
de,2294,5,sagen,VERB,sagen
de,2294,6,",",PUNCT,--
de,2294,7,“,PUNCT,--
de,2294,8,antwortete,VERB,antworten
de,2294,9,der,DET,der
de,2294,10,Maler,NOUN,Maler
de,2294,11,",",PUNCT,--
de,2294,12,er,PRON,er
de,2294,13,war,AUX,sein
de,2294,14,tief,ADV,tief
de,2294,15,zum,ADP,zu
de,2294,16,Bild,NOUN,Bild
de,2294,17,hinabgebeugt,VERB,hinabgebeugt
de,2294,18,und,CCONJ,und
de,2294,19,vernachlässigte,VERB,vernachlässigen
de,2294,20,deutlich,ADV,deutlich
de,2294,21,seinen,DET,sein
de,2294,22,Gast,NOUN,Gast
de,2294,23,",",PUNCT,--
de,2294,24,den,PRON,der
de,2294,25,er,PRON,er
de,2294,26,doch,ADV,doch
de,2294,27,zuerst,ADV,zuerst
de,2294,28,so,ADV,so
de,2294,29,rücksichtsvoll,ADV,rücksichtsvoll
de,2294,30,empfangen,VERB,empfangen
de,2294,31,hatte,AUX,haben
de,2294,32,.,PUNCT,--
de,2318,0,Das,DET,der
de,2318,1,Zimmer,NOUN,Zimmer
de,2318,2,ist,AUX,sein
de,2318,3,in,ADP,in
de,2318,4,dieser,DET,dieser
de,2318,5,Hinsicht,NOUN,Hinsicht
de,2318,6,sehr,ADV,sehr
de,2318,7,gut,ADV,gut
de,2318,8,gelegen,VERB,liegen
de,2318,9,.,PUNCT,--
de,2318,10,“,PUNCT,--
de,2333,0,„,PUNCT,--
de,2333,1,Meine,DET,mein
de,2333,2,Unschuld,NOUN,Unschuld
de,2333,3,vereinfacht,VERB,vereinfachen
de,2333,4,die,DET,der
de,2333,5,Sache,NOUN,Sache
de,2333,6,nicht,PART,nicht
de,2333,7,",",PUNCT,--
de,2333,8,“,PUNCT,--
de,2333,9,sagte,VERB,sagen
de,2333,10,K.,PROPN,K.
de,2334,0,Er,PRON,er
de,2334,1,mußte,AUX,müssen
de,2334,2,trotz,ADP,trotz
de,2334,3,allem,PRON,alle
de,2334,4,lächeln,VERB,lächeln
de,2334,5,und,CCONJ,und
de,2334,6,schüttelte,VERB,schütteln
de,2334,7,langsam,ADV,langsam
de,2334,8,den,DET,der
de,2334,9,Kopf,NOUN,Kopf
de,2334,10,.,PUNCT,--
de,2337,0,„,PUNCT,--
de,2337,1,Ja,PART,ja
de,2337,2,",",PUNCT,--
de,2337,3,ja,PART,ja
de,2337,4,",",PUNCT,--
de,2337,5,gewiß,ADV,gewiß
de,2337,6,",",PUNCT,--
de,2337,7,“,PUNCT,--
de,2337,8,sagte,VERB,sagen
de,2337,9,der,DET,der
de,2337,10,Maler,NOUN,Maler
de,2337,11,",",PUNCT,--
de,2337,12,als,SCONJ,als
de,2337,13,störe,VERB,stören
de,2337,14,K.,PROPN,K.
de,2337,15,unnötigerweise,ADV,unnötigerweise
de,2337,16,seinen,DET,sein
de,2337,17,Gedankengang,NOUN,Gedankengang
de,2337,18,.,PUNCT,--
de,2347,0,Wieder,ADV,wieder
de,2347,1,begann,VERB,beginnen
de,2347,2,ein,DET,ein
de,2347,3,Mädchen,NOUN,Mädchen
de,2347,4,hinter,ADP,hinter
de,2347,5,der,DET,der
de,2347,6,Tür,NOUN,Tür
de,2347,7,zu,PART,zu
de,2347,8,fragen,VERB,fragen
de,2347,9,:,PUNCT,--
de,2347,10,„,PUNCT,--
de,2347,11,Titorelli,PROPN,Titorelli
de,2347,12,",",PUNCT,--
de,2347,13,wird,AUX,werden
de,2347,14,er,PRON,er
de,2347,15,denn,ADV,denn
de,2347,16,nicht,PART,nicht
de,2347,17,schon,ADV,schon
de,2347,18,bald,ADV,bald
de,2347,19,weggehn,PROPN,weggehn
de,2347,20,.,PUNCT,--
de,2347,21,“,PUNCT,--
de,2359,0,K.,PROPN,K.
de,2359,1,hatte,AUX,haben
de,2359,2,sich,PRON,sich
de,2359,3,kaum,ADV,kaum
de,2359,4,zur,ADP,zu
de,2359,5,Tür,NOUN,Tür
de,2359,6,hingewendet,VERB,hingewenden
de,2359,7,",",PUNCT,--
de,2359,8,er,PRON,er
de,2359,9,hatte,AUX,haben
de,2359,10,es,PRON,es
de,2359,11,vollständig,ADV,vollständig
de,2359,12,dem,DET,der
de,2359,13,Maler,NOUN,Maler
de,2359,14,überlassen,VERB,überlassen
de,2359,15,",",PUNCT,--
de,2359,16,ob,SCONJ,ob
de,2359,17,und,CCONJ,und
de,2359,18,wie,SCONJ,wie
de,2359,19,er,PRON,er
de,2359,20,ihn,PRON,ihn
de,2359,21,in,ADP,in
de,2359,22,Schutz,NOUN,Schutz
de,2359,23,nehmen,VERB,nehmen
de,2359,24,wollte,AUX,wollen
de,2359,25,.,PUNCT,--
de,2361,0,„,PUNCT,--
de,2361,1,Wie,ADV,wie
de,2361,2,?,PUNCT,--
de,2361,3,“,PUNCT,--
de,2361,4,fragte,VERB,fragen
de,2361,5,K.,PROPN,K.
de,2361,6,",",PUNCT,--
de,2361,7,wich,VERB,weichen
de,2361,8,mit,ADP,mit
de,2361,9,dem,DET,der
de,2361,10,Kopf,NOUN,Kopf
de,2361,11,zur,ADP,zu
de,2361,12,Seite,NOUN,Seite
de,2361,13,und,CCONJ,und
de,2361,14,sah,VERB,sehen
de,2361,15,den,DET,der
de,2361,16,Maler,NOUN,Maler
de,2361,17,an,ADP,an
de,2361,18,.,PUNCT,--
de,2373,0,Was,PRON,was
de,2373,1,der,DET,der
de,2373,2,Maler,NOUN,Maler
de,2373,3,jetzt,ADV,jetzt
de,2373,4,sagte,VERB,sagen
de,2373,5,",",PUNCT,--
de,2373,6,schien,VERB,scheinen
de,2373,7,K.,PROPN,K.
de,2373,8,nicht,PART,nicht
de,2373,9,mehr,ADV,mehr
de,2373,10,so,ADV,so
de,2373,11,unglaubwürdig,ADV,unglaubwürdig
de,2373,12,",",PUNCT,--
de,2373,13,es,PRON,es
de,2373,14,zeigte,VERB,zeigen
de,2373,15,vielmehr,ADV,vielmehr
de,2373,16,eine,DET,ein
de,2373,17,große,ADJ,groß
de,2373,18,Übereinstimmung,NOUN,Übereinstimmung
de,2373,19,mit,ADP,mit
de,2373,20,dem,PRON,der
de,2373,21,",",PUNCT,--
de,2373,22,was,PRON,wer
de,2373,23,K.,PROPN,K.
de,2373,24,auch,ADV,auch
de,2373,25,von,ADP,von
de,2373,26,andern,ADJ,anderer
de,2373,27,Leuten,NOUN,Leute
de,2373,28,gehört,VERB,hören
de,2373,29,hatte,AUX,haben
de,2373,30,.,PUNCT,--
de,2386,0,Man,PRON,man
de,2386,1,kann,AUX,können
de,2386,2,dafür,ADV,dafür
de,2386,3,neue,ADJ,neu
de,2386,4,Leute,NOUN,Leute
de,2386,5,nicht,PART,nicht
de,2386,6,brauchen,VERB,brauchen
de,2386,7,.,PUNCT,--
de,2395,0,„,PUNCT,--
de,2395,1,Deshalb,ADV,deshalb
de,2395,2,kann,AUX,können
de,2395,3,ich,PRON,ich
de,2395,4,es,PRON,es
de,2395,5,auch,ADV,auch
de,2395,6,wagen,VERB,wagen
de,2395,7,",",PUNCT,--
de,2395,8,hie,ADV,hie
de,2395,9,und,CCONJ,und
de,2395,10,da,ADV,da
de,2395,11,einem,DET,ein
de,2395,12,armen,ADJ,arm
de,2395,13,Manne,NOUN,Manne
de,2395,14,",",PUNCT,--
de,2395,15,der,PRON,der
de,2395,16,einen,DET,ein
de,2395,17,Prozeß,NOUN,Prozeß
de,2395,18,hat,VERB,haben
de,2395,19,",",PUNCT,--
de,2395,20,zu,PART,zu
de,2395,21,helfen,VERB,helfen
de,2395,22,.,PUNCT,--
de,2395,23,“,PUNCT,--
de,2412,0,„,PUNCT,--
de,2412,1,Wie,ADV,wie
de,2412,2,denn,ADV,denn
de,2412,3,?,PUNCT,--
de,2412,4,“,PUNCT,--
de,2412,5,fragte,VERB,fragen
de,2412,6,der,DET,der
de,2412,7,Maler,NOUN,Maler
de,2412,8,geduldig,ADV,geduldig
de,2412,9,und,CCONJ,und
de,2412,10,lehnte,VERB,lehnen
de,2412,11,sich,PRON,sich
de,2412,12,lächelnd,ADV,lächelnd
de,2412,13,zurück,ADV,zurück
de,2412,14,.,PUNCT,--
de,2414,0,Trotzdem,ADV,trotzdem
de,2414,1,wich,VERB,weichen
de,2414,2,er,PRON,er
de,2414,3,aber,ADV,aber
de,2414,4,nicht,PART,nicht
de,2414,5,zurück,ADV,zurück
de,2414,6,und,CCONJ,und
de,2414,7,sagte,VERB,sagen
de,2414,8,:,PUNCT,--
de,2414,9,„,PUNCT,--
de,2414,10,Sie,PRON,sie
de,2414,11,haben,AUX,haben
de,2414,12,früher,ADV,früh
de,2414,13,die,DET,der
de,2414,14,Bemerkung,NOUN,Bemerkung
de,2414,15,gemacht,VERB,machen
de,2414,16,",",PUNCT,--
de,2414,17,daß,SCONJ,daß
de,2414,18,das,DET,der
de,2414,19,Gericht,NOUN,Gericht
de,2414,20,für,ADP,für
de,2414,21,Beweisgründe,NOUN,Beweisgründe
de,2414,22,unzugänglich,ADV,unzugänglich
de,2414,23,ist,AUX,sein
de,2414,24,",",PUNCT,--
de,2414,25,später,ADV,spät
de,2414,26,haben,AUX,haben
de,2414,27,Sie,PRON,sie
de,2414,28,dies,PRON,dieser
de,2414,29,auf,ADP,auf
de,2414,30,das,DET,der
de,2414,31,öffentliche,ADJ,öffentlich
de,2414,32,Gericht,NOUN,Gericht
de,2414,33,eingeschränkt,VERB,einschränken
de,2414,34,und,CCONJ,und
de,2414,35,jetzt,ADV,jetzt
de,2414,36,sagen,VERB,sagen
de,2414,37,Sie,PRON,sie
de,2414,38,sogar,ADV,sogar
de,2414,39,",",PUNCT,--
de,2414,40,daß,SCONJ,daß
de,2414,41,der,DET,der
de,2414,42,Unschuldige,NOUN,Unschuldige
de,2414,43,vor,ADP,vor
de,2414,44,dem,DET,der
de,2414,45,Gericht,NOUN,Gericht
de,2414,46,keine,DET,kein
de,2414,47,Hilfe,NOUN,Hilfe
de,2414,48,braucht,VERB,brauchen
de,2414,49,.,PUNCT,--
de,2419,0,„,PUNCT,--
de,2419,1,Es,PRON,es
de,2419,2,ist,AUX,sein
de,2419,3,hier,ADV,hier
de,2419,4,von,ADP,von
de,2419,5,zwei,NUM,zwei
de,2419,6,verschiedenen,ADJ,verschieden
de,2419,7,Dingen,NOUN,Ding
de,2419,8,die,DET,der
de,2419,9,Rede,NOUN,Rede
de,2419,10,",",PUNCT,--
de,2419,11,von,ADP,von
de,2419,12,dem,PRON,der
de,2419,13,",",PUNCT,--
de,2419,14,was,PRON,wer
de,2419,15,im,ADP,in
de,2419,16,Gesetz,NOUN,Gesetz
de,2419,17,steht,VERB,stehen
de,2419,18,",",PUNCT,--
de,2419,19,und,CCONJ,und
de,2419,20,von,ADP,von
de,2419,21,dem,PRON,der
de,2419,22,",",PUNCT,--
de,2419,23,was,PRON,wer
de,2419,24,ich,PRON,ich
de,2419,25,persönlich,ADV,persönlich
de,2419,26,erfahren,VERB,erfahren
de,2419,27,habe,AUX,haben
de,2419,28,",",PUNCT,--
de,2419,29,das,PRON,der
de,2419,30,dürfen,AUX,dürfen
de,2419,31,Sie,PRON,sie
de,2419,32,nicht,PART,nicht
de,2419,33,verwechseln,VERB,verwechseln
de,2419,34,.,PUNCT,--
de,2429,0,„,PUNCT,--
de,2429,1,Das,PRON,der
de,2429,2,bestätigt,VERB,bestätigen
de,2429,3,aber,ADV,aber
de,2429,4,die,DET,der
de,2429,5,Meinung,NOUN,Meinung
de,2429,6,",",PUNCT,--
de,2429,7,die,PRON,der
de,2429,8,ich,PRON,ich
de,2429,9,von,ADP,von
de,2429,10,dem,DET,der
de,2429,11,Gericht,NOUN,Gericht
de,2429,12,schon,ADV,schon
de,2429,13,habe,VERB,haben
de,2429,14,.,PUNCT,--
de,2443,0,Er,PRON,er
de,2443,1,hatte,AUX,haben
de,2443,2,jetzt,ADV,jetzt
de,2443,3,nicht,PART,nicht
de,2443,4,die,DET,der
de,2443,5,Zeit,NOUN,Zeit
de,2443,6,",",PUNCT,--
de,2443,7,alles,PRON,alle
de,2443,8,",",PUNCT,--
de,2443,9,was,PRON,wer
de,2443,10,der,DET,der
de,2443,11,Maler,NOUN,Maler
de,2443,12,sagte,VERB,sagen
de,2443,13,",",PUNCT,--
de,2443,14,auf,ADP,auf
de,2443,15,die,DET,der
de,2443,16,Wahrheit,NOUN,Wahrheit
de,2443,17,hin,ADV,hin
de,2443,18,zu,PART,zu
de,2443,19,überprüfen,VERB,überprüfen
de,2443,20,oder,CCONJ,oder
de,2443,21,gar,ADV,gar
de,2443,22,zu,PART,zu
de,2443,23,widerlegen,VERB,widerlegen
de,2443,24,",",PUNCT,--
de,2443,25,es,PRON,es
de,2443,26,war,AUX,sein
de,2443,27,schon,ADV,schon
de,2443,28,das,DET,der
de,2443,29,Äußerste,NOUN,äußerste
de,2443,30,erreicht,VERB,erreichen
de,2443,31,",",PUNCT,--
de,2443,32,wenn,SCONJ,wenn
de,2443,33,er,PRON,er
de,2443,34,den,DET,der
de,2443,35,Maler,NOUN,Maler
de,2443,36,dazu,ADV,dazu
de,2443,37,bewog,VERB,bewog
de,2443,38,",",PUNCT,--
de,2443,39,ihm,PRON,ihm
de,2443,40,in,ADP,in
de,2443,41,irgendeiner,DET,irgendein
de,2443,42,",",PUNCT,--
de,2443,43,sei,AUX,sein
de,2443,44,es,PRON,es
de,2443,45,auch,ADV,auch
de,2443,46,in,ADP,in
de,2443,47,einer,DET,ein
de,2443,48,nicht,PART,nicht
de,2443,49,entscheidenden,ADJ,entscheidend
de,2443,50,Weise,NOUN,Weise
de,2443,51,zu,PART,zu
de,2443,52,helfen,VERB,helfen
de,2443,53,.,PUNCT,--
de,2444,0,Darum,ADV,darum
de,2444,1,sagte,VERB,sagen
de,2444,2,er,PRON,er
de,2444,3,:,PUNCT,--
de,2444,4,„,PUNCT,--
de,2444,5,Sehn,VERB,Sehn
de,2444,6,wir,PRON,wir
de,2444,7,also,ADV,also
de,2444,8,von,ADP,von
de,2444,9,der,DET,der
de,2444,10,wirklichen,ADJ,wirklich
de,2444,11,Freisprechung,NOUN,Freisprechung
de,2444,12,ab,ADP,ab
de,2444,13,",",PUNCT,--
de,2444,14,Sie,PRON,sie
de,2444,15,erwähnten,VERB,erwähnn
de,2444,16,aber,ADV,aber
de,2444,17,noch,ADV,noch
de,2444,18,zwei,NUM,zwei
de,2444,19,andere,ADJ,anderer
de,2444,20,Möglichkeiten,NOUN,Möglichkeit
de,2444,21,.,PUNCT,--
de,2444,22,“,PUNCT,--
de,2451,0,Der,DET,der
de,2451,1,Maler,NOUN,Maler
de,2451,2,nickte,VERB,nicken
de,2451,3,",",PUNCT,--
de,2451,4,als,SCONJ,als
de,2451,5,verstehe,VERB,verstehen
de,2451,6,er,PRON,er
de,2451,7,K.s,PROPN,K.s
de,2451,8,Unbehagen,NOUN,Unbehagen
de,2451,9,sehr,ADV,sehr
de,2451,10,gut,ADV,gut
de,2451,11,.,PUNCT,--
de,2481,0,„,PUNCT,--
de,2481,1,Die,DET,der
de,2481,2,scheinbare,ADJ,scheinbar
de,2481,3,Freisprechung,NOUN,Freisprechung
de,2481,4,und,CCONJ,und
de,2481,5,die,DET,der
de,2481,6,Verschleppung,NOUN,Verschleppung
de,2481,7,",",PUNCT,--
de,2481,8,“,PUNCT,--
de,2481,9,sagte,VERB,sagen
de,2481,10,der,DET,der
de,2481,11,Maler,NOUN,Maler
de,2481,12,.,PUNCT,--
de,2497,0,Schlimmer,ADV,schlimm
de,2497,1,ist,AUX,sein
de,2497,2,es,PRON,es
de,2497,3,bei,ADP,bei
de,2497,4,den,DET,der
de,2497,5,Richtern,NOUN,Richter
de,2497,6,",",PUNCT,--
de,2497,7,die,PRON,der
de,2497,8,mich,PRON,mich
de,2497,9,—,PUNCT,--
de,2497,10,auch,ADV,auch
de,2497,11,das,PRON,der
de,2497,12,wird,AUX,werden
de,2497,13,vorkommen,VERB,vorkommen
de,2497,14,—,PUNCT,--
de,2497,15,von,ADP,von
de,2497,16,vornherein,ADV,vornherein
de,2497,17,abweisen,VERB,abweisen
de,2497,18,.,PUNCT,--
de,2505,0,Sie,PRON,sie
de,2505,1,aber,ADV,aber
de,2505,2,treten,VERB,treten
de,2505,3,aus,ADP,aus
de,2505,4,dem,DET,der
de,2505,5,Gericht,NOUN,Gericht
de,2505,6,und,CCONJ,und
de,2505,7,sind,AUX,sein
de,2505,8,frei,ADV,frei
de,2505,9,.,PUNCT,--
de,2505,10,“,PUNCT,--
de,2518,0,Von,ADP,von
de,2518,1,außen,ADV,außen
de,2518,2,gesehn,VERB,gesehn
de,2518,3,",",PUNCT,--
de,2518,4,kann,AUX,können
de,2518,5,es,PRON,es
de,2518,6,manchmal,ADV,manchmal
de,2518,7,den,DET,der
de,2518,8,Anschein,NOUN,Anschein
de,2518,9,bekommen,VERB,bekommen
de,2518,10,",",PUNCT,--
de,2518,11,daß,SCONJ,daß
de,2518,12,alles,PRON,alle
de,2518,13,längst,ADV,längst
de,2518,14,vergessen,VERB,vergessen
de,2518,15,",",PUNCT,--
de,2518,16,der,DET,der
de,2518,17,Akt,NOUN,Akt
de,2518,18,verloren,VERB,verlieren
de,2518,19,und,CCONJ,und
de,2518,20,der,DET,der
de,2518,21,Freispruch,NOUN,Freispruch
de,2518,22,ein,DET,ein
de,2518,23,vollkommener,ADJ,vollkommen
de,2518,24,ist,AUX,sein
de,2518,25,.,PUNCT,--
de,2519,0,Ein,DET,ein
de,2519,1,Eingeweihter,NOUN,Eingeweihter
de,2519,2,wird,AUX,werden
de,2519,3,das,PRON,der
de,2519,4,nicht,PART,nicht
de,2519,5,glauben,VERB,glauben
de,2519,6,.,PUNCT,--
de,2558,0,Das,PRON,der
de,2558,1,bringt,VERB,bringen
de,2558,2,natürlich,ADV,natürlich
de,2558,3,gewisse,ADJ,gewiß
de,2558,4,Unannehmlichkeiten,NOUN,Unannehmlichkeit
de,2558,5,für,ADP,für
de,2558,6,den,DET,der
de,2558,7,Angeklagten,NOUN,angeklagter
de,2558,8,mit,ADP,mit
de,2558,9,sich,PRON,sich
de,2558,10,",",PUNCT,--
de,2558,11,die,PRON,der
de,2558,12,Sie,PRON,sie
de,2558,13,sich,PRON,sich
de,2558,14,aber,ADV,aber
de,2558,15,wiederum,ADV,wiederum
de,2558,16,nicht,PART,nicht
de,2558,17,zu,PART,zu
de,2558,18,schlimm,ADV,schlimm
de,2558,19,vorstellen,VERB,vorstellen
de,2558,20,dürfen,AUX,dürfen
de,2558,21,.,PUNCT,--
de,2578,0,„,PUNCT,--
de,2578,1,Sie,PRON,sie
de,2578,2,haben,AUX,haben
de,2578,3,sich,PRON,sich
de,2578,4,wohl,ADV,wohl
de,2578,5,hinsichtlich,ADP,hinsichtlich
de,2578,6,meiner,DET,mein
de,2578,7,Vorschläge,NOUN,Vorschlag
de,2578,8,noch,ADV,noch
de,2578,9,nicht,PART,nicht
de,2578,10,entschieden,VERB,entscheiden
de,2578,11,.,PUNCT,--
de,2587,0,„,PUNCT,--
de,2587,1,Sperren,VERB,Sperre
de,2587,2,Sie,PRON,sie
de,2587,3,doch,ADV,doch
de,2587,4,die,DET,der
de,2587,5,Tür,NOUN,Tür
de,2587,6,auf,ADP,auf
de,2587,7,",",PUNCT,--
de,2587,8,“,PUNCT,--
de,2587,9,sagte,VERB,sagen
de,2587,10,K.,PROPN,K.
de,2587,11,und,CCONJ,und
de,2587,12,riß,VERB,reißen
de,2587,13,an,ADP,an
de,2587,14,der,DET,der
de,2587,15,Klinke,NOUN,Klinke
de,2587,16,",",PUNCT,--
de,2587,17,die,PRON,der
de,2587,18,die,DET,der
de,2587,19,Mädchen,NOUN,Mädchen
de,2587,20,",",PUNCT,--
de,2587,21,wie,SCONJ,wie
de,2587,22,er,PRON,er
de,2587,23,an,ADP,an
de,2587,24,dem,DET,der
de,2587,25,Gegendruck,NOUN,Gegendruck
de,2587,26,merkte,VERB,merken
de,2587,27,",",PUNCT,--
de,2587,28,draußen,ADV,draußen
de,2587,29,festhielten,VERB,festhalten
de,2587,30,.,PUNCT,--
de,2592,0,Wollen,VERB,wollen
de,2592,1,Sie,PRON,sie
de,2592,2,nicht,PART,nicht
de,2592,3,noch,ADV,noch
de,2592,4,ein,DET,ein
de,2592,5,Bild,NOUN,Bild
de,2592,6,sehn,VERB,sehnn
de,2592,7,",",PUNCT,--
de,2592,8,das,PRON,der
de,2592,9,ich,PRON,ich
de,2592,10,Ihnen,PRON,ihnen
de,2592,11,verkaufen,VERB,verkaufen
de,2592,12,könnte,AUX,können
de,2592,13,?,PUNCT,--
de,2592,14,“,PUNCT,--
de,2607,0,„,PUNCT,--
de,2607,1,Ich,PRON,ich
de,2607,2,nehme,VERB,nehmen
de,2607,3,auch,ADV,auch
de,2607,4,dieses,PRON,dieser
de,2607,5,noch,ADV,noch
de,2607,6,",",PUNCT,--
de,2607,7,“,PUNCT,--
de,2607,8,sagte,VERB,sagen
de,2607,9,K.,PROPN,K.
de,2607,10,„,PUNCT,--
de,2607,11,Wieviel,ADV,wieviel
de,2607,12,kosten,VERB,kosten
de,2607,13,die,DET,der
de,2607,14,drei,NUM,drei
de,2607,15,Bilder,NOUN,Bild
de,2607,16,?,PUNCT,--
de,2607,17,“,PUNCT,--
de,2611,0,Es,PRON,es
de,2611,1,sind,AUX,sein
de,2611,2,lauter,DET,lauter
de,2611,3,Heidelandschaften,NOUN,Heidelandschafte
de,2611,4,",",PUNCT,--
de,2611,5,ich,PRON,ich
de,2611,6,habe,AUX,haben
de,2611,7,schon,ADV,schon
de,2611,8,viele,DET,vieler
de,2611,9,Heidelandschaften,NOUN,Heidelandschafte
de,2611,10,gemalt,VERB,malen
de,2611,11,.,PUNCT,--
de,2616,0,„,PUNCT,--
de,2616,1,Ich,PRON,ich
de,2616,2,hoffe,VERB,hoffen
de,2616,3,",",PUNCT,--
de,2616,4,ich,PRON,ich
de,2616,5,werde,AUX,werden
de,2616,6,Ihnen,PRON,ihnen
de,2616,7,einen,DET,ein
de,2616,8,Träger,NOUN,Träger
de,2616,9,verschaffen,VERB,verschaffen
de,2616,10,können,AUX,können
de,2616,11,",",PUNCT,--
de,2616,12,der,PRON,der
de,2616,13,gleich,ADV,gleich
de,2616,14,mit,ADP,mit
de,2616,15,Ihnen,PRON,ihnen
de,2616,16,gehen,VERB,gehen
de,2616,17,wird,AUX,werden
de,2616,18,.,PUNCT,--
de,2616,19,“,PUNCT,--
de,2629,0,Bänke,NOUN,Bank
de,2629,1,waren,AUX,sein
de,2629,2,zu,ADP,zu
de,2629,3,beiden,DET,beide
de,2629,4,Seiten,NOUN,Seite
de,2629,5,des,DET,der
de,2629,6,Ganges,NOUN,Gang
de,2629,7,aufgestellt,VERB,aufstellen
de,2629,8,",",PUNCT,--
de,2629,9,genau,ADV,genau
de,2629,10,so,ADV,so
de,2629,11,wie,ADP,wie
de,2629,12,im,ADP,in
de,2629,13,Wartezimmer,NOUN,Wartezimmer
de,2629,14,der,DET,der
de,2629,15,Kanzlei,NOUN,Kanzlei
de,2629,16,",",PUNCT,--
de,2629,17,die,PRON,der
de,2629,18,für,ADP,für
de,2629,19,K.,PROPN,K.
de,2629,20,zuständig,ADV,zuständig
de,2629,21,war,AUX,sein
de,2629,22,.,PUNCT,--
de,2639,0,„,PUNCT,--
de,2639,1,Ich,PRON,ich
de,2639,2,kann,AUX,können
de,2639,3,Sie,PRON,sie
de,2639,4,nicht,PART,nicht
de,2639,5,mehr,ADV,mehr
de,2639,6,begleiten,VERB,begleiten
de,2639,7,",",PUNCT,--
de,2639,8,“,PUNCT,--
de,2639,9,rief,VERB,rufen
de,2639,10,der,DET,der
de,2639,11,Maler,NOUN,Maler
de,2639,12,lachend,ADV,lachend
de,2639,13,unter,ADP,unter
de,2639,14,dem,DET,der
de,2639,15,Andrang,NOUN,Andrang
de,2639,16,der,DET,der
de,2639,17,Mädchen,NOUN,Mädchen
de,2639,18,.,PUNCT,--
de,2647,0,Er,PRON,er
de,2647,1,hätte,AUX,haben
de,2647,2,gern,ADV,gern
de,2647,3,die,DET,der
de,2647,4,Bilder,NOUN,Bild
de,2647,5,im,ADP,in
de,2647,6,Wagen,NOUN,Wagen
de,2647,7,gelassen,VERB,lassen
de,2647,8,",",PUNCT,--
de,2647,9,fürchtete,VERB,fürchten
de,2647,10,aber,ADV,aber
de,2647,11,",",PUNCT,--
de,2647,12,bei,ADP,bei
de,2647,13,irgendeiner,DET,irgendeiner
de,2647,14,Gelegenheit,NOUN,Gelegenheit
de,2647,15,genötigt,VERB,nötigen
de,2647,16,zu,PART,zu
de,2647,17,werden,AUX,werden
de,2647,18,",",PUNCT,--
de,2647,19,sich,PRON,sich
de,2647,20,dem,DET,der
de,2647,21,Maler,NOUN,Maler
de,2647,22,gegenüber,ADP,gegenüber
de,2647,23,mit,ADP,mit
de,2647,24,ihnen,PRON,ihnen
de,2647,25,auszuweisen,VERB,ausweisen
de,2647,26,.,PUNCT,--
de,2673,0,„,PUNCT,--
de,2673,1,Ohne,ADP,ohne
de,2673,2,Rock,NOUN,Rock
de,2673,3,?,PUNCT,--
de,2673,4,“,PUNCT,--
de,2673,5,fragte,VERB,fragen
de,2673,6,K.,PROPN,K.
de,2673,7,und,CCONJ,und
de,2673,8,zeigte,VERB,zeigen
de,2673,9,mit,ADP,mit
de,2673,10,einer,DET,ein
de,2673,11,Handbewegung,NOUN,Handbewegung
de,2673,12,auf,ADP,auf
de,2673,13,die,DET,der
de,2673,14,mangelhafte,ADJ,mangelhaft
de,2673,15,Bekleidung,NOUN,Bekleidung
de,2673,16,des,DET,der
de,2673,17,Mannes,NOUN,Mann
de,2673,18,.,PUNCT,--
de,2695,0,Unter,ADP,unter
de,2695,1,den,DET,der
de,2695,2,niedrigen,ADJ,niedrig
de,2695,3,Untersuchungsrichtern,NOUN,Untersuchungsrichter
de,2695,4,ist,AUX,sein
de,2695,5,er,PRON,er
de,2695,6,der,DET,der
de,2695,7,niedrigste,ADJ,niedrig
de,2695,8,.,PUNCT,--
de,2695,9,“,PUNCT,--
de,2706,0,„,PUNCT,--
de,2706,1,Guten,ADJ,gut
de,2706,2,Abend,NOUN,Abend
de,2706,3,",",PUNCT,--
de,2706,4,Josef,PROPN,Josef
de,2706,5,",",PUNCT,--
de,2706,6,“,PUNCT,--
de,2706,7,sagte,VERB,sagen
de,2706,8,sie,PRON,sie
de,2706,9,mit,ADP,mit
de,2706,10,einem,DET,ein
de,2706,11,Seitenblick,NOUN,Seitenblick
de,2706,12,.,PUNCT,--
de,2712,0,Der,DET,der
de,2712,1,Kaufmann,NOUN,Kaufmann
de,2712,2,saß,VERB,sitzen
de,2712,3,auf,ADP,auf
de,2712,4,dem,DET,der
de,2712,5,Sessel,NOUN,Sessel
de,2712,6,",",PUNCT,--
de,2712,7,auf,ADP,auf
de,2712,8,den,PRON,der
de,2712,9,ihn,PRON,ihn
de,2712,10,K.,PROPN,K.
de,2712,11,gewiesen,VERB,weisen
de,2712,12,hatte,AUX,haben
de,2712,13,",",PUNCT,--
de,2712,14,er,PRON,er
de,2712,15,hatte,AUX,haben
de,2712,16,die,DET,der
de,2712,17,Kerze,NOUN,Kerze
de,2712,18,",",PUNCT,--
de,2712,19,deren,DET,der
de,2712,20,Licht,NOUN,Licht
de,2712,21,jetzt,ADV,jetzt
de,2712,22,unnötig,ADV,unnötig
de,2712,23,war,AUX,sein
de,2712,24,",",PUNCT,--
de,2712,25,ausgepustet,VERB,auspusten
de,2712,26,und,CCONJ,und
de,2712,27,drückte,VERB,drücken
de,2712,28,mit,ADP,mit
de,2712,29,den,DET,der
de,2712,30,Fingern,NOUN,Finger
de,2712,31,den,DET,der
de,2712,32,Docht,NOUN,Docht
de,2712,33,",",PUNCT,--
de,2712,34,um,SCONJ,um
de,2712,35,den,DET,der
de,2712,36,Rauch,NOUN,Rauch
de,2712,37,zu,PART,zu
de,2712,38,verhindern,VERB,verhindern
de,2712,39,.,PUNCT,--
de,2714,0,Sie,PRON,sie
de,2714,1,schwieg,VERB,schweigen
de,2714,2,.,PUNCT,--
de,2728,0,Ich,PRON,ich
de,2728,1,habe,AUX,haben
de,2728,2,mich,PRON,mich
de,2728,3,seiner,DET,sein
de,2728,4,ein,DET,ein
de,2728,5,wenig,PRON,wenig
de,2728,6,angenommen,VERB,annehmen
de,2728,7,",",PUNCT,--
de,2728,8,weil,SCONJ,weil
de,2728,9,er,PRON,er
de,2728,10,eine,DET,ein
de,2728,11,große,ADJ,groß
de,2728,12,Kundschaft,NOUN,Kundschaft
de,2728,13,des,DET,der
de,2728,14,Advokaten,NOUN,Advokat
de,2728,15,ist,AUX,sein
de,2728,16,",",PUNCT,--
de,2728,17,aus,ADP,aus
de,2728,18,keinem,DET,kein
de,2728,19,andern,ADJ,anderer
de,2728,20,Grunde,NOUN,Grund
de,2728,21,.,PUNCT,--
de,2734,0,Vernachlässige,NOUN,vernachlässige
de,2734,1,den,DET,der
de,2734,2,Prozeß,NOUN,Prozeß
de,2734,3,nicht,PART,nicht
de,2734,4,!,PUNCT,--
de,2737,0,Sie,PRON,sie
de,2737,1,half,VERB,helfen
de,2737,2,ihm,PRON,ihm
de,2737,3,ihn,PRON,ihn
de,2737,4,ausziehn,ADV,ausziehn
de,2737,5,",",PUNCT,--
de,2737,6,nahm,VERB,nehmen
de,2737,7,ihm,PRON,ihm
de,2737,8,den,DET,der
de,2737,9,Hut,NOUN,Hut
de,2737,10,ab,ADP,ab
de,2737,11,",",PUNCT,--
de,2737,12,lief,VERB,laufen
de,2737,13,mit,ADP,mit
de,2737,14,den,DET,der
de,2737,15,Sachen,NOUN,Sache
de,2737,16,ins,ADP,in
de,2737,17,Vorzimmer,NOUN,Vorzimmer
de,2737,18,",",PUNCT,--
de,2737,19,sie,PRON,sie
de,2737,20,anzuhängen,VERB,anzuhängen
de,2737,21,",",PUNCT,--
de,2737,22,lief,VERB,laufen
de,2737,23,dann,ADV,dann
de,2737,24,wieder,ADV,wieder
de,2737,25,zurück,ADV,zurück
de,2737,26,und,CCONJ,und
de,2737,27,sah,VERB,sehen
de,2737,28,nach,ADP,nach
de,2737,29,der,DET,der
de,2737,30,Suppe,NOUN,Suppe
de,2737,31,.,PUNCT,--
de,2766,0,K.,PROPN,K.
de,2766,1,rückte,VERB,rücken
de,2766,2,näher,ADV,nah
de,2766,3,zu,ADP,zu
de,2766,4,ihm,PRON,ihm
de,2766,5,.,PUNCT,--
de,2793,0,Diesen,DET,dieser
de,2793,1,Rückgang,NOUN,Rückgang
de,2793,2,hatte,AUX,haben
de,2793,3,natürlich,ADV,natürlich
de,2793,4,nicht,PART,nicht
de,2793,5,nur,ADV,nur
de,2793,6,die,DET,der
de,2793,7,Entziehung,NOUN,Entziehung
de,2793,8,des,DET,der
de,2793,9,Geldes,NOUN,Geld
de,2793,10,verschuldet,VERB,verschulden
de,2793,11,",",PUNCT,--
de,2793,12,sondern,CCONJ,sondern
de,2793,13,mehr,ADV,mehr
de,2793,14,noch,ADV,noch
de,2793,15,die,DET,der
de,2793,16,Entziehung,NOUN,Entziehung
de,2793,17,meiner,DET,mein
de,2793,18,Arbeitskraft,NOUN,Arbeitskraft
de,2793,19,.,PUNCT,--
de,2841,0,erst,ADV,erst
de,2841,1,wenn,SCONJ,wenn
de,2841,2,es,PRON,es
de,2841,3,erreicht,VERB,erreichen
de,2841,4,ist,AUX,sein
de,2841,5,",",PUNCT,--
de,2841,6,erfahren,VERB,erfahren
de,2841,7,es,PRON,es
de,2841,8,die,DET,der
de,2841,9,andern,PRON,anderer
de,2841,10,;,PUNCT,--
de,2843,0,Es,PRON,es
de,2843,1,gibt,VERB,geben
de,2843,2,also,ADV,also
de,2843,3,keine,DET,kein
de,2843,4,Gemeinsamkeit,NOUN,Gemeinsamkeit
de,2843,5,",",PUNCT,--
de,2843,6,man,PRON,man
de,2843,7,kommt,VERB,kommen
de,2843,8,zwar,ADV,zwar
de,2843,9,hie,ADV,hie
de,2843,10,und,CCONJ,und
de,2843,11,da,ADV,da
de,2843,12,in,ADP,in
de,2843,13,den,DET,der
de,2843,14,Wartezimmern,NOUN,Wartezimmern
de,2843,15,zusammen,ADV,zusammen
de,2843,16,",",PUNCT,--
de,2843,17,aber,CCONJ,aber
de,2843,18,dort,ADV,dort
de,2843,19,wird,AUX,werden
de,2843,20,wenig,PRON,wenig
de,2843,21,besprochen,VERB,besprechen
de,2843,22,.,PUNCT,--
de,2854,0,Ihr,DET,ihr
de,2854,1,Prozeß,NOUN,Prozeß
de,2854,2,ist,AUX,sein
de,2854,3,ein,DET,ein
de,2854,4,halbes,ADJ,halb
de,2854,5,Jahr,NOUN,Jahr
de,2854,6,alt,ADV,alt
de,2854,7,",",PUNCT,--
de,2854,8,nicht,PART,nicht
de,2854,9,wahr,ADV,wahr
de,2854,10,?,PUNCT,--
de,2855,0,Ja,PART,ja
de,2855,1,",",PUNCT,--
de,2855,2,ich,PRON,ich
de,2855,3,habe,AUX,haben
de,2855,4,davon,ADV,davon
de,2855,5,gehört,VERB,hören
de,2855,6,.,PUNCT,--
de,2871,0,Ich,PRON,ich
de,2871,1,sehe,VERB,sehen
de,2871,2,jetzt,ADV,jetzt
de,2871,3,",",PUNCT,--
de,2871,4,er,PRON,er
de,2871,5,vernachlässigt,VERB,vernachlässigen
de,2871,6,mich,PRON,mich
de,2871,7,schändlich,ADV,schändlich
de,2871,8,.,PUNCT,--
de,2871,9,“,PUNCT,--
de,2877,0,Diese,DET,dieser
de,2877,1,Untersuchungen,NOUN,Untersuchung
de,2877,2,waren,AUX,sein
de,2877,3,allerdings,ADV,allerdings
de,2877,4,",",PUNCT,--
de,2877,5,soweit,SCONJ,soweit
de,2877,6,ich,PRON,ich
de,2877,7,ihnen,PRON,ihnen
de,2877,8,folgen,VERB,folgen
de,2877,9,konnte,AUX,können
de,2877,10,",",PUNCT,--
de,2877,11,sehr,ADV,sehr
de,2877,12,sorgfältig,ADV,sorgfältig
de,2877,13,gemacht,VERB,machen
de,2877,14,.,PUNCT,--
de,2880,0,Aber,CCONJ,aber
de,2880,1,damals,ADV,damals
de,2880,2,wußte,VERB,wissen
de,2880,3,ich,PRON,ich
de,2880,4,das,PRON,der
de,2880,5,nicht,PART,nicht
de,2880,6,.,PUNCT,--
de,2882,0,Statt,ADP,statt
de,2882,1,dessen,PRON,der
de,2882,2,gab,VERB,geben
de,2882,3,es,PRON,es
de,2882,4,nur,ADV,nur
de,2882,5,Einvernehmungen,NOUN,Einvernehmung
de,2882,6,",",PUNCT,--
de,2882,7,die,PRON,der
de,2882,8,meist,ADV,meist
de,2882,9,den,DET,der
de,2882,10,gleichen,ADJ,gleich
de,2882,11,Inhalt,NOUN,Inhalt
de,2882,12,hatten,VERB,haben
de,2882,13,;,PUNCT,--
de,2912,0,„,PUNCT,--
de,2912,1,Noch,ADV,noch
de,2912,2,ein,DET,ein
de,2912,3,Weilchen,NOUN,Weilchen
de,2912,4,",",PUNCT,--
de,2912,5,“,PUNCT,--
de,2912,6,rief,VERB,rufen
de,2912,7,K.,PROPN,K.
de,2912,8,Leni,PROPN,Leni
de,2912,9,abwehrend,ADV,abwehrend
de,2912,10,zu,ADP,zu
de,2912,11,und,CCONJ,und
de,2912,12,zuckte,VERB,zucken
de,2912,13,ungeduldig,ADV,ungeduldig
de,2912,14,mit,ADP,mit
de,2912,15,der,DET,der
de,2912,16,Hand,NOUN,Hand
de,2912,17,",",PUNCT,--
de,2912,18,die,PRON,der
de,2912,19,er,PRON,er
de,2912,20,noch,ADV,noch
de,2912,21,immer,ADV,immer
de,2912,22,auf,ADP,auf
de,2912,23,des,DET,der
de,2912,24,Kaufmanns,NOUN,Kaufmann
de,2912,25,Hand,NOUN,Hand
de,2912,26,liegen,VERB,liegen
de,2912,27,hatte,AUX,haben
de,2912,28,.,PUNCT,--
de,2916,0,K.,PROPN,K.
de,2916,1,gefiel,VERB,gefallen
de,2916,2,das,PRON,der
de,2916,3,nicht,PART,nicht
de,2916,4,;,PUNCT,--
de,2945,0,Sein,DET,sein
de,2945,1,Fall,NOUN,Fall
de,2945,2,ist,AUX,sein
de,2945,3,nämlich,ADV,nämlich
de,2945,4,interessanter,ADV,interessant
de,2945,5,als,ADP,als
de,2945,6,der,PRON,der
de,2945,7,meine,VERB,mein
de,2945,8,.,PUNCT,--
de,2950,0,So,ADV,so
de,2950,1,lieb,VERB,lieb
de,2950,2,er,PRON,er
de,2950,3,ist,AUX,sein
de,2950,4,",",PUNCT,--
de,2950,5,so,ADV,so
de,2950,6,geschwätzig,ADV,geschwätzig
de,2950,7,ist,AUX,sein
de,2950,8,er,PRON,er
de,2950,9,.,PUNCT,--
de,2965,0,In,ADP,in
de,2965,1,dieses,DET,dieser
de,2965,2,Bett,NOUN,Bett
de,2965,3,mußte,AUX,müssen
de,2965,4,man,PRON,man
de,2965,5,über,ADP,über
de,2965,6,den,DET,der
de,2965,7,Bettpfosten,NOUN,Bettpfosten
de,2965,8,steigen,VERB,steigen
de,2965,9,.,PUNCT,--
de,2974,0,Er,PRON,er
de,2974,1,selbst,ADV,selbst
de,2974,2,aber,ADV,aber
de,2974,3,wollte,AUX,wollen
de,2974,4,zum,ADP,zu
de,2974,5,Advokaten,NOUN,Advokat
de,2974,6,gehn,ADV,gehn
de,2974,7,und,CCONJ,und
de,2974,8,durch,ADP,durch
de,2974,9,die,DET,der
de,2974,10,Kündigung,NOUN,Kündigung
de,2974,11,sich,PRON,sich
de,2974,12,nicht,PART,nicht
de,2974,13,nur,ADV,nur
de,2974,14,vom,ADP,von
de,2974,15,Advokaten,NOUN,Advokat
de,2974,16,",",PUNCT,--
de,2974,17,sondern,CCONJ,sondern
de,2974,18,auch,ADV,auch
de,2974,19,von,ADP,von
de,2974,20,Leni,PROPN,Leni
de,2974,21,und,CCONJ,und
de,2974,22,dem,DET,der
de,2974,23,Kaufmann,NOUN,Kaufmann
de,2974,24,befreien,VERB,befreien
de,2974,25,.,PUNCT,--
de,2986,0,Aber,CCONJ,aber
de,2986,1,er,PRON,er
de,2986,2,drückte,VERB,drücken
de,2986,3,ihr,DET,ihr
de,2986,4,Handgelenk,NOUN,Handgelenk
de,2986,5,so,ADV,so
de,2986,6,stark,ADV,stark
de,2986,7,",",PUNCT,--
de,2986,8,daß,SCONJ,daß
de,2986,9,sie,PRON,sie
de,2986,10,ihn,PRON,ihn
de,2986,11,unter,ADP,unter
de,2986,12,einem,DET,ein
de,2986,13,Seufzer,NOUN,Seufzer
de,2986,14,loslassen,VERB,loslassen
de,2986,15,mußte,AUX,müssen
de,2986,16,.,PUNCT,--
de,2993,0,„,PUNCT,--
de,2993,1,Setzen,VERB,setzen
de,2993,2,Sie,PRON,sie
de,2993,3,sich,PRON,sich
de,2993,4,",",PUNCT,--
de,2993,5,“,PUNCT,--
de,2993,6,sagte,VERB,sagen
de,2993,7,er,PRON,er
de,2993,8,.,PUNCT,--
de,2998,0,Aber,CCONJ,aber
de,2998,1,der,DET,der
de,2998,2,Advokat,NOUN,Advokat
de,2998,3,fragte,VERB,fragen
de,2998,4,:,PUNCT,--
de,2998,5,„,PUNCT,--
de,2998,6,War,AUX,sein
de,2998,7,sie,PRON,sie
de,2998,8,wieder,ADV,wieder
de,2998,9,zudringlich,ADV,zudringlich
de,2998,10,?,PUNCT,--
de,2998,11,“,PUNCT,--
de,3019,0,K.,PROPN,K.
de,3019,1,war,AUX,sein
de,3019,2,",",PUNCT,--
de,3019,3,als,SCONJ,als
de,3019,4,der,DET,der
de,3019,5,Advokat,NOUN,Advokat
de,3019,6,geendet,VERB,enden
de,3019,7,hatte,AUX,haben
de,3019,8,",",PUNCT,--
de,3019,9,vollständig,ADV,vollständig
de,3019,10,gefaßt,VERB,fassen
de,3019,11,",",PUNCT,--
de,3019,12,er,PRON,er
de,3019,13,hatte,AUX,haben
de,3019,14,sogar,ADV,sogar
de,3019,15,zu,ADP,zu
de,3019,16,den,DET,der
de,3019,17,letzten,ADJ,letzter
de,3019,18,Worten,NOUN,Wort
de,3019,19,auffallend,ADV,auffallend
de,3019,20,genickt,VERB,genickt
de,3019,21,und,CCONJ,und
de,3019,22,sich,PRON,sich
de,3019,23,so,ADV,so
de,3019,24,selbst,ADV,selbst
de,3019,25,die,DET,der
de,3019,26,Bestätigung,NOUN,Bestätigung
de,3019,27,seiner,DET,sein
de,3019,28,alten,ADJ,alt
de,3019,29,Ansicht,NOUN,Ansicht
de,3019,30,gegeben,VERB,geben
de,3019,31,",",PUNCT,--
de,3019,32,nach,ADP,nach
de,3019,33,welcher,PRON,welcher
de,3019,34,der,DET,der
de,3019,35,Advokat,NOUN,Advokat
de,3019,36,ihn,PRON,ihn
de,3019,37,immer,ADV,immer
de,3019,38,und,CCONJ,und
de,3019,39,so,ADV,so
de,3019,40,auch,ADV,auch
de,3019,41,diesmal,ADV,diesmal
de,3019,42,durch,ADP,durch
de,3019,43,allgemeine,ADJ,allgemein
de,3019,44,Mitteilungen,NOUN,Mitteilung
de,3019,45,",",PUNCT,--
de,3019,46,die,PRON,der
de,3019,47,nicht,PART,nicht
de,3019,48,zur,ADP,zu
de,3019,49,Sache,NOUN,Sache
de,3019,50,gehörten,VERB,gehören
de,3019,51,",",PUNCT,--
de,3019,52,zu,PART,zu
de,3019,53,zerstreuen,VERB,zerstreuen
de,3019,54,und,CCONJ,und
de,3019,55,von,ADP,von
de,3019,56,der,DET,der
de,3019,57,Hauptfrage,NOUN,Hauptfrage
de,3019,58,",",PUNCT,--
de,3019,59,was,PRON,was
de,3019,60,er,PRON,er
de,3019,61,an,ADP,an
de,3019,62,tatsächlicher,ADJ,tatsächlich
de,3019,63,Arbeit,NOUN,Arbeit
de,3019,64,für,ADP,für
de,3019,65,K.s,PROPN,K.s
de,3019,66,Sache,NOUN,Sache
de,3019,67,getan,VERB,tun
de,3019,68,hatte,AUX,haben
de,3019,69,",",PUNCT,--
de,3019,70,abzulenken,VERB,ablenken
de,3019,71,suchte,VERB,suchen
de,3019,72,.,PUNCT,--
de,3021,0,„,PUNCT,--
de,3021,1,Ja,PART,ja
de,3021,2,",",PUNCT,--
de,3021,3,“,PUNCT,--
de,3021,4,sagte,VERB,sagen
de,3021,5,K.,PROPN,K.
de,3021,6,und,CCONJ,und
de,3021,7,blendete,VERB,blenden
de,3021,8,mit,ADP,mit
de,3021,9,der,DET,der
de,3021,10,Hand,NOUN,Hand
de,3021,11,ein,DET,ein
de,3021,12,wenig,PRON,wenig
de,3021,13,die,DET,der
de,3021,14,Kerze,NOUN,Kerze
de,3021,15,ab,ADP,ab
de,3021,16,",",PUNCT,--
de,3021,17,um,SCONJ,um
de,3021,18,den,DET,der
de,3021,19,Advokaten,NOUN,Advokat
de,3021,20,besser,ADV,gut
de,3021,21,zu,PART,zu
de,3021,22,sehn,VERB,sehnen
de,3021,23,",",PUNCT,--
de,3021,24,„,PUNCT,--
de,3021,25,ich,PRON,ich
de,3021,26,wollte,AUX,wollen
de,3021,27,Ihnen,PRON,ihnen
de,3021,28,sagen,VERB,sagen
de,3021,29,",",PUNCT,--
de,3021,30,daß,SCONJ,daß
de,3021,31,ich,PRON,ich
de,3021,32,Ihnen,PRON,ihnen
de,3021,33,mit,ADP,mit
de,3021,34,dem,DET,der
de,3021,35,heutigen,ADJ,heutig
de,3021,36,Tage,NOUN,Tag
de,3021,37,meine,DET,mein
de,3021,38,Vertretung,NOUN,Vertretung
de,3021,39,entziehe,VERB,entziehen
de,3021,40,.,PUNCT,--
de,3021,41,“,PUNCT,--
de,3034,0,„,PUNCT,--
de,3034,1,Ihr,DET,ihr
de,3034,2,Onkel,NOUN,Onkel
de,3034,3,ist,AUX,sein
de,3034,4,mein,DET,mein
de,3034,5,Freund,NOUN,Freund
de,3034,6,und,CCONJ,und
de,3034,7,auch,ADV,auch
de,3034,8,Sie,PRON,sie
de,3034,9,sind,AUX,sein
de,3034,10,mir,PRON,mir
de,3034,11,im,ADP,in
de,3034,12,Laufe,NOUN,Lauf
de,3034,13,der,DET,der
de,3034,14,Zeit,NOUN,Zeit
de,3034,15,lieb,ADV,lieb
de,3034,16,geworden,AUX,werden
de,3034,17,.,PUNCT,--
de,3060,0,Wie,SCONJ,wie
de,3060,1,sich,PRON,sich
de,3060,2,der,DET,der
de,3060,3,Advokat,NOUN,Advokat
de,3060,4,vor,ADP,vor
de,3060,5,K.,PROPN,K.
de,3060,6,demütigte,VERB,demütigen
de,3060,7,!,PUNCT,--
de,3062,0,Und,CCONJ,und
de,3062,1,warum,ADV,warum
de,3062,2,tat,VERB,tun
de,3062,3,er,PRON,er
de,3062,4,das,PRON,der
de,3062,5,?,PUNCT,--
de,3100,0,Fast,ADV,fast
de,3100,1,gleichzeitig,ADV,gleichzeitig
de,3100,2,mit,ADP,mit
de,3100,3,dem,DET,der
de,3100,4,Glockenzeichen,NOUN,Glockenzeich
de,3100,5,erschien,VERB,erscheinen
de,3100,6,Leni,PROPN,Leni
de,3100,7,",",PUNCT,--
de,3100,8,sie,PRON,sie
de,3100,9,suchte,VERB,suchen
de,3100,10,durch,ADP,durch
de,3100,11,rasche,ADJ,rasch
de,3100,12,Blicke,NOUN,Blick
de,3100,13,zu,PART,zu
de,3100,14,erfahren,VERB,erfahren
de,3100,15,",",PUNCT,--
de,3100,16,was,PRON,was
de,3100,17,geschehen,VERB,geschehen
de,3100,18,war,AUX,sein
de,3100,19,;,PUNCT,--
de,3117,0,„,PUNCT,--
de,3117,1,Was,PRON,was
de,3117,2,willst,VERB,willst
de,3117,3,du,PRON,du
de,3117,4,?,PUNCT,--
de,3117,5,“,PUNCT,--
de,3117,6,fragte,VERB,fragen
de,3117,7,der,DET,der
de,3117,8,Advokat,NOUN,Advokat
de,3117,9,",",PUNCT,--
de,3117,10,„,PUNCT,--
de,3117,11,du,PRON,du
de,3117,12,kommst,VERB,kommsen
de,3117,13,ungelegen,ADV,ungelegen
de,3117,14,.,PUNCT,--
de,3117,15,“,PUNCT,--
de,3122,0,Seitdem,SCONJ,seitdem
de,3122,1,der,DET,der
de,3122,2,Advokat,NOUN,Advokat
de,3122,3,sprach,VERB,sprechen
de,3122,4,",",PUNCT,--
de,3122,5,sah,VERB,sehen
de,3122,6,Block,NOUN,Block
de,3122,7,nicht,PART,nicht
de,3122,8,mehr,ADV,mehr
de,3122,9,auf,ADP,auf
de,3122,10,das,DET,der
de,3122,11,Bett,NOUN,Bett
de,3122,12,hin,ADV,hin
de,3122,13,",",PUNCT,--
de,3122,14,er,PRON,er
de,3122,15,starrte,VERB,starren
de,3122,16,vielmehr,ADV,vielmehr
de,3122,17,irgendwo,ADV,irgendwo
de,3122,18,in,ADP,in
de,3122,19,eine,DET,ein
de,3122,20,Ecke,NOUN,Ecke
de,3122,21,und,CCONJ,und
de,3122,22,lauschte,VERB,lauschen
de,3122,23,nur,ADV,nur
de,3122,24,",",PUNCT,--
de,3122,25,als,SCONJ,als
de,3122,26,sei,AUX,sein
de,3122,27,der,DET,der
de,3122,28,Seitenblick,NOUN,Seitenblick
de,3122,29,des,DET,der
de,3122,30,Sprechers,NOUN,Sprecher
de,3122,31,zu,PART,zu
de,3122,32,blendend,ADV,blendend
de,3122,33,",",PUNCT,--
de,3122,34,als,SCONJ,als
de,3122,35,daß,SCONJ,daß
de,3122,36,er,PRON,er
de,3122,37,ihn,PRON,ihn
de,3122,38,ertragen,VERB,ertragen
de,3122,39,könnte,AUX,können
de,3122,40,.,PUNCT,--
de,3125,0,fragte,ADJ,fragen
de,3125,1,Block,NOUN,Block
de,3125,2,.,PUNCT,--
de,3157,0,Was,PRON,was
de,3157,1,für,ADP,für
de,3157,2,Veränderungen,NOUN,Veränderung
de,3157,3,waren,AUX,sein
de,3157,4,mit,ADP,mit
de,3157,5,ihm,PRON,ihm
de,3157,6,nur,ADV,nur
de,3157,7,schon,ADV,schon
de,3157,8,in,ADP,in
de,3157,9,der,DET,der
de,3157,10,letzten,ADJ,letzter
de,3157,11,Stunde,NOUN,Stunde
de,3157,12,vor,ADP,vor
de,3157,13,sich,PRON,sich
de,3157,14,gegangen,VERB,gehen
de,3157,15,!,PUNCT,--
de,3160,0,Wenn,SCONJ,wenn
de,3160,1,Block,NOUN,Block
de,3160,2,aber,ADV,aber
de,3160,3,nicht,PART,nicht
de,3160,4,fähig,ADV,fähig
de,3160,5,war,AUX,sein
de,3160,6,",",PUNCT,--
de,3160,7,das,PRON,der
de,3160,8,zu,PART,zu
de,3160,9,erkennen,VERB,erkennen
de,3160,10,oder,CCONJ,oder
de,3160,11,wenn,SCONJ,wenn
de,3160,12,er,PRON,er
de,3160,13,den,DET,der
de,3160,14,Advokaten,NOUN,Advokat
de,3160,15,so,ADV,so
de,3160,16,sehr,ADV,sehr
de,3160,17,fürchtete,VERB,fürchten
de,3160,18,",",PUNCT,--
de,3160,19,daß,SCONJ,daß
de,3160,20,ihm,PRON,ihm
de,3160,21,jene,DET,jener
de,3160,22,Erkenntnis,NOUN,Erkenntnis
de,3160,23,nichts,PRON,nichts
de,3160,24,helfen,VERB,helfen
de,3160,25,konnte,AUX,können
de,3160,26,",",PUNCT,--
de,3160,27,wie,ADV,wie
de,3160,28,kam,VERB,kommen
de,3160,29,es,PRON,es
de,3160,30,",",PUNCT,--
de,3160,31,daß,SCONJ,daß
de,3160,32,er,PRON,er
de,3160,33,doch,ADV,doch
de,3160,34,wieder,ADV,wieder
de,3160,35,so,ADV,so
de,3160,36,schlau,ADV,schlau
de,3160,37,oder,CCONJ,oder
de,3160,38,so,ADV,so
de,3160,39,kühn,ADV,kühn
de,3160,40,war,AUX,sein
de,3160,41,",",PUNCT,--
de,3160,42,den,DET,der
de,3160,43,Advokaten,NOUN,Advokat
de,3160,44,zu,PART,zu
de,3160,45,betrügen,VERB,betrügen
de,3160,46,und,CCONJ,und
de,3160,47,ihm,PRON,ihm
de,3160,48,zu,PART,zu
de,3160,49,verschweigen,VERB,verschweigen
de,3160,50,",",PUNCT,--
de,3160,51,daß,SCONJ,daß
de,3160,52,er,PRON,er
de,3160,53,außer,ADP,außer
de,3160,54,ihm,PRON,ihm
de,3160,55,noch,ADV,noch
de,3160,56,andere,ADJ,anderer
de,3160,57,Advokaten,NOUN,Advokat
de,3160,58,für,ADP,für
de,3160,59,sich,PRON,sich
de,3160,60,arbeiten,VERB,arbeiten
de,3160,61,ließ,VERB,lassen
de,3160,62,.,PUNCT,--
de,3165,0,Weiß,ADV,Weiß
de,3165,1,nichts,PRON,nichts
de,3165,2,und,CCONJ,und
de,3165,3,beschimpft,VERB,beschimpfen
de,3165,4,mich,PRON,mich
de,3165,5,",",PUNCT,--
de,3165,6,der,PRON,der
de,3165,7,ich,PRON,ich
de,3165,8,",",PUNCT,--
de,3165,9,soweit,SCONJ,soweit
de,3165,10,meine,DET,mein
de,3165,11,schwachen,ADJ,schwach
de,3165,12,Kräfte,NOUN,Kraft
de,3165,13,reichen,VERB,reichen
de,3165,14,",",PUNCT,--
de,3165,15,genau,ADV,genau
de,3165,16,studiert,VERB,studieren
de,3165,17,habe,AUX,haben
de,3165,18,",",PUNCT,--
de,3165,19,was,PRON,wer
de,3165,20,Anstand,NOUN,Anstand
de,3165,21,",",PUNCT,--
de,3165,22,Pflicht,NOUN,Pflicht
de,3165,23,und,CCONJ,und
de,3165,24,Gerichtsgebrauch,NOUN,Gerichtsgebrauch
de,3165,25,verlangt,VERB,verlangen
de,3165,26,.,PUNCT,--
de,3165,27,“,PUNCT,--
de,3181,0,Da,ADV,da
de,3181,1,beugte,VERB,beugen
de,3181,2,sich,PRON,sich
de,3181,3,Leni,PROPN,Leni
de,3181,4,über,ADP,über
de,3181,5,den,DET,der
de,3181,6,Advokaten,NOUN,Advokat
de,3181,7,hin,ADV,hin
de,3181,8,",",PUNCT,--
de,3181,9,der,DET,der
de,3181,10,schöne,ADJ,schön
de,3181,11,Wuchs,NOUN,Wuchs
de,3181,12,ihres,DET,ihr
de,3181,13,Körpers,NOUN,Körper
de,3181,14,wurde,AUX,werden
de,3181,15,sichtbar,ADV,sichtbar
de,3181,16,",",PUNCT,--
de,3181,17,als,SCONJ,als
de,3181,18,sie,PRON,sie
de,3181,19,sich,PRON,sich
de,3181,20,so,ADV,so
de,3181,21,streckte,VERB,strecken
de,3181,22,",",PUNCT,--
de,3181,23,und,CCONJ,und
de,3181,24,strich,VERB,Strich
de,3181,25,tief,ADV,tief
de,3181,26,zu,ADP,zu
de,3181,27,seinem,DET,sein
de,3181,28,Gesicht,NOUN,Gesicht
de,3181,29,geneigt,VERB,geneigen
de,3181,30,über,ADP,über
de,3181,31,sein,DET,sein
de,3181,32,langes,ADJ,lang
de,3181,33,weißes,ADJ,weiß
de,3181,34,Haar,NOUN,Haar
de,3181,35,.,PUNCT,--
de,3190,0,Ein,DET,ein
de,3190,1,alter,ADJ,alt
de,3190,2,Kaufmann,NOUN,Kaufmann
de,3190,3,",",PUNCT,--
de,3190,4,ein,DET,ein
de,3190,5,Mann,NOUN,Mann
de,3190,6,mit,ADP,mit
de,3190,7,langem,ADJ,lang
de,3190,8,Bart,NOUN,Bart
de,3190,9,flehte,VERB,flehen
de,3190,10,ein,DET,ein
de,3190,11,junges,ADJ,jung
de,3190,12,Mädchen,NOUN,Mädchen
de,3190,13,um,ADP,um
de,3190,14,ein,DET,ein
de,3190,15,günstiges,ADJ,günstig
de,3190,16,Zeugnis,NOUN,Zeugnis
de,3190,17,an,ADP,an
de,3190,18,.,PUNCT,--
de,3249,0,Es,PRON,es
de,3249,1,war,AUX,sein
de,3249,2,jetzt,ADV,jetzt
de,3249,3,das,DET,der
de,3249,4,erstemal,NOUN,erstemal
de,3249,5,",",PUNCT,--
de,3249,6,daß,SCONJ,daß
de,3249,7,sich,PRON,sich
de,3249,8,der,DET,der
de,3249,9,Advokat,NOUN,Advokat
de,3249,10,mit,ADP,mit
de,3249,11,ausführlicheren,ADJ,ausführlicher
de,3249,12,Worten,NOUN,Wort
de,3249,13,geradezu,ADV,geradezu
de,3249,14,an,ADP,an
de,3249,15,Block,NOUN,Block
de,3249,16,wendete,VERB,wenden
de,3249,17,.,PUNCT,--
de,3251,0,„,PUNCT,--
de,3251,1,Diese,DET,dieser
de,3251,2,Äußerung,NOUN,Äußerung
de,3251,3,des,DET,der
de,3251,4,Richters,NOUN,Richter
de,3251,5,hat,AUX,haben
de,3251,6,für,ADP,für
de,3251,7,dich,PRON,dich
de,3251,8,gar,ADV,gar
de,3251,9,keine,DET,kein
de,3251,10,Bedeutung,NOUN,Bedeutung
de,3251,11,",",PUNCT,--
de,3251,12,“,PUNCT,--
de,3251,13,sagte,VERB,sagen
de,3251,14,der,DET,der
de,3251,15,Advokat,NOUN,Advokat
de,3251,16,.,PUNCT,--
de,3266,0,Ein,DET,ein
de,3266,1,Meinungsunterschied,NOUN,Meinungsunterschied
de,3266,2,",",PUNCT,--
de,3266,3,nichts,PRON,nichts
de,3266,4,weiter,ADV,weiter
de,3266,5,.,PUNCT,--
de,3273,0,K.,PROPN,K.
de,3273,1,begriff,VERB,Begriff
de,3273,2,nicht,PART,nicht
de,3273,3,",",PUNCT,--
de,3273,4,wie,SCONJ,wie
de,3273,5,der,DET,der
de,3273,6,Advokat,NOUN,Advokat
de,3273,7,daran,ADV,daran
de,3273,8,hatte,AUX,haben
de,3273,9,denken,VERB,denken
de,3273,10,können,AUX,können
de,3273,11,",",PUNCT,--
de,3273,12,durch,ADP,durch
de,3273,13,diese,DET,dieser
de,3273,14,Vorführung,NOUN,Vorführung
de,3273,15,ihn,PRON,ihn
de,3273,16,zu,PART,zu
de,3273,17,gewinnen,VERB,gewinnen
de,3273,18,.,PUNCT,--
de,3284,0,Aus,ADP,aus
de,3284,1,diesem,DET,dieser
de,3284,2,Grunde,NOUN,Grund
de,3284,3,nahm,VERB,nehmen
de,3284,4,er,PRON,er
de,3284,5,solche,DET,solcher
de,3284,6,Aufträge,NOUN,Auftrag
de,3284,7,scheinbar,ADV,scheinbar
de,3284,8,gleichmütig,ADV,gleichmütig
de,3284,9,hin,ADV,hin
de,3284,10,und,CCONJ,und
de,3284,11,verschwieg,VERB,verschweigen
de,3284,12,sogar,ADV,sogar
de,3284,13,",",PUNCT,--
de,3284,14,als,SCONJ,als
de,3284,15,er,PRON,er
de,3284,16,eine,DET,ein
de,3284,17,anstrengende,ADJ,anstrengend
de,3284,18,zweitägige,ADJ,zweitägig
de,3284,19,Geschäftsreise,NOUN,Geschäftsreis
de,3284,20,machen,VERB,machen
de,3284,21,sollte,AUX,sollen
de,3284,22,",",PUNCT,--
de,3284,23,eine,DET,ein
de,3284,24,ernstliche,ADJ,ernstlich
de,3284,25,Verkühlung,NOUN,Verkühlung
de,3284,26,",",PUNCT,--
de,3284,27,um,SCONJ,um
de,3284,28,sich,PRON,sich
de,3284,29,nur,ADV,nur
de,3284,30,nicht,PART,nicht
de,3284,31,der,DET,der
de,3284,32,Gefahr,NOUN,Gefahr
de,3284,33,auszusetzen,VERB,aussetzen
de,3284,34,",",PUNCT,--
de,3284,35,mit,ADP,mit
de,3284,36,Berufung,NOUN,Berufung
de,3284,37,auf,ADP,auf
de,3284,38,das,DET,der
de,3284,39,gerade,ADV,gerade
de,3284,40,herrschende,ADJ,herrschend
de,3284,41,regnerische,ADJ,regnerisch
de,3284,42,Herbstwetter,NOUN,Herbstwetter
de,3284,43,von,ADP,von
de,3284,44,der,DET,der
de,3284,45,Reise,NOUN,Reise
de,3284,46,abgehalten,VERB,abhalten
de,3284,47,zu,PART,zu
de,3284,48,werden,AUX,werden
de,3284,49,.,PUNCT,--
de,3290,0,Nun,ADV,nun
de,3290,1,war,AUX,sein
de,3290,2,aber,ADV,aber
de,3290,3,der,DET,der
de,3290,4,Italiener,NOUN,Italiener
de,3290,5,",",PUNCT,--
de,3290,6,wie,SCONJ,wie
de,3290,7,man,PRON,man
de,3290,8,gerüchtweise,ADV,gerüchtweise
de,3290,9,erfahren,VERB,erfahren
de,3290,10,hatte,AUX,haben
de,3290,11,",",PUNCT,--
de,3290,12,ein,DET,ein
de,3290,13,Kunstliebhaber,NOUN,Kunstliebhaber
de,3290,14,und,CCONJ,und
de,3290,15,die,DET,der
de,3290,16,Wahl,NOUN,Wahl
de,3290,17,K.s,PROPN,K.s
de,3290,18,zu,ADP,zu
de,3290,19,seinem,DET,sein
de,3290,20,Begleiter,NOUN,Begleiter
de,3290,21,war,AUX,sein
de,3290,22,daher,ADV,daher
de,3290,23,selbstverständlich,ADV,selbstverständlich
de,3290,24,.,PUNCT,--
de,3291,0,Es,PRON,es
de,3291,1,war,AUX,sein
de,3291,2,ein,DET,ein
de,3291,3,sehr,ADV,sehr
de,3291,4,regnerischer,ADJ,regnerisch
de,3291,5,stürmischer,ADJ,stürmisch
de,3291,6,Morgen,NOUN,Morgen
de,3291,7,",",PUNCT,--
de,3291,8,als,SCONJ,als
de,3291,9,K.,PROPN,K.
de,3291,10,voll,ADP,voll
de,3291,11,Ärger,NOUN,Ärger
de,3291,12,über,ADP,über
de,3291,13,den,DET,der
de,3291,14,Tag,NOUN,Tag
de,3291,15,",",PUNCT,--
de,3291,16,der,PRON,der
de,3291,17,ihm,PRON,ihm
de,3291,18,bevorstand,VERB,bevorstehen
de,3291,19,",",PUNCT,--
de,3291,20,schon,ADV,schon
de,3291,21,um,ADP,um
de,3291,22,7,NUM,7
de,3291,23,Uhr,NOUN,Uhr
de,3291,24,ins,ADP,in
de,3291,25,Bureau,NOUN,Bureau
de,3291,26,kam,VERB,kommen
de,3291,27,",",PUNCT,--
de,3291,28,um,SCONJ,um
de,3291,29,wenigstens,ADV,wenigstens
de,3291,30,einige,DET,einiger
de,3291,31,Arbeit,NOUN,Arbeit
de,3291,32,noch,ADV,noch
de,3291,33,fertigzubringen,VERB,fertigzubringen
de,3291,34,",",PUNCT,--
de,3291,35,ehe,SCONJ,ehe
de,3291,36,der,DET,der
de,3291,37,Besuch,NOUN,Besuch
de,3291,38,ihn,PRON,ihn
de,3291,39,allem,PRON,alle
de,3291,40,entziehen,VERB,entziehen
de,3291,41,würde,AUX,werden
de,3291,42,.,PUNCT,--
de,3292,0,Er,PRON,er
de,3292,1,war,AUX,sein
de,3292,2,sehr,ADV,sehr
de,3292,3,müde,ADV,müde
de,3292,4,",",PUNCT,--
de,3292,5,denn,CCONJ,denn
de,3292,6,er,PRON,er
de,3292,7,hatte,AUX,haben
de,3292,8,die,DET,der
de,3292,9,halbe,ADJ,halb
de,3292,10,Nacht,NOUN,Nacht
de,3292,11,mit,ADP,mit
de,3292,12,dem,DET,der
de,3292,13,Studium,NOUN,Studium
de,3292,14,einer,DET,ein
de,3292,15,italienischen,ADJ,italienisch
de,3292,16,Grammatik,NOUN,Grammatik
de,3292,17,verbracht,VERB,verbringen
de,3292,18,",",PUNCT,--
de,3292,19,um,SCONJ,um
de,3292,20,sich,PRON,sich
de,3292,21,ein,DET,ein
de,3292,22,wenig,PRON,wenig
de,3292,23,vorzubereiten,VERB,vorbereiten
de,3292,24,",",PUNCT,--
de,3292,25,das,DET,der
de,3292,26,Fenster,NOUN,Fenster
de,3292,27,",",PUNCT,--
de,3292,28,an,ADP,an
de,3292,29,dem,PRON,der
de,3292,30,er,PRON,er
de,3292,31,in,ADP,in
de,3292,32,der,DET,der
de,3292,33,letzten,ADJ,letzter
de,3292,34,Zeit,NOUN,Zeit
de,3292,35,viel,ADV,viel
de,3292,36,zu,PART,zu
de,3292,37,oft,ADV,oft
de,3292,38,zu,PART,zu
de,3292,39,sitzen,VERB,sitzen
de,3292,40,pflegte,VERB,pflegen
de,3292,41,",",PUNCT,--
de,3292,42,lockte,VERB,locken
de,3292,43,ihn,PRON,ihn
de,3292,44,mehr,PRON,mehr
de,3292,45,als,ADP,als
de,3292,46,der,DET,der
de,3292,47,Schreibtisch,NOUN,Schreibtisch
de,3292,48,",",PUNCT,--
de,3292,49,aber,CCONJ,aber
de,3292,50,er,PRON,er
de,3292,51,widerstand,NOUN,Widerstand
de,3292,52,und,CCONJ,und
de,3292,53,setzte,VERB,setzen
de,3292,54,sich,PRON,sich
de,3292,55,zur,ADP,zu
de,3292,56,Arbeit,NOUN,Arbeit
de,3292,57,.,PUNCT,--
de,3303,0,Bei,ADP,bei
de,3303,1,solchen,DET,solcher
de,3303,2,Reden,NOUN,Rede
de,3303,3,aber,ADV,aber
de,3303,4,verwickelte,VERB,verwickeln
de,3303,5,er,PRON,er
de,3303,6,sich,PRON,sich
de,3303,7,regelmäßig,ADV,regelmäßig
de,3303,8,in,ADP,in
de,3303,9,irgendeinen,DET,irgendein
de,3303,10,Dialekt,NOUN,Dialekt
de,3303,11,",",PUNCT,--
de,3303,12,der,PRON,der
de,3303,13,für,ADP,für
de,3303,14,K.,PROPN,K.
de,3303,15,nichts,DET,nichts
de,3303,16,Italienisches,NOUN,Italienisches
de,3303,17,mehr,PRON,mehr
de,3303,18,hatte,VERB,haben
de,3303,19,",",PUNCT,--
de,3303,20,den,PRON,der
de,3303,21,aber,ADV,aber
de,3303,22,der,DET,der
de,3303,23,Direktor,NOUN,Direktor
de,3303,24,nicht,PART,nicht
de,3303,25,nur,ADV,nur
de,3303,26,verstand,VERB,verstehen
de,3303,27,",",PUNCT,--
de,3303,28,sondern,CCONJ,sondern
de,3303,29,auch,ADV,auch
de,3303,30,sprach,VERB,sprechen
de,3303,31,",",PUNCT,--
de,3303,32,was,PRON,was
de,3303,33,K.,PROPN,K.
de,3303,34,allerdings,ADV,allerdings
de,3303,35,hätte,AUX,haben
de,3303,36,voraussehn,ADV,Voraussehn
de,3303,37,können,AUX,können
de,3303,38,",",PUNCT,--
de,3303,39,denn,CCONJ,denn
de,3303,40,der,DET,der
de,3303,41,Italiener,NOUN,Italiener
de,3303,42,stammte,VERB,stammen
de,3303,43,aus,ADP,aus
de,3303,44,Süditalien,PROPN,Süditalien
de,3303,45,",",PUNCT,--
de,3303,46,wo,SCONJ,wo
de,3303,47,auch,ADV,auch
de,3303,48,der,DET,der
de,3303,49,Direktor,NOUN,Direktor
de,3303,50,einige,DET,einiger
de,3303,51,Jahre,NOUN,Jahr
de,3303,52,gewesen,AUX,sein
de,3303,53,war,AUX,sein
de,3303,54,.,PUNCT,--
de,3332,0,Der,DET,der
de,3332,1,Domplatz,NOUN,Domplatz
de,3332,2,war,AUX,sein
de,3332,3,ganz,ADV,ganz
de,3332,4,leer,ADV,leer
de,3332,5,",",PUNCT,--
de,3332,6,K.,PROPN,K.
de,3332,7,erinnerte,VERB,erinnern
de,3332,8,sich,PRON,sich
de,3332,9,",",PUNCT,--
de,3332,10,daß,SCONJ,daß
de,3332,11,es,PRON,es
de,3332,12,ihm,PRON,ihm
de,3332,13,schon,ADV,schon
de,3332,14,als,ADP,als
de,3332,15,kleinem,ADJ,klein
de,3332,16,Kind,NOUN,Kind
de,3332,17,aufgefallen,VERB,auffallen
de,3332,18,war,AUX,sein
de,3332,19,",",PUNCT,--
de,3332,20,daß,SCONJ,daß
de,3332,21,in,ADP,in
de,3332,22,den,DET,der
de,3332,23,Häusern,NOUN,Haus
de,3332,24,dieses,DET,dieser
de,3332,25,engen,ADJ,eng
de,3332,26,Platzes,NOUN,Platz
de,3332,27,immer,ADV,immer
de,3332,28,fast,ADV,fast
de,3332,29,alle,DET,aller
de,3332,30,Fenstervorhänge,NOUN,Fenstervorhang
de,3332,31,herabgelassen,VERB,herablassen
de,3332,32,waren,AUX,sein
de,3332,33,.,PUNCT,--
de,3334,0,Auch,ADV,auch
de,3334,1,im,ADP,in
de,3334,2,Dom,NOUN,Dom
de,3334,3,schien,VERB,scheinen
de,3334,4,es,PRON,es
de,3334,5,leer,ADV,leer
de,3334,6,zu,PART,zu
de,3334,7,sein,AUX,sein
de,3334,8,",",PUNCT,--
de,3334,9,es,PRON,es
de,3334,10,fiel,VERB,fallen
de,3334,11,natürlich,ADV,natürlich
de,3334,12,niemandem,PRON,niemand
de,3334,13,ein,ADV,ein
de,3334,14,",",PUNCT,--
de,3334,15,jetzt,ADV,jetzt
de,3334,16,hierherzukommen,VERB,hierherzukommen
de,3334,17,.,PUNCT,--
de,3335,0,K.,PROPN,K.
de,3335,1,durchlief,VERB,durchlaufen
de,3335,2,beide,DET,beide
de,3335,3,Seitenschiffe,NOUN,Seitenschiff
de,3335,4,",",PUNCT,--
de,3335,5,er,PRON,er
de,3335,6,traf,VERB,treffen
de,3335,7,nur,ADV,nur
de,3335,8,ein,DET,ein
de,3335,9,altes,ADJ,alt
de,3335,10,Weib,NOUN,Weib
de,3335,11,",",PUNCT,--
de,3335,12,das,DET,der
de,3335,13,eingehüllt,ADJ,eingehüllt
de,3335,14,in,ADP,in
de,3335,15,ein,DET,ein
de,3335,16,warmes,ADJ,warm
de,3335,17,Tuch,NOUN,Tuch
de,3335,18,vor,ADP,vor
de,3335,19,einem,DET,ein
de,3335,20,Marienbild,NOUN,Marienbild
de,3335,21,kniete,VERB,knien
de,3335,22,und,CCONJ,und
de,3335,23,es,PRON,es
de,3335,24,anblickte,VERB,anblicken
de,3335,25,.,PUNCT,--
de,3336,0,Von,ADP,von
de,3336,1,weitem,ADJ,weit
de,3336,2,sah,VERB,sehen
de,3336,3,er,PRON,er
de,3336,4,dann,ADV,dann
de,3336,5,noch,ADV,noch
de,3336,6,einen,DET,ein
de,3336,7,hinkenden,ADJ,hinkend
de,3336,8,Diener,NOUN,Diener
de,3336,9,in,ADP,in
de,3336,10,einer,DET,ein
de,3336,11,Mauertür,NOUN,Mauertür
de,3336,12,verschwinden,VERB,verschwinden
de,3336,13,.,PUNCT,--
de,3344,0,Um,SCONJ,um
de,3344,1,sich,PRON,sich
de,3344,2,zu,PART,zu
de,3344,3,zerstreuen,VERB,zerstreuen
de,3344,4,",",PUNCT,--
de,3344,5,schlug,VERB,schlagen
de,3344,6,er,PRON,er
de,3344,7,das,DET,der
de,3344,8,Album,NOUN,Album
de,3344,9,auf,ADP,auf
de,3344,10,",",PUNCT,--
de,3344,11,blätterte,VERB,blättern
de,3344,12,darin,ADV,darin
de,3344,13,ein,DET,ein
de,3344,14,wenig,PRON,wenig
de,3344,15,",",PUNCT,--
de,3344,16,mußte,AUX,müssen
de,3344,17,aber,ADV,aber
de,3344,18,bald,ADV,bald
de,3344,19,aufhören,VERB,aufhören
de,3344,20,",",PUNCT,--
de,3344,21,denn,CCONJ,denn
de,3344,22,es,PRON,es
de,3344,23,wurde,AUX,werden
de,3344,24,so,ADV,so
de,3344,25,dunkel,ADV,dunkel
de,3344,26,",",PUNCT,--
de,3344,27,daß,SCONJ,daß
de,3344,28,er,PRON,er
de,3344,29,",",PUNCT,--
de,3344,30,als,SCONJ,als
de,3344,31,er,PRON,er
de,3344,32,aufblickte,VERB,aufblicken
de,3344,33,",",PUNCT,--
de,3344,34,in,ADP,in
de,3344,35,dem,DET,der
de,3344,36,nahen,ADJ,nah
de,3344,37,Seitenschiff,NOUN,Seitenschiff
de,3344,38,kaum,ADV,kaum
de,3344,39,eine,DET,ein
de,3344,40,Einzelheit,NOUN,Einzelheit
de,3344,41,unterscheiden,VERB,unterscheiden
de,3344,42,konnte,AUX,können
de,3344,43,.,PUNCT,--
de,3353,0,Das,DET,der
de,3353,1,Erste,NOUN,erster
de,3353,2,",",PUNCT,--
de,3353,3,was,PRON,wer
de,3353,4,K.,PROPN,K.
de,3353,5,sah,VERB,sehen
de,3353,6,und,CCONJ,und
de,3353,7,zum,ADP,zu
de,3353,8,Teil,NOUN,Teil
de,3353,9,erriet,VERB,erriet
de,3353,10,",",PUNCT,--
de,3353,11,war,AUX,sein
de,3353,12,ein,DET,ein
de,3353,13,großer,ADJ,groß
de,3353,14,gepanzerter,ADJ,gepanzert
de,3353,15,Ritter,NOUN,Ritter
de,3353,16,",",PUNCT,--
de,3353,17,der,PRON,der
de,3353,18,am,ADP,an
de,3353,19,äußersten,ADJ,äußerer
de,3353,20,Rande,NOUN,Rand
de,3353,21,des,DET,der
de,3353,22,Bildes,NOUN,Bild
de,3353,23,dargestellt,VERB,darstellen
de,3353,24,war,AUX,sein
de,3353,25,.,PUNCT,--
de,3405,0,K.,PROPN,K.
de,3405,1,war,AUX,sein
de,3405,2,ein,DET,ein
de,3405,3,großes,ADJ,groß
de,3405,4,Stück,NOUN,Stück
de,3405,5,zurückgewichen,VERB,zurückgewichen
de,3405,6,und,CCONJ,und
de,3405,7,lehnte,VERB,lehnen
de,3405,8,mit,ADP,mit
de,3405,9,den,DET,der
de,3405,10,Ellbogen,NOUN,Ellbogen
de,3405,11,an,ADP,an
de,3405,12,der,DET,der
de,3405,13,vordersten,ADJ,vorderster
de,3405,14,Kirchenbank,NOUN,Kirchenbank
de,3405,15,.,PUNCT,--
de,3480,0,„,PUNCT,--
de,3480,1,Bist,AUX,Bist
de,3480,2,du,PRON,du
de,3480,3,mir,PRON,mir
de,3480,4,böse,ADV,böse
de,3480,5,",",PUNCT,--
de,3480,6,“,PUNCT,--
de,3480,7,fragte,VERB,fragen
de,3480,8,K.,PROPN,K.
de,3480,9,den,DET,der
de,3480,10,Geistlichen,NOUN,geistliche
de,3480,11,.,PUNCT,--
de,3481,0,„,PUNCT,--
de,3481,1,Du,PRON,du
de,3481,2,weißt,VERB,weißen
de,3481,3,vielleicht,ADV,vielleicht
de,3481,4,nicht,PART,nicht
de,3481,5,",",PUNCT,--
de,3481,6,was,PRON,was
de,3481,7,für,ADP,für
de,3481,8,einem,DET,ein
de,3481,9,Gericht,NOUN,Gericht
de,3481,10,du,PRON,du
de,3481,11,dienst,NOUN,Dienst
de,3481,12,.,PUNCT,--
de,3481,13,“,PUNCT,--
de,3494,0,Wußte,VERB,Wußte
de,3494,1,aber,ADV,aber
de,3494,2,der,DET,der
de,3494,3,Geistliche,NOUN,geistliche
de,3494,4,eine,DET,ein
de,3494,5,solche,DET,solcher
de,3494,6,Möglichkeit,NOUN,Möglichkeit
de,3494,7,",",PUNCT,--
de,3494,8,würde,AUX,werden
de,3494,9,er,PRON,er
de,3494,10,sie,PRON,sie
de,3494,11,vielleicht,ADV,vielleicht
de,3494,12,",",PUNCT,--
de,3494,13,wenn,SCONJ,wenn
de,3494,14,man,PRON,man
de,3494,15,ihn,PRON,ihn
de,3494,16,darum,ADV,darum
de,3494,17,bat,VERB,bitten
de,3494,18,",",PUNCT,--
de,3494,19,verraten,VERB,verraten
de,3494,20,",",PUNCT,--
de,3494,21,trotzdem,ADV,trotzdem
de,3494,22,er,PRON,er
de,3494,23,selbst,ADV,selbst
de,3494,24,zum,ADP,zu
de,3494,25,Gerichte,NOUN,Gericht
de,3494,26,gehörte,VERB,gehören
de,3494,27,und,CCONJ,und
de,3494,28,trotzdem,ADV,trotzdem
de,3494,29,er,PRON,er
de,3494,30,",",PUNCT,--
de,3494,31,als,SCONJ,als
de,3494,32,K.,PROPN,K.
de,3494,33,das,DET,der
de,3494,34,Gericht,NOUN,Gericht
de,3494,35,angegriffen,VERB,angreifen
de,3494,36,hatte,AUX,haben
de,3494,37,",",PUNCT,--
de,3494,38,sein,DET,sein
de,3494,39,sanftes,ADJ,sanft
de,3494,40,Wesen,NOUN,Wesen
de,3494,41,unterdrückt,VERB,unterdrücken
de,3494,42,und,CCONJ,und
de,3494,43,K.,PROPN,K.
de,3494,44,sogar,ADV,sogar
de,3494,45,angeschrien,VERB,angeschrien
de,3494,46,hatte,AUX,haben
de,3494,47,.,PUNCT,--
de,3501,0,Der,DET,der
de,3501,1,Geistliche,NOUN,geistliche
de,3501,2,streckte,VERB,strecken
de,3501,3,ihm,PRON,ihm
de,3501,4,schon,ADV,schon
de,3501,5,von,ADP,von
de,3501,6,einer,DET,ein
de,3501,7,obern,ADJ,ober
de,3501,8,Stufe,NOUN,Stufe
de,3501,9,im,ADP,in
de,3501,10,Hinuntergehn,PROPN,Hinuntergehn
de,3501,11,die,DET,der
de,3501,12,Hand,NOUN,Hand
de,3501,13,entgegen,ADP,entgegen
de,3501,14,.,PUNCT,--
de,3520,0,Schon,ADV,schon
de,3520,1,den,DET,der
de,3520,2,Anblick,NOUN,Anblick
de,3520,3,des,DET,der
de,3520,4,dritten,PRON,dritter
de,3520,5,kann,AUX,können
de,3520,6,nicht,PART,nicht
de,3520,7,einmal,ADV,einmal
de,3520,8,ich,PRON,ich
de,3520,9,mehr,ADV,mehr
de,3520,10,vertragen,VERB,vertragen
de,3520,11,.,PUNCT,--
de,3520,12,“,PUNCT,--
de,3546,0,Von,ADP,von
de,3546,1,Täuschung,NOUN,Täuschung
de,3546,2,steht,VERB,stehen
de,3546,3,darin,ADV,darin
de,3546,4,nichts,PRON,nichts
de,3546,5,.,PUNCT,--
de,3546,6,“,PUNCT,--
de,3567,0,Die,DET,der
de,3567,1,Erklärer,NOUN,Erklärer
de,3567,2,sagen,VERB,sagen
de,3567,3,hierzu,ADV,hierzu
de,3567,4,:,PUNCT,--
de,3572,0,Die,DET,der
de,3572,1,Geduld,NOUN,Geduld
de,3572,2,",",PUNCT,--
de,3572,3,mit,ADP,mit
de,3572,4,der,PRON,der
de,3572,5,er,PRON,er
de,3572,6,durch,ADP,durch
de,3572,7,alle,DET,alle
de,3572,8,die,DET,der
de,3572,9,Jahre,NOUN,Jahr
de,3572,10,die,DET,der
de,3572,11,Bitten,NOUN,Bitte
de,3572,12,des,DET,der
de,3572,13,Mannes,NOUN,Mann
de,3572,14,erträgt,VERB,ertragen
de,3572,15,",",PUNCT,--
de,3572,16,die,DET,der
de,3572,17,kleinen,ADJ,klein
de,3572,18,Verhöre,NOUN,Verhöre
de,3572,19,",",PUNCT,--
de,3572,20,die,DET,der
de,3572,21,Annahme,NOUN,Annahme
de,3572,22,der,DET,der
de,3572,23,Geschenke,NOUN,Geschenk
de,3572,24,",",PUNCT,--
de,3572,25,die,DET,der
de,3572,26,Vornehmheit,NOUN,Vornehmheit
de,3572,27,",",PUNCT,--
de,3572,28,mit,ADP,mit
de,3572,29,der,PRON,der
de,3572,30,er,PRON,er
de,3572,31,es,PRON,es
de,3572,32,zuläßt,VERB,zulassen
de,3572,33,",",PUNCT,--
de,3572,34,daß,SCONJ,daß
de,3572,35,der,DET,der
de,3572,36,Mann,NOUN,Mann
de,3572,37,neben,ADP,neben
de,3572,38,ihm,PRON,ihm
de,3572,39,laut,ADP,laut
de,3572,40,den,DET,der
de,3572,41,unglücklichen,ADJ,unglücklich
de,3572,42,Zufall,NOUN,Zufall
de,3572,43,verflucht,VERB,verfluchen
de,3572,44,",",PUNCT,--
de,3572,45,der,PRON,der
de,3572,46,den,DET,der
de,3572,47,Türhüter,NOUN,Türhüter
de,3572,48,hier,ADV,hier
de,3572,49,aufgestellt,VERB,aufstellen
de,3572,50,hat,AUX,haben
de,3572,51,—,PUNCT,--
de,3572,52,alles,PRON,alle
de,3572,53,dieses,PRON,dieser
de,3572,54,läßt,VERB,lassen
de,3572,55,auf,ADP,auf
de,3572,56,Regungen,NOUN,Regung
de,3572,57,des,DET,der
de,3572,58,Mitleids,NOUN,Mitleid
de,3572,59,schließen,VERB,schließen
de,3572,60,.,PUNCT,--
de,3577,0,Jedenfalls,ADV,jedenfalls
de,3577,1,schließt,VERB,schließen
de,3577,2,sich,PRON,sich
de,3577,3,so,ADV,so
de,3577,4,die,DET,der
de,3577,5,Gestalt,NOUN,Gestalt
de,3577,6,des,DET,der
de,3577,7,Türhüters,NOUN,Türhüter
de,3577,8,anders,ADV,anders
de,3577,9,ab,ADP,ab
de,3577,10,",",PUNCT,--
de,3577,11,als,SCONJ,als
de,3577,12,du,PRON,du
de,3577,13,es,PRON,es
de,3577,14,glaubst,ADV,glaubst
de,3577,15,.,PUNCT,--
de,3577,16,“,PUNCT,--
de,3579,0,Dann,ADV,dann
de,3579,1,sagte,VERB,sagen
de,3579,2,K.,PROPN,K.
de,3579,3,:,PUNCT,--
de,3579,4,„,PUNCT,--
de,3579,5,Du,PRON,du
de,3579,6,glaubst,ADV,glaubst
de,3579,7,also,ADV,also
de,3579,8,",",PUNCT,--
de,3579,9,der,DET,der
de,3579,10,Mann,NOUN,Mann
de,3579,11,wurde,AUX,werden
de,3579,12,nicht,PART,nicht
de,3579,13,getäuscht,VERB,täuschen
de,3579,14,?,PUNCT,--
de,3579,15,“,PUNCT,--
de,3592,0,Es,PRON,es
de,3592,1,könnte,AUX,können
de,3592,2,ihm,PRON,ihm
de,3592,3,verboten,VERB,verbieten
de,3592,4,sein,AUX,sein
de,3592,5,",",PUNCT,--
de,3592,6,aber,CCONJ,aber
de,3592,7,auch,ADV,auch
de,3592,8,vom,ADP,von
de,3592,9,Verbot,NOUN,Verbot
de,3592,10,hat,AUX,haben
de,3592,11,er,PRON,er
de,3592,12,nichts,PRON,nichts
de,3592,13,erzählt,VERB,erzählen
de,3592,14,.,PUNCT,--
de,3621,0,Wie,SCONJ,wie
de,3621,1,er,PRON,er
de,3621,2,uns,PRON,uns
de,3621,3,auch,ADV,auch
de,3621,4,erscheinen,VERB,erscheinen
de,3621,5,mag,AUX,mögen
de,3621,6,",",PUNCT,--
de,3621,7,so,ADV,so
de,3621,8,ist,AUX,sein
de,3621,9,er,PRON,er
de,3621,10,doch,ADV,doch
de,3621,11,ein,DET,ein
de,3621,12,Diener,NOUN,Diener
de,3621,13,des,DET,der
de,3621,14,Gesetzes,NOUN,Gesetz
de,3621,15,",",PUNCT,--
de,3621,16,also,ADV,also
de,3621,17,zum,ADP,zu
de,3621,18,Gesetz,NOUN,Gesetz
de,3621,19,gehörig,ADV,gehörig
de,3621,20,",",PUNCT,--
de,3621,21,also,ADV,also
de,3621,22,dem,DET,der
de,3621,23,menschlichen,ADJ,menschlich
de,3621,24,Urteil,NOUN,Urteil
de,3621,25,entrückt,VERB,entrücken
de,3621,26,.,PUNCT,--
de,3622,0,Man,PRON,man
de,3622,1,darf,AUX,dürfen
de,3622,2,dann,ADV,dann
de,3622,3,auch,ADV,auch
de,3622,4,nicht,PART,nicht
de,3622,5,glauben,VERB,glauben
de,3622,6,",",PUNCT,--
de,3622,7,daß,SCONJ,daß
de,3622,8,der,DET,der
de,3622,9,Türhüter,NOUN,Türhüter
de,3622,10,dem,DET,der
de,3622,11,Manne,NOUN,Manne
de,3622,12,untergeordnet,VERB,untergeordnet
de,3622,13,ist,AUX,sein
de,3622,14,.,PUNCT,--
de,3631,0,Er,PRON,er
de,3631,1,war,AUX,sein
de,3631,2,zu,PART,zu
de,3631,3,müde,ADV,müde
de,3631,4,",",PUNCT,--
de,3631,5,um,SCONJ,um
de,3631,6,alle,DET,aller
de,3631,7,Folgerungen,NOUN,Folgerung
de,3631,8,der,DET,der
de,3631,9,Geschichte,NOUN,Geschichte
de,3631,10,übersehn,ADV,übersehn
de,3631,11,zu,PART,zu
de,3631,12,können,AUX,können
de,3631,13,",",PUNCT,--
de,3631,14,es,PRON,es
de,3631,15,waren,AUX,sein
de,3631,16,auch,ADV,auch
de,3631,17,ungewohnte,ADJ,ungewohnt
de,3631,18,Gedankengänge,NOUN,Gedankengäng
de,3631,19,",",PUNCT,--
de,3631,20,in,ADP,in
de,3631,21,die,PRON,der
de,3631,22,sie,PRON,sie
de,3631,23,ihn,PRON,ihn
de,3631,24,führte,VERB,führen
de,3631,25,",",PUNCT,--
de,3631,26,unwirkliche,ADJ,unwirklich
de,3631,27,Dinge,NOUN,Ding
de,3631,28,",",PUNCT,--
de,3631,29,besser,ADV,gut
de,3631,30,geeignet,ADV,eignen
de,3631,31,zur,ADP,zu
de,3631,32,Besprechung,NOUN,Besprechung
de,3631,33,für,ADP,für
de,3631,34,die,DET,der
de,3631,35,Gesellschaft,NOUN,Gesellschaft
de,3631,36,der,DET,der
de,3631,37,Gerichtsbeamten,NOUN,Gerichtsbeamt
de,3631,38,als,ADP,als
de,3631,39,für,ADP,für
de,3631,40,ihn,PRON,ihn
de,3631,41,.,PUNCT,--
de,3648,0,„,PUNCT,--
de,3648,1,Du,PRON,du
de,3648,2,mußt,VERB,mußt
de,3648,3,doch,ADV,doch
de,3648,4,fortgehn,ADV,fortgehn
de,3648,5,",",PUNCT,--
de,3648,6,“,PUNCT,--
de,3648,7,sagte,VERB,sagen
de,3648,8,der,DET,der
de,3648,9,Geistliche,NOUN,geistliche
de,3648,10,.,PUNCT,--
de,3654,0,Das,DET,der
de,3654,1,Gericht,NOUN,Gericht
de,3654,2,will,AUX,wollen
de,3654,3,nichts,PRON,nichts
de,3654,4,von,ADP,von
de,3654,5,dir,PRON,dir
de,3654,6,.,PUNCT,--
de,3680,0,Es,PRON,es
de,3680,1,war,AUX,sein
de,3680,2,eine,DET,ein
de,3680,3,Einheit,NOUN,Einheit
de,3680,4,",",PUNCT,--
de,3680,5,wie,SCONJ,wie
de,3680,6,sie,PRON,sie
de,3680,7,fast,ADV,fast
de,3680,8,nur,ADV,nur
de,3680,9,Lebloses,NOUN,Lebloses
de,3680,10,bilden,VERB,bilden
de,3680,11,kann,AUX,können
de,3680,12,.,PUNCT,--
de,3717,0,Öfters,ADV,Öfters
de,3717,1,drehte,VERB,drehen
de,3717,2,er,PRON,er
de,3717,3,sich,PRON,sich
de,3717,4,vorsichtig,ADV,vorsichtig
de,3717,5,um,ADP,um
de,3717,6,",",PUNCT,--
de,3717,7,ob,SCONJ,ob
de,3717,8,der,DET,der
de,3717,9,Polizeimann,NOUN,Polizeimann
de,3717,10,nicht,PART,nicht
de,3717,11,folge,VERB,folge
de,3717,12,;,PUNCT,--
de,3717,13,als,SCONJ,als
de,3717,14,sie,PRON,sie
de,3717,15,aber,ADV,aber
de,3717,16,eine,DET,ein
de,3717,17,Ecke,NOUN,Ecke
de,3717,18,zwischen,ADP,zwischen
de,3717,19,sich,PRON,sich
de,3717,20,und,CCONJ,und
de,3717,21,dem,DET,der
de,3717,22,Polizeimann,NOUN,Polizeimann
de,3717,23,hatten,VERB,haben
de,3717,24,",",PUNCT,--
de,3717,25,fing,VERB,fing
de,3717,26,K.,PROPN,K.
de,3717,27,zu,PART,zu
de,3717,28,laufen,VERB,laufen
de,3717,29,an,ADP,an
de,3717,30,",",PUNCT,--
de,3717,31,die,DET,der
de,3717,32,Herren,NOUN,Herr
de,3717,33,mußten,AUX,müssen
de,3717,34,trotz,ADP,trotz
de,3717,35,großer,ADJ,groß
de,3717,36,Atemnot,NOUN,Atemnot
de,3717,37,auch,ADV,auch
de,3717,38,mit,ADP,mit
de,3717,39,laufen,VERB,laufen
de,3717,40,.,PUNCT,--
de,3748,0,Gab,VERB,Gab
de,3748,1,es,PRON,es
de,3748,2,Einwände,NOUN,Einwand
de,3748,3,",",PUNCT,--
de,3748,4,die,PRON,der
de,3748,5,man,PRON,man
de,3748,6,vergessen,VERB,vergessen
de,3748,7,hatte,AUX,haben
de,3748,8,?,PUNCT,--
